driver_id,car_id,shift_start,shift_end
D6,C1,2025-01-01 08:59:00,2025-01-01 15:59:00
D27,C2,2025-01-01 08:31:00,2025-01-01 17:31:00
D26,C3,2025-01-01 08:57:00,2025-01-01 14:57:00
D25,C4,2025-01-01 08:00:00,2025-01-01 17:00:00
D30,C5,2025-01-01 08:27:00,2025-01-01 17:27:00
D19,C5,2025-01-01 08:09:00,2025-01-01 15:09:00
D14,C6,2025-01-01 08:37:00,2025-01-01 14:37:00
D4,C6,2025-01-01 08:47:00,2025-01-01 16:47:00
D4,C7,2025-01-01 08:37:00,2025-01-01 17:37:00
D4,C8,2025-01-01 08:32:00,2025-01-01 14:32:00
D5,C9,2025-01-01 08:38:00,2025-01-01 14:38:00
D26,C10,2025-01-01 08:07:00,2025-01-01 15:07:00
D40,C11,2025-01-01 08:05:00,2025-01-01 17:05:00
D17,C12,2025-01-01 08:42:00,2025-01-01 16:42:00
D14,C12,2025-01-01 08:15:00,2025-01-01 16:15:00
D9,C13,2025-01-01 08:41:00,2025-01-01 16:41:00
D43,C13,2025-01-01 08:29:00,2025-01-01 16:29:00
D1,C14,2025-01-01 08:29:00,2025-01-01 14:29:00
D35,C15,2025-01-01 08:13:00,2025-01-01 16:13:00
D23,C16,2025-01-01 08:56:00,2025-01-01 14:56:00
D24,C17,2025-01-01 08:18:00,2025-01-01 15:18:00
D35,C18,2025-01-01 08:19:00,2025-01-01 14:19:00
D46,C18,2025-01-01 08:42:00,2025-01-01 16:42:00
D9,C19,2025-01-01 08:16:00,2025-01-01 14:16:00
D48,C20,2025-01-01 08:35:00,2025-01-01 15:35:00
D19,C21,2025-01-01 08:13:00,2025-01-01 16:13:00
D39,C21,2025-01-01 08:13:00,2025-01-01 16:13:00
D17,C22,2025-01-01 08:05:00,2025-01-01 17:05:00
D4,C22,2025-01-01 08:53:00,2025-01-01 16:53:00
D1,C23,2025-01-01 08:21:00,2025-01-01 15:21:00
D11,C24,2025-01-01 08:28:00,2025-01-01 17:28:00
D48,C24,2025-01-01 08:35:00,2025-01-01 14:35:00
D5,C25,2025-01-01 09:00:00,2025-01-01 16:00:00
D24,C1,2025-01-02 08:37:00,2025-01-02 15:37:00
D9,C2,2025-01-02 08:19:00,2025-01-02 16:19:00
D3,C2,2025-01-02 08:57:00,2025-01-02 14:57:00
D14,C3,2025-01-02 08:15:00,2025-01-02 14:15:00
D44,C3,2025-01-02 08:22:00,2025-01-02 17:22:00
D16,C4,2025-01-02 08:55:00,2025-01-02 15:55:00
D27,C5,2025-01-02 08:01:00,2025-01-02 15:01:00
D27,C6,2025-01-02 08:55:00,2025-01-02 15:55:00
D43,C6,2025-01-02 08:17:00,2025-01-02 15:17:00
D25,C7,2025-01-02 08:55:00,2025-01-02 14:55:00
D15,C8,2025-01-02 08:52:00,2025-01-02 17:52:00
D13,C8,2025-01-02 08:22:00,2025-01-02 16:22:00
D15,C9,2025-01-02 08:01:00,2025-01-02 15:01:00
D22,C10,2025-01-02 08:55:00,2025-01-02 14:55:00
D18,C10,2025-01-02 08:49:00,2025-01-02 16:49:00
D42,C11,2025-01-02 08:25:00,2025-01-02 16:25:00
D33,C11,2025-01-02 09:00:00,2025-01-02 15:00:00
D17,C12,2025-01-02 08:11:00,2025-01-02 16:11:00
D7,C13,2025-01-02 08:38:00,2025-01-02 17:38:00
D47,C14,2025-01-02 08:27:00,2025-01-02 14:27:00
D21,C14,2025-01-02 08:24:00,2025-01-02 15:24:00
D3,C15,2025-01-02 08:27:00,2025-01-02 14:27:00
D46,C15,2025-01-02 08:33:00,2025-01-02 15:33:00
D28,C16,2025-01-02 09:00:00,2025-01-02 17:00:00
D5,C16,2025-01-02 08:39:00,2025-01-02 16:39:00
D47,C17,2025-01-02 08:57:00,2025-01-02 16:57:00
D43,C18,2025-01-02 08:20:00,2025-01-02 17:20:00
D27,C18,2025-01-02 08:44:00,2025-01-02 16:44:00
D13,C19,2025-01-02 08:26:00,2025-01-02 17:26:00
D40,C20,2025-01-02 08:36:00,2025-01-02 16:36:00
D36,C21,2025-01-02 08:19:00,2025-01-02 16:19:00
D1,C21,2025-01-02 08:13:00,2025-01-02 17:13:00
D30,C22,2025-01-02 08:28:00,2025-01-02 15:28:00
D29,C22,2025-01-02 08:32:00,2025-01-02 17:32:00
D43,C23,2025-01-02 08:05:00,2025-01-02 16:05:00
D6,C24,2025-01-02 08:15:00,2025-01-02 16:15:00
D49,C24,2025-01-02 08:14:00,2025-01-02 15:14:00
D2,C25,2025-01-02 08:02:00,2025-01-02 15:02:00
D40,C1,2025-01-03 08:04:00,2025-01-03 17:04:00
D50,C1,2025-01-03 08:26:00,2025-01-03 15:26:00
D32,C2,2025-01-03 08:15:00,2025-01-03 15:15:00
D26,C2,2025-01-03 08:41:00,2025-01-03 14:41:00
D50,C3,2025-01-03 08:27:00,2025-01-03 15:27:00
D45,C4,2025-01-03 08:33:00,2025-01-03 17:33:00
D36,C5,2025-01-03 08:15:00,2025-01-03 14:15:00
D9,C6,2025-01-03 08:42:00,2025-01-03 16:42:00
D30,C6,2025-01-03 09:00:00,2025-01-03 18:00:00
D36,C7,2025-01-03 08:57:00,2025-01-03 15:57:00
D29,C7,2025-01-03 08:47:00,2025-01-03 17:47:00
D17,C8,2025-01-03 08:15:00,2025-01-03 16:15:00
D49,C8,2025-01-03 08:49:00,2025-01-03 17:49:00
D18,C9,2025-01-03 08:28:00,2025-01-03 14:28:00
D16,C10,2025-01-03 08:21:00,2025-01-03 16:21:00
D18,C10,2025-01-03 08:57:00,2025-01-03 14:57:00
D10,C11,2025-01-03 08:14:00,2025-01-03 17:14:00
D46,C12,2025-01-03 08:13:00,2025-01-03 14:13:00
D27,C13,2025-01-03 08:34:00,2025-01-03 17:34:00
D22,C13,2025-01-03 08:26:00,2025-01-03 14:26:00
D27,C14,2025-01-03 08:24:00,2025-01-03 14:24:00
D31,C15,2025-01-03 09:00:00,2025-01-03 17:00:00
D1,C15,2025-01-03 08:19:00,2025-01-03 17:19:00
D35,C16,2025-01-03 08:47:00,2025-01-03 15:47:00
D48,C16,2025-01-03 08:31:00,2025-01-03 15:31:00
D28,C17,2025-01-03 08:01:00,2025-01-03 17:01:00
D32,C17,2025-01-03 08:21:00,2025-01-03 17:21:00
D30,C18,2025-01-03 08:58:00,2025-01-03 15:58:00
D26,C19,2025-01-03 08:37:00,2025-01-03 14:37:00
D42,C20,2025-01-03 08:27:00,2025-01-03 15:27:00
D12,C21,2025-01-03 08:16:00,2025-01-03 17:16:00
D4,C21,2025-01-03 08:20:00,2025-01-03 15:20:00
D21,C22,2025-01-03 08:48:00,2025-01-03 17:48:00
D22,C22,2025-01-03 08:17:00,2025-01-03 17:17:00
D6,C23,2025-01-03 08:01:00,2025-01-03 14:01:00
D31,C23,2025-01-03 09:00:00,2025-01-03 17:00:00
D42,C24,2025-01-03 08:04:00,2025-01-03 14:04:00
D16,C25,2025-01-03 08:12:00,2025-01-03 14:12:00
D16,C1,2025-01-04 08:08:00,2025-01-04 17:08:00
D37,C2,2025-01-04 09:00:00,2025-01-04 16:00:00
D45,C3,2025-01-04 08:49:00,2025-01-04 16:49:00
D17,C3,2025-01-04 08:10:00,2025-01-04 14:10:00
D20,C4,2025-01-04 08:06:00,2025-01-04 14:06:00
D37,C5,2025-01-04 08:58:00,2025-01-04 17:58:00
D44,C5,2025-01-04 08:25:00,2025-01-04 15:25:00
D38,C6,2025-01-04 08:44:00,2025-01-04 15:44:00
D45,C7,2025-01-04 08:49:00,2025-01-04 16:49:00
D37,C8,2025-01-04 08:50:00,2025-01-04 14:50:00
D35,C9,2025-01-04 08:42:00,2025-01-04 16:42:00
D28,C9,2025-01-04 08:04:00,2025-01-04 16:04:00
D27,C10,2025-01-04 08:52:00,2025-01-04 17:52:00
D28,C11,2025-01-04 08:23:00,2025-01-04 17:23:00
D28,C12,2025-01-04 08:11:00,2025-01-04 16:11:00
D30,C13,2025-01-04 08:52:00,2025-01-04 16:52:00
D28,C13,2025-01-04 08:20:00,2025-01-04 15:20:00
D18,C14,2025-01-04 08:56:00,2025-01-04 17:56:00
D49,C15,2025-01-04 08:29:00,2025-01-04 17:29:00
D2,C16,2025-01-04 08:54:00,2025-01-04 16:54:00
D32,C16,2025-01-04 08:11:00,2025-01-04 17:11:00
D23,C17,2025-01-04 08:51:00,2025-01-04 16:51:00
D18,C18,2025-01-04 08:44:00,2025-01-04 16:44:00
D39,C18,2025-01-04 08:35:00,2025-01-04 14:35:00
D6,C19,2025-01-04 08:15:00,2025-01-04 17:15:00
D36,C20,2025-01-04 08:15:00,2025-01-04 17:15:00
D49,C20,2025-01-04 08:41:00,2025-01-04 17:41:00
D2,C21,2025-01-04 08:18:00,2025-01-04 15:18:00
D6,C21,2025-01-04 08:25:00,2025-01-04 15:25:00
D43,C22,2025-01-04 08:23:00,2025-01-04 17:23:00
D38,C22,2025-01-04 08:35:00,2025-01-04 16:35:00
D48,C23,2025-01-04 08:21:00,2025-01-04 16:21:00
D36,C23,2025-01-04 08:44:00,2025-01-04 17:44:00
D20,C24,2025-01-04 08:14:00,2025-01-04 14:14:00
D17,C24,2025-01-04 08:46:00,2025-01-04 15:46:00
D8,C25,2025-01-04 08:34:00,2025-01-04 15:34:00
D48,C25,2025-01-04 08:12:00,2025-01-04 15:12:00
D18,C1,2025-01-05 08:37:00,2025-01-05 16:37:00
D47,C1,2025-01-05 08:06:00,2025-01-05 15:06:00
D15,C2,2025-01-05 08:11:00,2025-01-05 16:11:00
D24,C2,2025-01-05 08:00:00,2025-01-05 15:00:00
D3,C3,2025-01-05 08:35:00,2025-01-05 16:35:00
D4,C3,2025-01-05 08:44:00,2025-01-05 15:44:00
D7,C4,2025-01-05 08:36:00,2025-01-05 16:36:00
D1,C4,2025-01-05 08:30:00,2025-01-05 17:30:00
D22,C5,2025-01-05 08:03:00,2025-01-05 16:03:00
D12,C5,2025-01-05 09:00:00,2025-01-05 18:00:00
D5,C6,2025-01-05 08:25:00,2025-01-05 17:25:00
D37,C7,2025-01-05 08:40:00,2025-01-05 14:40:00
D10,C8,2025-01-05 08:51:00,2025-01-05 16:51:00
D16,C9,2025-01-05 08:07:00,2025-01-05 17:07:00
D50,C10,2025-01-05 08:33:00,2025-01-05 17:33:00
D29,C11,2025-01-05 08:55:00,2025-01-05 17:55:00
D20,C11,2025-01-05 08:19:00,2025-01-05 14:19:00
D49,C12,2025-01-05 08:13:00,2025-01-05 15:13:00
D43,C13,2025-01-05 08:10:00,2025-01-05 15:10:00
D6,C13,2025-01-05 08:11:00,2025-01-05 14:11:00
D1,C14,2025-01-05 08:26:00,2025-01-05 17:26:00
D19,C15,2025-01-05 08:14:00,2025-01-05 16:14:00
D3,C15,2025-01-05 08:45:00,2025-01-05 16:45:00
D5,C16,2025-01-05 08:14:00,2025-01-05 16:14:00
D44,C16,2025-01-05 08:50:00,2025-01-05 15:50:00
D8,C17,2025-01-05 08:14:00,2025-01-05 15:14:00
D35,C17,2025-01-05 08:58:00,2025-01-05 16:58:00
D5,C18,2025-01-05 08:03:00,2025-01-05 15:03:00
D39,C19,2025-01-05 08:52:00,2025-01-05 16:52:00
D48,C19,2025-01-05 08:28:00,2025-01-05 14:28:00
D45,C20,2025-01-05 08:44:00,2025-01-05 17:44:00
D20,C20,2025-01-05 09:00:00,2025-01-05 17:00:00
D29,C21,2025-01-05 08:38:00,2025-01-05 14:38:00
D6,C21,2025-01-05 08:56:00,2025-01-05 17:56:00
D39,C22,2025-01-05 08:01:00,2025-01-05 14:01:00
D17,C22,2025-01-05 08:14:00,2025-01-05 14:14:00
D37,C23,2025-01-05 08:48:00,2025-01-05 15:48:00
D3,C23,2025-01-05 08:30:00,2025-01-05 17:30:00
D12,C24,2025-01-05 08:27:00,2025-01-05 17:27:00
D38,C24,2025-01-05 08:05:00,2025-01-05 17:05:00
D27,C25,2025-01-05 08:20:00,2025-01-05 14:20:00
D22,C25,2025-01-05 08:54:00,2025-01-05 15:54:00
D27,C1,2025-01-06 08:31:00,2025-01-06 16:31:00
D45,C1,2025-01-06 08:42:00,2025-01-06 17:42:00
D30,C2,2025-01-06 08:05:00,2025-01-06 16:05:00
D21,C3,2025-01-06 08:49:00,2025-01-06 17:49:00
D8,C3,2025-01-06 08:55:00,2025-01-06 14:55:00
D27,C4,2025-01-06 08:12:00,2025-01-06 16:12:00
D4,C4,2025-01-06 08:39:00,2025-01-06 17:39:00
D49,C5,2025-01-06 08:13:00,2025-01-06 16:13:00
D4,C5,2025-01-06 08:35:00,2025-01-06 15:35:00
D29,C6,2025-01-06 08:31:00,2025-01-06 14:31:00
D45,C6,2025-01-06 08:01:00,2025-01-06 15:01:00
D20,C7,2025-01-06 08:35:00,2025-01-06 14:35:00
D6,C8,2025-01-06 08:53:00,2025-01-06 14:53:00
D15,C8,2025-01-06 08:29:00,2025-01-06 14:29:00
D32,C9,2025-01-06 08:59:00,2025-01-06 16:59:00
D27,C10,2025-01-06 08:30:00,2025-01-06 15:30:00
D31,C10,2025-01-06 08:29:00,2025-01-06 15:29:00
D13,C11,2025-01-06 08:32:00,2025-01-06 15:32:00
D39,C11,2025-01-06 08:55:00,2025-01-06 14:55:00
D50,C12,2025-01-06 08:21:00,2025-01-06 16:21:00
D27,C12,2025-01-06 08:52:00,2025-01-06 14:52:00
D47,C13,2025-01-06 08:53:00,2025-01-06 17:53:00
D20,C13,2025-01-06 08:55:00,2025-01-06 15:55:00
D35,C14,2025-01-06 08:22:00,2025-01-06 16:22:00
D31,C14,2025-01-06 08:35:00,2025-01-06 17:35:00
D21,C15,2025-01-06 08:44:00,2025-01-06 15:44:00
D13,C15,2025-01-06 08:36:00,2025-01-06 17:36:00
D50,C16,2025-01-06 08:26:00,2025-01-06 14:26:00
D48,C17,2025-01-06 08:45:00,2025-01-06 17:45:00
D31,C17,2025-01-06 08:24:00,2025-01-06 15:24:00
D3,C18,2025-01-06 08:32:00,2025-01-06 16:32:00
D9,C18,2025-01-06 08:55:00,2025-01-06 14:55:00
D7,C19,2025-01-06 08:58:00,2025-01-06 17:58:00
D34,C19,2025-01-06 08:00:00,2025-01-06 15:00:00
D42,C20,2025-01-06 08:04:00,2025-01-06 17:04:00
D10,C20,2025-01-06 08:50:00,2025-01-06 16:50:00
D40,C21,2025-01-06 08:25:00,2025-01-06 14:25:00
D45,C21,2025-01-06 08:54:00,2025-01-06 16:54:00
D21,C22,2025-01-06 08:45:00,2025-01-06 17:45:00
D41,C22,2025-01-06 08:55:00,2025-01-06 14:55:00
D16,C23,2025-01-06 08:40:00,2025-01-06 16:40:00
D48,C24,2025-01-06 08:05:00,2025-01-06 17:05:00
D49,C25,2025-01-06 08:40:00,2025-01-06 14:40:00
D11,C1,2025-01-07 08:19:00,2025-01-07 14:19:00
D45,C1,2025-01-07 08:02:00,2025-01-07 16:02:00
D19,C2,2025-01-07 08:22:00,2025-01-07 16:22:00
D10,C3,2025-01-07 08:33:00,2025-01-07 17:33:00
D16,C3,2025-01-07 08:36:00,2025-01-07 15:36:00
D12,C4,2025-01-07 08:05:00,2025-01-07 17:05:00
D32,C5,2025-01-07 08:58:00,2025-01-07 15:58:00
D30,C6,2025-01-07 08:40:00,2025-01-07 16:40:00
D17,C7,2025-01-07 08:00:00,2025-01-07 17:00:00
D43,C7,2025-01-07 08:57:00,2025-01-07 16:57:00
D5,C8,2025-01-07 08:28:00,2025-01-07 16:28:00
D41,C9,2025-01-07 08:44:00,2025-01-07 16:44:00
D28,C9,2025-01-07 08:29:00,2025-01-07 16:29:00
D25,C10,2025-01-07 08:54:00,2025-01-07 17:54:00
D16,C11,2025-01-07 08:24:00,2025-01-07 16:24:00
D45,C12,2025-01-07 08:01:00,2025-01-07 17:01:00
D19,C12,2025-01-07 08:17:00,2025-01-07 14:17:00
D39,C13,2025-01-07 08:47:00,2025-01-07 17:47:00
D50,C14,2025-01-07 08:38:00,2025-01-07 16:38:00
D15,C14,2025-01-07 08:14:00,2025-01-07 15:14:00
D44,C15,2025-01-07 08:46:00,2025-01-07 15:46:00
D49,C15,2025-01-07 08:40:00,2025-01-07 14:40:00
D20,C16,2025-01-07 08:50:00,2025-01-07 17:50:00
D38,C17,2025-01-07 08:23:00,2025-01-07 15:23:00
D19,C18,2025-01-07 08:20:00,2025-01-07 17:20:00
D13,C19,2025-01-07 08:08:00,2025-01-07 16:08:00
D11,C20,2025-01-07 08:58:00,2025-01-07 17:58:00
D17,C20,2025-01-07 08:51:00,2025-01-07 16:51:00
D8,C21,2025-01-07 08:04:00,2025-01-07 15:04:00
D30,C21,2025-01-07 08:48:00,2025-01-07 15:48:00
D36,C22,2025-01-07 08:05:00,2025-01-07 17:05:00
D24,C22,2025-01-07 08:00:00,2025-01-07 16:00:00
D30,C23,2025-01-07 08:23:00,2025-01-07 16:23:00
D41,C24,2025-01-07 08:06:00,2025-01-07 15:06:00
D24,C24,2025-01-07 08:30:00,2025-01-07 14:30:00
D40,C25,2025-01-07 08:41:00,2025-01-07 14:41:00
D15,C25,2025-01-07 08:40:00,2025-01-07 17:40:00
D42,C1,2025-01-08 08:07:00,2025-01-08 15:07:00
D27,C1,2025-01-08 08:02:00,2025-01-08 14:02:00
D32,C2,2025-01-08 08:06:00,2025-01-08 15:06:00
D8,C2,2025-01-08 08:56:00,2025-01-08 15:56:00
D30,C3,2025-01-08 08:42:00,2025-01-08 17:42:00
D24,C3,2025-01-08 08:37:00,2025-01-08 15:37:00
D42,C4,2025-01-08 08:53:00,2025-01-08 17:53:00
D7,C4,2025-01-08 08:39:00,2025-01-08 17:39:00
D3,C5,2025-01-08 08:23:00,2025-01-08 15:23:00
D45,C5,2025-01-08 08:28:00,2025-01-08 17:28:00
D24,C6,2025-01-08 08:06:00,2025-01-08 16:06:00
D4,C7,2025-01-08 08:17:00,2025-01-08 15:17:00
D26,C7,2025-01-08 08:07:00,2025-01-08 17:07:00
D43,C8,2025-01-08 08:13:00,2025-01-08 14:13:00
D22,C9,2025-01-08 08:15:00,2025-01-08 15:15:00
D5,C10,2025-01-08 08:53:00,2025-01-08 15:53:00
D15,C11,2025-01-08 08:21:00,2025-01-08 15:21:00
D18,C12,2025-01-08 08:54:00,2025-01-08 15:54:00
D35,C13,2025-01-08 08:16:00,2025-01-08 15:16:00
D43,C14,2025-01-08 08:55:00,2025-01-08 14:55:00
D1,C15,2025-01-08 08:22:00,2025-01-08 15:22:00
D2,C16,2025-01-08 08:16:00,2025-01-08 14:16:00
D12,C16,2025-01-08 08:08:00,2025-01-08 17:08:00
D48,C17,2025-01-08 08:04:00,2025-01-08 17:04:00
D50,C18,2025-01-08 08:32:00,2025-01-08 14:32:00
D24,C18,2025-01-08 08:28:00,2025-01-08 15:28:00
D47,C19,2025-01-08 08:50:00,2025-01-08 16:50:00
D42,C20,2025-01-08 08:03:00,2025-01-08 17:03:00
D2,C20,2025-01-08 08:54:00,2025-01-08 17:54:00
D44,C21,2025-01-08 08:31:00,2025-01-08 17:31:00
D7,C21,2025-01-08 08:04:00,2025-01-08 14:04:00
D39,C22,2025-01-08 08:04:00,2025-01-08 15:04:00
D10,C22,2025-01-08 08:17:00,2025-01-08 16:17:00
D39,C23,2025-01-08 08:18:00,2025-01-08 17:18:00
D34,C23,2025-01-08 08:32:00,2025-01-08 17:32:00
D45,C24,2025-01-08 08:07:00,2025-01-08 15:07:00
D29,C25,2025-01-08 08:26:00,2025-01-08 16:26:00
D15,C25,2025-01-08 08:52:00,2025-01-08 17:52:00
D27,C1,2025-01-09 08:06:00,2025-01-09 16:06:00
D47,C1,2025-01-09 08:27:00,2025-01-09 16:27:00
D24,C2,2025-01-09 08:43:00,2025-01-09 17:43:00
D10,C2,2025-01-09 08:04:00,2025-01-09 14:04:00
D6,C3,2025-01-09 08:27:00,2025-01-09 14:27:00
D9,C4,2025-01-09 08:03:00,2025-01-09 16:03:00
D36,C4,2025-01-09 08:42:00,2025-01-09 14:42:00
D23,C5,2025-01-09 09:00:00,2025-01-09 18:00:00
D43,C5,2025-01-09 08:55:00,2025-01-09 14:55:00
D39,C6,2025-01-09 08:22:00,2025-01-09 14:22:00
D20,C6,2025-01-09 08:36:00,2025-01-09 15:36:00
D43,C7,2025-01-09 08:30:00,2025-01-09 15:30:00
D23,C8,2025-01-09 08:54:00,2025-01-09 16:54:00
D49,C9,2025-01-09 08:17:00,2025-01-09 15:17:00
D36,C10,2025-01-09 08:52:00,2025-01-09 14:52:00
D50,C10,2025-01-09 08:38:00,2025-01-09 16:38:00
D12,C11,2025-01-09 08:17:00,2025-01-09 16:17:00
D23,C12,2025-01-09 08:11:00,2025-01-09 15:11:00
D1,C12,2025-01-09 08:36:00,2025-01-09 17:36:00
D10,C13,2025-01-09 08:47:00,2025-01-09 14:47:00
D48,C14,2025-01-09 08:33:00,2025-01-09 15:33:00
D27,C15,2025-01-09 08:21:00,2025-01-09 15:21:00
D30,C15,2025-01-09 08:23:00,2025-01-09 16:23:00
D50,C16,2025-01-09 08:38:00,2025-01-09 14:38:00
D37,C16,2025-01-09 08:56:00,2025-01-09 14:56:00
D11,C17,2025-01-09 08:48:00,2025-01-09 14:48:00
D18,C18,2025-01-09 08:28:00,2025-01-09 17:28:00
D39,C19,2025-01-09 08:26:00,2025-01-09 16:26:00
D29,C19,2025-01-09 08:13:00,2025-01-09 14:13:00
D28,C20,2025-01-09 08:18:00,2025-01-09 17:18:00
D8,C20,2025-01-09 08:33:00,2025-01-09 16:33:00
D15,C21,2025-01-09 08:25:00,2025-01-09 14:25:00
D14,C22,2025-01-09 08:19:00,2025-01-09 15:19:00
D49,C23,2025-01-09 08:16:00,2025-01-09 16:16:00
D8,C24,2025-01-09 08:31:00,2025-01-09 17:31:00
D1,C24,2025-01-09 08:11:00,2025-01-09 15:11:00
D35,C25,2025-01-09 08:14:00,2025-01-09 16:14:00
D46,C25,2025-01-09 08:04:00,2025-01-09 17:04:00
D28,C1,2025-01-10 08:01:00,2025-01-10 17:01:00
D21,C2,2025-01-10 08:36:00,2025-01-10 17:36:00
D46,C3,2025-01-10 08:26:00,2025-01-10 16:26:00
D41,C3,2025-01-10 08:07:00,2025-01-10 17:07:00
D21,C4,2025-01-10 08:10:00,2025-01-10 17:10:00
D6,C5,2025-01-10 08:54:00,2025-01-10 14:54:00
D28,C5,2025-01-10 08:15:00,2025-01-10 17:15:00
D34,C6,2025-01-10 08:25:00,2025-01-10 16:25:00
D6,C6,2025-01-10 08:47:00,2025-01-10 16:47:00
D22,C7,2025-01-10 08:49:00,2025-01-10 15:49:00
D33,C8,2025-01-10 08:40:00,2025-01-10 14:40:00
D50,C9,2025-01-10 08:22:00,2025-01-10 16:22:00
D16,C10,2025-01-10 08:06:00,2025-01-10 15:06:00
D13,C11,2025-01-10 08:38:00,2025-01-10 15:38:00
D12,C11,2025-01-10 08:48:00,2025-01-10 14:48:00
D50,C12,2025-01-10 08:40:00,2025-01-10 17:40:00
D49,C13,2025-01-10 08:48:00,2025-01-10 17:48:00
D37,C13,2025-01-10 08:43:00,2025-01-10 16:43:00
D10,C14,2025-01-10 08:04:00,2025-01-10 17:04:00
D29,C14,2025-01-10 08:28:00,2025-01-10 16:28:00
D38,C15,2025-01-10 08:22:00,2025-01-10 14:22:00
D4,C15,2025-01-10 08:19:00,2025-01-10 17:19:00
D3,C16,2025-01-10 08:23:00,2025-01-10 16:23:00
D4,C16,2025-01-10 08:04:00,2025-01-10 14:04:00
D30,C17,2025-01-10 08:35:00,2025-01-10 14:35:00
D38,C17,2025-01-10 08:28:00,2025-01-10 15:28:00
D39,C18,2025-01-10 08:32:00,2025-01-10 15:32:00
D31,C18,2025-01-10 08:03:00,2025-01-10 17:03:00
D22,C19,2025-01-10 08:45:00,2025-01-10 14:45:00
D3,C20,2025-01-10 08:15:00,2025-01-10 17:15:00
D34,C21,2025-01-10 08:10:00,2025-01-10 16:10:00
D40,C21,2025-01-10 08:23:00,2025-01-10 16:23:00
D27,C22,2025-01-10 08:21:00,2025-01-10 14:21:00
D50,C22,2025-01-10 08:50:00,2025-01-10 16:50:00
D22,C23,2025-01-10 08:06:00,2025-01-10 17:06:00
D17,C24,2025-01-10 08:54:00,2025-01-10 15:54:00
D47,C24,2025-01-10 08:21:00,2025-01-10 14:21:00
D23,C25,2025-01-10 08:19:00,2025-01-10 17:19:00
D39,C1,2025-01-11 08:45:00,2025-01-11 14:45:00
D36,C2,2025-01-11 08:41:00,2025-01-11 16:41:00
D25,C2,2025-01-11 08:52:00,2025-01-11 15:52:00
D42,C3,2025-01-11 08:42:00,2025-01-11 17:42:00
D2,C4,2025-01-11 08:19:00,2025-01-11 15:19:00
D24,C4,2025-01-11 09:00:00,2025-01-11 16:00:00
D50,C5,2025-01-11 08:12:00,2025-01-11 15:12:00
D32,C5,2025-01-11 08:08:00,2025-01-11 15:08:00
D19,C6,2025-01-11 08:54:00,2025-01-11 14:54:00
D43,C7,2025-01-11 08:21:00,2025-01-11 15:21:00
D10,C8,2025-01-11 08:11:00,2025-01-11 15:11:00
D11,C8,2025-01-11 08:46:00,2025-01-11 17:46:00
D27,C9,2025-01-11 08:23:00,2025-01-11 15:23:00
D40,C10,2025-01-11 08:48:00,2025-01-11 17:48:00
D19,C10,2025-01-11 08:14:00,2025-01-11 15:14:00
D31,C11,2025-01-11 08:23:00,2025-01-11 17:23:00
D13,C11,2025-01-11 08:29:00,2025-01-11 16:29:00
D33,C12,2025-01-11 08:26:00,2025-01-11 15:26:00
D34,C12,2025-01-11 08:52:00,2025-01-11 15:52:00
D17,C13,2025-01-11 08:03:00,2025-01-11 17:03:00
D36,C14,2025-01-11 08:45:00,2025-01-11 14:45:00
D7,C14,2025-01-11 08:18:00,2025-01-11 14:18:00
D18,C15,2025-01-11 08:28:00,2025-01-11 15:28:00
D6,C16,2025-01-11 08:52:00,2025-01-11 17:52:00
D15,C16,2025-01-11 08:56:00,2025-01-11 16:56:00
D27,C17,2025-01-11 08:03:00,2025-01-11 17:03:00
D16,C18,2025-01-11 08:05:00,2025-01-11 16:05:00
D25,C18,2025-01-11 08:14:00,2025-01-11 14:14:00
D7,C19,2025-01-11 08:41:00,2025-01-11 16:41:00
D46,C19,2025-01-11 08:50:00,2025-01-11 15:50:00
D3,C20,2025-01-11 08:18:00,2025-01-11 17:18:00
D49,C21,2025-01-11 08:45:00,2025-01-11 17:45:00
D40,C22,2025-01-11 08:57:00,2025-01-11 14:57:00
D1,C22,2025-01-11 08:01:00,2025-01-11 16:01:00
D10,C23,2025-01-11 08:35:00,2025-01-11 17:35:00
D50,C24,2025-01-11 08:18:00,2025-01-11 15:18:00
D8,C25,2025-01-11 08:15:00,2025-01-11 17:15:00
D4,C25,2025-01-11 08:40:00,2025-01-11 17:40:00
D8,C1,2025-01-12 08:53:00,2025-01-12 17:53:00
D41,C2,2025-01-12 08:32:00,2025-01-12 15:32:00
D19,C3,2025-01-12 08:27:00,2025-01-12 14:27:00
D16,C4,2025-01-12 08:26:00,2025-01-12 15:26:00
D37,C4,2025-01-12 08:42:00,2025-01-12 14:42:00
D5,C5,2025-01-12 08:34:00,2025-01-12 14:34:00
D34,C5,2025-01-12 08:24:00,2025-01-12 17:24:00
D41,C6,2025-01-12 08:24:00,2025-01-12 16:24:00
D48,C7,2025-01-12 08:22:00,2025-01-12 14:22:00
D2,C7,2025-01-12 08:22:00,2025-01-12 15:22:00
D50,C8,2025-01-12 08:37:00,2025-01-12 16:37:00
D3,C9,2025-01-12 08:22:00,2025-01-12 16:22:00
D50,C10,2025-01-12 08:43:00,2025-01-12 17:43:00
D41,C11,2025-01-12 08:51:00,2025-01-12 15:51:00
D12,C11,2025-01-12 08:04:00,2025-01-12 17:04:00
D19,C12,2025-01-12 08:12:00,2025-01-12 14:12:00
D3,C13,2025-01-12 08:20:00,2025-01-12 16:20:00
D35,C14,2025-01-12 08:16:00,2025-01-12 14:16:00
D31,C14,2025-01-12 08:48:00,2025-01-12 15:48:00
D23,C15,2025-01-12 08:03:00,2025-01-12 16:03:00
D50,C15,2025-01-12 08:17:00,2025-01-12 14:17:00
D28,C16,2025-01-12 08:47:00,2025-01-12 17:47:00
D26,C16,2025-01-12 08:57:00,2025-01-12 17:57:00
D12,C17,2025-01-12 08:44:00,2025-01-12 17:44:00
D32,C17,2025-01-12 08:23:00,2025-01-12 16:23:00
D47,C18,2025-01-12 08:27:00,2025-01-12 14:27:00
D39,C19,2025-01-12 08:34:00,2025-01-12 16:34:00
D12,C19,2025-01-12 08:20:00,2025-01-12 14:20:00
D21,C20,2025-01-12 08:42:00,2025-01-12 16:42:00
D29,C21,2025-01-12 08:45:00,2025-01-12 17:45:00
D39,C21,2025-01-12 08:10:00,2025-01-12 17:10:00
D29,C22,2025-01-12 08:46:00,2025-01-12 16:46:00
D3,C22,2025-01-12 08:39:00,2025-01-12 17:39:00
D41,C23,2025-01-12 08:04:00,2025-01-12 17:04:00
D4,C23,2025-01-12 08:23:00,2025-01-12 15:23:00
D10,C24,2025-01-12 08:54:00,2025-01-12 17:54:00
D9,C25,2025-01-12 08:04:00,2025-01-12 15:04:00
D24,C1,2025-01-13 09:00:00,2025-01-13 15:00:00
D25,C1,2025-01-13 08:38:00,2025-01-13 15:38:00
D24,C2,2025-01-13 08:48:00,2025-01-13 14:48:00
D29,C2,2025-01-13 08:36:00,2025-01-13 15:36:00
D26,C3,2025-01-13 08:41:00,2025-01-13 16:41:00
D21,C3,2025-01-13 08:15:00,2025-01-13 14:15:00
D48,C4,2025-01-13 08:11:00,2025-01-13 17:11:00
D36,C5,2025-01-13 08:16:00,2025-01-13 16:16:00
D8,C5,2025-01-13 08:45:00,2025-01-13 17:45:00
D40,C6,2025-01-13 08:18:00,2025-01-13 17:18:00
D8,C7,2025-01-13 08:08:00,2025-01-13 14:08:00
D12,C8,2025-01-13 08:28:00,2025-01-13 14:28:00
D46,C8,2025-01-13 08:51:00,2025-01-13 16:51:00
D46,C9,2025-01-13 08:35:00,2025-01-13 16:35:00
D5,C9,2025-01-13 08:57:00,2025-01-13 16:57:00
D46,C10,2025-01-13 08:45:00,2025-01-13 15:45:00
D33,C11,2025-01-13 08:07:00,2025-01-13 15:07:00
D15,C11,2025-01-13 08:50:00,2025-01-13 15:50:00
D32,C12,2025-01-13 08:01:00,2025-01-13 16:01:00
D30,C13,2025-01-13 08:08:00,2025-01-13 14:08:00
D36,C13,2025-01-13 08:04:00,2025-01-13 16:04:00
D46,C14,2025-01-13 08:30:00,2025-01-13 17:30:00
D47,C14,2025-01-13 08:49:00,2025-01-13 17:49:00
D9,C15,2025-01-13 08:20:00,2025-01-13 14:20:00
D30,C16,2025-01-13 08:33:00,2025-01-13 16:33:00
D44,C16,2025-01-13 08:08:00,2025-01-13 15:08:00
D28,C17,2025-01-13 08:32:00,2025-01-13 14:32:00
D34,C18,2025-01-13 08:09:00,2025-01-13 16:09:00
D11,C19,2025-01-13 08:20:00,2025-01-13 15:20:00
D34,C20,2025-01-13 08:54:00,2025-01-13 14:54:00
D19,C20,2025-01-13 08:16:00,2025-01-13 15:16:00
D9,C21,2025-01-13 08:19:00,2025-01-13 14:19:00
D41,C21,2025-01-13 08:32:00,2025-01-13 15:32:00
D11,C22,2025-01-13 08:42:00,2025-01-13 16:42:00
D2,C23,2025-01-13 08:05:00,2025-01-13 14:05:00
D42,C24,2025-01-13 08:49:00,2025-01-13 17:49:00
D14,C24,2025-01-13 08:39:00,2025-01-13 14:39:00
D41,C25,2025-01-13 08:18:00,2025-01-13 16:18:00
D35,C25,2025-01-13 08:30:00,2025-01-13 15:30:00
D20,C1,2025-01-14 08:04:00,2025-01-14 14:04:00
D30,C1,2025-01-14 08:10:00,2025-01-14 17:10:00
D31,C2,2025-01-14 08:13:00,2025-01-14 16:13:00
D30,C2,2025-01-14 08:38:00,2025-01-14 15:38:00
D46,C3,2025-01-14 08:46:00,2025-01-14 16:46:00
D21,C3,2025-01-14 08:25:00,2025-01-14 15:25:00
D33,C4,2025-01-14 08:06:00,2025-01-14 16:06:00
D36,C4,2025-01-14 08:15:00,2025-01-14 17:15:00
D18,C5,2025-01-14 08:28:00,2025-01-14 15:28:00
D7,C6,2025-01-14 08:03:00,2025-01-14 16:03:00
D40,C7,2025-01-14 08:15:00,2025-01-14 15:15:00
D27,C7,2025-01-14 08:52:00,2025-01-14 16:52:00
D13,C8,2025-01-14 08:10:00,2025-01-14 17:10:00
D49,C8,2025-01-14 08:32:00,2025-01-14 17:32:00
D20,C9,2025-01-14 08:01:00,2025-01-14 14:01:00
D32,C9,2025-01-14 09:00:00,2025-01-14 18:00:00
D16,C10,2025-01-14 08:37:00,2025-01-14 16:37:00
D14,C10,2025-01-14 08:03:00,2025-01-14 14:03:00
D32,C11,2025-01-14 08:56:00,2025-01-14 17:56:00
D39,C11,2025-01-14 08:18:00,2025-01-14 14:18:00
D28,C12,2025-01-14 08:08:00,2025-01-14 16:08:00
D49,C13,2025-01-14 08:23:00,2025-01-14 14:23:00
D26,C13,2025-01-14 08:25:00,2025-01-14 14:25:00
D24,C14,2025-01-14 08:35:00,2025-01-14 16:35:00
D25,C15,2025-01-14 08:32:00,2025-01-14 17:32:00
D40,C16,2025-01-14 08:39:00,2025-01-14 14:39:00
D44,C16,2025-01-14 08:08:00,2025-01-14 14:08:00
D24,C17,2025-01-14 08:35:00,2025-01-14 16:35:00
D22,C17,2025-01-14 08:48:00,2025-01-14 15:48:00
D39,C18,2025-01-14 08:32:00,2025-01-14 17:32:00
D3,C19,2025-01-14 08:02:00,2025-01-14 15:02:00
D31,C20,2025-01-14 08:29:00,2025-01-14 15:29:00
D34,C20,2025-01-14 08:38:00,2025-01-14 15:38:00
D40,C21,2025-01-14 08:10:00,2025-01-14 17:10:00
D21,C21,2025-01-14 08:39:00,2025-01-14 16:39:00
D33,C22,2025-01-14 08:31:00,2025-01-14 16:31:00
D35,C22,2025-01-14 08:30:00,2025-01-14 14:30:00
D22,C23,2025-01-14 08:07:00,2025-01-14 17:07:00
D44,C23,2025-01-14 08:37:00,2025-01-14 16:37:00
D39,C24,2025-01-14 08:30:00,2025-01-14 16:30:00
D47,C25,2025-01-14 08:03:00,2025-01-14 17:03:00
D34,C1,2025-01-15 08:40:00,2025-01-15 17:40:00
D44,C2,2025-01-15 08:15:00,2025-01-15 14:15:00
D13,C3,2025-01-15 08:01:00,2025-01-15 17:01:00
D27,C4,2025-01-15 08:26:00,2025-01-15 15:26:00
D10,C4,2025-01-15 08:26:00,2025-01-15 17:26:00
D46,C5,2025-01-15 08:08:00,2025-01-15 15:08:00
D43,C6,2025-01-15 08:33:00,2025-01-15 17:33:00
D31,C6,2025-01-15 08:20:00,2025-01-15 15:20:00
D35,C7,2025-01-15 08:34:00,2025-01-15 16:34:00
D22,C7,2025-01-15 08:43:00,2025-01-15 16:43:00
D13,C8,2025-01-15 08:17:00,2025-01-15 16:17:00
D16,C8,2025-01-15 08:14:00,2025-01-15 16:14:00
D46,C9,2025-01-15 08:44:00,2025-01-15 17:44:00
D14,C9,2025-01-15 08:20:00,2025-01-15 17:20:00
D36,C10,2025-01-15 08:17:00,2025-01-15 16:17:00
D47,C10,2025-01-15 08:07:00,2025-01-15 17:07:00
D23,C11,2025-01-15 08:51:00,2025-01-15 15:51:00
D50,C11,2025-01-15 08:18:00,2025-01-15 14:18:00
D46,C12,2025-01-15 08:22:00,2025-01-15 17:22:00
D6,C12,2025-01-15 08:41:00,2025-01-15 16:41:00
D14,C13,2025-01-15 08:52:00,2025-01-15 16:52:00
D13,C13,2025-01-15 08:59:00,2025-01-15 16:59:00
D7,C14,2025-01-15 08:39:00,2025-01-15 15:39:00
D4,C15,2025-01-15 08:42:00,2025-01-15 15:42:00
D4,C16,2025-01-15 08:06:00,2025-01-15 17:06:00
D46,C17,2025-01-15 08:06:00,2025-01-15 15:06:00
D31,C17,2025-01-15 08:00:00,2025-01-15 15:00:00
D42,C18,2025-01-15 08:30:00,2025-01-15 15:30:00
D31,C18,2025-01-15 08:48:00,2025-01-15 16:48:00
D19,C19,2025-01-15 08:03:00,2025-01-15 14:03:00
D42,C19,2025-01-15 08:41:00,2025-01-15 15:41:00
D12,C20,2025-01-15 08:26:00,2025-01-15 15:26:00
D26,C21,2025-01-15 08:50:00,2025-01-15 17:50:00
D48,C22,2025-01-15 08:55:00,2025-01-15 16:55:00
D1,C23,2025-01-15 08:19:00,2025-01-15 14:19:00
D19,C24,2025-01-15 08:41:00,2025-01-15 17:41:00
D30,C24,2025-01-15 08:56:00,2025-01-15 15:56:00
D18,C25,2025-01-15 08:51:00,2025-01-15 14:51:00
D13,C25,2025-01-15 08:21:00,2025-01-15 15:21:00
D42,C1,2025-01-16 08:45:00,2025-01-16 15:45:00
D17,C1,2025-01-16 08:00:00,2025-01-16 16:00:00
D37,C2,2025-01-16 08:48:00,2025-01-16 15:48:00
D44,C2,2025-01-16 08:11:00,2025-01-16 17:11:00
D33,C3,2025-01-16 08:05:00,2025-01-16 17:05:00
D21,C3,2025-01-16 08:42:00,2025-01-16 14:42:00
D9,C4,2025-01-16 08:30:00,2025-01-16 16:30:00
D1,C5,2025-01-16 08:16:00,2025-01-16 17:16:00
D29,C6,2025-01-16 08:48:00,2025-01-16 16:48:00
D20,C7,2025-01-16 08:46:00,2025-01-16 14:46:00
D38,C7,2025-01-16 08:16:00,2025-01-16 16:16:00
D4,C8,2025-01-16 08:42:00,2025-01-16 14:42:00
D20,C9,2025-01-16 08:25:00,2025-01-16 16:25:00
D11,C9,2025-01-16 08:44:00,2025-01-16 14:44:00
D24,C10,2025-01-16 08:14:00,2025-01-16 15:14:00
D40,C10,2025-01-16 08:08:00,2025-01-16 17:08:00
D30,C11,2025-01-16 08:47:00,2025-01-16 16:47:00
D45,C12,2025-01-16 08:58:00,2025-01-16 17:58:00
D36,C12,2025-01-16 08:48:00,2025-01-16 15:48:00
D44,C13,2025-01-16 08:48:00,2025-01-16 14:48:00
D34,C14,2025-01-16 08:23:00,2025-01-16 14:23:00
D46,C14,2025-01-16 08:58:00,2025-01-16 14:58:00
D36,C15,2025-01-16 08:57:00,2025-01-16 15:57:00
D11,C16,2025-01-16 08:20:00,2025-01-16 17:20:00
D44,C17,2025-01-16 08:13:00,2025-01-16 17:13:00
D33,C18,2025-01-16 08:28:00,2025-01-16 14:28:00
D9,C19,2025-01-16 08:26:00,2025-01-16 17:26:00
D33,C19,2025-01-16 08:36:00,2025-01-16 14:36:00
D44,C20,2025-01-16 08:46:00,2025-01-16 14:46:00
D20,C20,2025-01-16 08:25:00,2025-01-16 16:25:00
D48,C21,2025-01-16 08:13:00,2025-01-16 14:13:00
D28,C22,2025-01-16 08:22:00,2025-01-16 14:22:00
D5,C23,2025-01-16 08:59:00,2025-01-16 17:59:00
D19,C24,2025-01-16 08:26:00,2025-01-16 15:26:00
D50,C25,2025-01-16 08:41:00,2025-01-16 17:41:00
D25,C1,2025-01-17 08:55:00,2025-01-17 17:55:00
D29,C1,2025-01-17 08:24:00,2025-01-17 14:24:00
D42,C2,2025-01-17 08:55:00,2025-01-17 16:55:00
D12,C3,2025-01-17 08:34:00,2025-01-17 17:34:00
D47,C4,2025-01-17 08:14:00,2025-01-17 14:14:00
D20,C5,2025-01-17 08:29:00,2025-01-17 17:29:00
D15,C6,2025-01-17 08:29:00,2025-01-17 16:29:00
D16,C6,2025-01-17 08:09:00,2025-01-17 16:09:00
D47,C7,2025-01-17 08:48:00,2025-01-17 14:48:00
D43,C8,2025-01-17 08:26:00,2025-01-17 14:26:00
D14,C9,2025-01-17 08:04:00,2025-01-17 14:04:00
D29,C10,2025-01-17 08:38:00,2025-01-17 14:38:00
D48,C11,2025-01-17 08:02:00,2025-01-17 17:02:00
D15,C12,2025-01-17 08:13:00,2025-01-17 14:13:00
D35,C12,2025-01-17 08:08:00,2025-01-17 16:08:00
D47,C13,2025-01-17 08:36:00,2025-01-17 16:36:00
D16,C14,2025-01-17 08:56:00,2025-01-17 15:56:00
D20,C14,2025-01-17 08:42:00,2025-01-17 15:42:00
D20,C15,2025-01-17 08:03:00,2025-01-17 15:03:00
D18,C15,2025-01-17 08:40:00,2025-01-17 17:40:00
D4,C16,2025-01-17 09:00:00,2025-01-17 18:00:00
D23,C16,2025-01-17 08:50:00,2025-01-17 16:50:00
D27,C17,2025-01-17 08:19:00,2025-01-17 17:19:00
D10,C17,2025-01-17 08:11:00,2025-01-17 17:11:00
D15,C18,2025-01-17 08:19:00,2025-01-17 15:19:00
D4,C19,2025-01-17 08:26:00,2025-01-17 17:26:00
D36,C19,2025-01-17 08:35:00,2025-01-17 15:35:00
D16,C20,2025-01-17 08:13:00,2025-01-17 16:13:00
D17,C20,2025-01-17 08:41:00,2025-01-17 14:41:00
D24,C21,2025-01-17 08:34:00,2025-01-17 15:34:00
D6,C21,2025-01-17 08:03:00,2025-01-17 16:03:00
D44,C22,2025-01-17 08:38:00,2025-01-17 14:38:00
D39,C22,2025-01-17 08:55:00,2025-01-17 14:55:00
D49,C23,2025-01-17 08:37:00,2025-01-17 15:37:00
D14,C24,2025-01-17 08:19:00,2025-01-17 14:19:00
D22,C24,2025-01-17 08:13:00,2025-01-17 15:13:00
D48,C25,2025-01-17 08:48:00,2025-01-17 17:48:00
D45,C1,2025-01-18 08:38:00,2025-01-18 15:38:00
D16,C2,2025-01-18 08:20:00,2025-01-18 16:20:00
D36,C2,2025-01-18 08:24:00,2025-01-18 17:24:00
D20,C3,2025-01-18 08:23:00,2025-01-18 17:23:00
D17,C3,2025-01-18 08:29:00,2025-01-18 14:29:00
D49,C4,2025-01-18 08:58:00,2025-01-18 15:58:00
D21,C4,2025-01-18 08:23:00,2025-01-18 16:23:00
D3,C5,2025-01-18 08:55:00,2025-01-18 15:55:00
D37,C5,2025-01-18 08:47:00,2025-01-18 15:47:00
D17,C6,2025-01-18 08:35:00,2025-01-18 17:35:00
D10,C7,2025-01-18 08:21:00,2025-01-18 15:21:00
D13,C7,2025-01-18 08:24:00,2025-01-18 15:24:00
D36,C8,2025-01-18 09:00:00,2025-01-18 17:00:00
D42,C8,2025-01-18 08:16:00,2025-01-18 17:16:00
D30,C9,2025-01-18 08:46:00,2025-01-18 16:46:00
D11,C9,2025-01-18 08:10:00,2025-01-18 15:10:00
D12,C10,2025-01-18 08:41:00,2025-01-18 14:41:00
D35,C10,2025-01-18 08:33:00,2025-01-18 14:33:00
D43,C11,2025-01-18 08:03:00,2025-01-18 14:03:00
D9,C12,2025-01-18 08:14:00,2025-01-18 14:14:00
D41,C12,2025-01-18 08:45:00,2025-01-18 15:45:00
D14,C13,2025-01-18 08:32:00,2025-01-18 17:32:00
D4,C14,2025-01-18 08:40:00,2025-01-18 17:40:00
D40,C14,2025-01-18 08:42:00,2025-01-18 17:42:00
D1,C15,2025-01-18 08:34:00,2025-01-18 17:34:00
D2,C16,2025-01-18 08:33:00,2025-01-18 16:33:00
D2,C17,2025-01-18 08:52:00,2025-01-18 17:52:00
D33,C17,2025-01-18 08:51:00,2025-01-18 15:51:00
D7,C18,2025-01-18 08:33:00,2025-01-18 15:33:00
D13,C19,2025-01-18 08:39:00,2025-01-18 16:39:00
D18,C20,2025-01-18 08:05:00,2025-01-18 16:05:00
D26,C20,2025-01-18 08:25:00,2025-01-18 17:25:00
D45,C21,2025-01-18 08:14:00,2025-01-18 16:14:00
D42,C22,2025-01-18 08:54:00,2025-01-18 14:54:00
D26,C23,2025-01-18 08:24:00,2025-01-18 17:24:00
D4,C24,2025-01-18 08:00:00,2025-01-18 15:00:00
D41,C24,2025-01-18 08:05:00,2025-01-18 17:05:00
D42,C25,2025-01-18 08:36:00,2025-01-18 14:36:00
D22,C25,2025-01-18 08:57:00,2025-01-18 14:57:00
D14,C1,2025-01-19 08:57:00,2025-01-19 17:57:00
D3,C2,2025-01-19 08:43:00,2025-01-19 16:43:00
D5,C2,2025-01-19 08:57:00,2025-01-19 14:57:00
D21,C3,2025-01-19 08:01:00,2025-01-19 15:01:00
D49,C4,2025-01-19 08:52:00,2025-01-19 17:52:00
D20,C5,2025-01-19 08:10:00,2025-01-19 15:10:00
D44,C6,2025-01-19 08:21:00,2025-01-19 17:21:00
D35,C6,2025-01-19 08:48:00,2025-01-19 15:48:00
D33,C7,2025-01-19 08:47:00,2025-01-19 16:47:00
D7,C8,2025-01-19 08:27:00,2025-01-19 15:27:00
D22,C9,2025-01-19 08:38:00,2025-01-19 17:38:00
D2,C10,2025-01-19 08:17:00,2025-01-19 17:17:00
D41,C10,2025-01-19 08:31:00,2025-01-19 15:31:00
D36,C11,2025-01-19 08:27:00,2025-01-19 15:27:00
D25,C11,2025-01-19 08:43:00,2025-01-19 17:43:00
D50,C12,2025-01-19 08:39:00,2025-01-19 16:39:00
D46,C13,2025-01-19 08:04:00,2025-01-19 14:04:00
D10,C14,2025-01-19 08:45:00,2025-01-19 15:45:00
D25,C14,2025-01-19 08:47:00,2025-01-19 17:47:00
D24,C15,2025-01-19 08:05:00,2025-01-19 14:05:00
D7,C15,2025-01-19 09:00:00,2025-01-19 17:00:00
D24,C16,2025-01-19 08:17:00,2025-01-19 14:17:00
D49,C16,2025-01-19 08:08:00,2025-01-19 14:08:00
D28,C17,2025-01-19 08:28:00,2025-01-19 17:28:00
D2,C18,2025-01-19 08:05:00,2025-01-19 16:05:00
D39,C19,2025-01-19 08:38:00,2025-01-19 16:38:00
D1,C20,2025-01-19 08:26:00,2025-01-19 17:26:00
D19,C20,2025-01-19 08:49:00,2025-01-19 14:49:00
D37,C21,2025-01-19 08:33:00,2025-01-19 15:33:00
D11,C22,2025-01-19 08:17:00,2025-01-19 16:17:00
D9,C22,2025-01-19 08:17:00,2025-01-19 17:17:00
D5,C23,2025-01-19 08:10:00,2025-01-19 17:10:00
D27,C24,2025-01-19 08:30:00,2025-01-19 14:30:00
D20,C24,2025-01-19 08:23:00,2025-01-19 16:23:00
D47,C25,2025-01-19 08:40:00,2025-01-19 17:40:00
D30,C1,2025-01-20 08:06:00,2025-01-20 15:06:00
D1,C2,2025-01-20 08:21:00,2025-01-20 17:21:00
D26,C2,2025-01-20 08:51:00,2025-01-20 16:51:00
D22,C3,2025-01-20 08:52:00,2025-01-20 15:52:00
D28,C3,2025-01-20 08:19:00,2025-01-20 16:19:00
D31,C4,2025-01-20 08:20:00,2025-01-20 15:20:00
D21,C5,2025-01-20 08:47:00,2025-01-20 17:47:00
D19,C5,2025-01-20 08:36:00,2025-01-20 15:36:00
D25,C6,2025-01-20 08:52:00,2025-01-20 17:52:00
D18,C6,2025-01-20 08:23:00,2025-01-20 14:23:00
D38,C7,2025-01-20 08:34:00,2025-01-20 15:34:00
D47,C8,2025-01-20 08:29:00,2025-01-20 15:29:00
D19,C9,2025-01-20 08:04:00,2025-01-20 17:04:00
D45,C9,2025-01-20 08:43:00,2025-01-20 17:43:00
D41,C10,2025-01-20 08:19:00,2025-01-20 15:19:00
D43,C11,2025-01-20 08:45:00,2025-01-20 17:45:00
D10,C11,2025-01-20 08:50:00,2025-01-20 17:50:00
D29,C12,2025-01-20 08:38:00,2025-01-20 17:38:00
D35,C13,2025-01-20 08:59:00,2025-01-20 17:59:00
D33,C13,2025-01-20 08:34:00,2025-01-20 14:34:00
D45,C14,2025-01-20 08:38:00,2025-01-20 14:38:00
D35,C14,2025-01-20 08:06:00,2025-01-20 15:06:00
D11,C15,2025-01-20 08:39:00,2025-01-20 14:39:00
D42,C15,2025-01-20 08:36:00,2025-01-20 17:36:00
D28,C16,2025-01-20 08:00:00,2025-01-20 14:00:00
D7,C16,2025-01-20 08:16:00,2025-01-20 15:16:00
D29,C17,2025-01-20 08:23:00,2025-01-20 17:23:00
D50,C18,2025-01-20 08:37:00,2025-01-20 15:37:00
D44,C18,2025-01-20 08:22:00,2025-01-20 14:22:00
D7,C19,2025-01-20 08:26:00,2025-01-20 14:26:00
D19,C19,2025-01-20 08:07:00,2025-01-20 15:07:00
D20,C20,2025-01-20 08:29:00,2025-01-20 15:29:00
D22,C20,2025-01-20 08:33:00,2025-01-20 17:33:00
D31,C21,2025-01-20 08:28:00,2025-01-20 17:28:00
D7,C21,2025-01-20 08:20:00,2025-01-20 14:20:00
D3,C22,2025-01-20 08:07:00,2025-01-20 14:07:00
D46,C22,2025-01-20 08:54:00,2025-01-20 16:54:00
D44,C23,2025-01-20 08:51:00,2025-01-20 15:51:00
D34,C24,2025-01-20 08:11:00,2025-01-20 15:11:00
D36,C25,2025-01-20 08:29:00,2025-01-20 15:29:00
D28,C25,2025-01-20 08:51:00,2025-01-20 17:51:00
D12,C1,2025-01-21 08:40:00,2025-01-21 17:40:00
D2,C2,2025-01-21 08:39:00,2025-01-21 15:39:00
D48,C2,2025-01-21 08:28:00,2025-01-21 17:28:00
D1,C3,2025-01-21 08:13:00,2025-01-21 15:13:00
D46,C3,2025-01-21 08:17:00,2025-01-21 14:17:00
D35,C4,2025-01-21 08:11:00,2025-01-21 16:11:00
D13,C5,2025-01-21 08:07:00,2025-01-21 16:07:00
D30,C5,2025-01-21 08:42:00,2025-01-21 17:42:00
D39,C6,2025-01-21 08:39:00,2025-01-21 17:39:00
D25,C6,2025-01-21 08:37:00,2025-01-21 14:37:00
D23,C7,2025-01-21 08:39:00,2025-01-21 15:39:00
D30,C7,2025-01-21 08:52:00,2025-01-21 16:52:00
D44,C8,2025-01-21 08:08:00,2025-01-21 16:08:00
D16,C9,2025-01-21 08:19:00,2025-01-21 14:19:00
D24,C10,2025-01-21 08:44:00,2025-01-21 15:44:00
D27,C11,2025-01-21 08:08:00,2025-01-21 17:08:00
D39,C11,2025-01-21 08:27:00,2025-01-21 15:27:00
D41,C12,2025-01-21 08:44:00,2025-01-21 15:44:00
D35,C12,2025-01-21 08:35:00,2025-01-21 15:35:00
D19,C13,2025-01-21 08:11:00,2025-01-21 16:11:00
D9,C13,2025-01-21 08:53:00,2025-01-21 17:53:00
D23,C14,2025-01-21 09:00:00,2025-01-21 15:00:00
D9,C15,2025-01-21 08:52:00,2025-01-21 17:52:00
D13,C15,2025-01-21 08:35:00,2025-01-21 17:35:00
D44,C16,2025-01-21 08:26:00,2025-01-21 17:26:00
D32,C16,2025-01-21 08:31:00,2025-01-21 15:31:00
D37,C17,2025-01-21 08:01:00,2025-01-21 15:01:00
D3,C18,2025-01-21 08:14:00,2025-01-21 16:14:00
D18,C18,2025-01-21 08:10:00,2025-01-21 17:10:00
D36,C19,2025-01-21 08:07:00,2025-01-21 14:07:00
D33,C19,2025-01-21 08:17:00,2025-01-21 16:17:00
D49,C20,2025-01-21 08:46:00,2025-01-21 17:46:00
D28,C21,2025-01-21 08:06:00,2025-01-21 15:06:00
D3,C22,2025-01-21 08:16:00,2025-01-21 16:16:00
D29,C22,2025-01-21 08:55:00,2025-01-21 14:55:00
D8,C23,2025-01-21 08:51:00,2025-01-21 15:51:00
D50,C23,2025-01-21 08:13:00,2025-01-21 16:13:00
D11,C24,2025-01-21 08:08:00,2025-01-21 15:08:00
D40,C24,2025-01-21 08:52:00,2025-01-21 15:52:00
D37,C25,2025-01-21 08:22:00,2025-01-21 16:22:00
D21,C1,2025-01-22 08:45:00,2025-01-22 16:45:00
D37,C2,2025-01-22 09:00:00,2025-01-22 15:00:00
D18,C2,2025-01-22 08:08:00,2025-01-22 17:08:00
D18,C3,2025-01-22 08:55:00,2025-01-22 15:55:00
D16,C4,2025-01-22 08:09:00,2025-01-22 16:09:00
D49,C5,2025-01-22 08:53:00,2025-01-22 17:53:00
D10,C6,2025-01-22 08:40:00,2025-01-22 16:40:00
D37,C6,2025-01-22 08:40:00,2025-01-22 17:40:00
D29,C7,2025-01-22 08:40:00,2025-01-22 14:40:00
D5,C7,2025-01-22 08:25:00,2025-01-22 16:25:00
D30,C8,2025-01-22 08:20:00,2025-01-22 14:20:00
D32,C8,2025-01-22 08:55:00,2025-01-22 14:55:00
D41,C9,2025-01-22 08:44:00,2025-01-22 16:44:00
D43,C9,2025-01-22 08:54:00,2025-01-22 14:54:00
D14,C10,2025-01-22 08:52:00,2025-01-22 15:52:00
D28,C10,2025-01-22 08:31:00,2025-01-22 16:31:00
D19,C11,2025-01-22 08:35:00,2025-01-22 15:35:00
D22,C11,2025-01-22 08:36:00,2025-01-22 17:36:00
D44,C12,2025-01-22 08:03:00,2025-01-22 14:03:00
D49,C12,2025-01-22 08:06:00,2025-01-22 17:06:00
D8,C13,2025-01-22 08:59:00,2025-01-22 15:59:00
D30,C14,2025-01-22 08:27:00,2025-01-22 15:27:00
D1,C14,2025-01-22 08:44:00,2025-01-22 15:44:00
D11,C15,2025-01-22 08:05:00,2025-01-22 16:05:00
D18,C15,2025-01-22 08:16:00,2025-01-22 14:16:00
D43,C16,2025-01-22 08:10:00,2025-01-22 14:10:00
D42,C16,2025-01-22 08:25:00,2025-01-22 16:25:00
D28,C17,2025-01-22 08:41:00,2025-01-22 14:41:00
D1,C18,2025-01-22 08:13:00,2025-01-22 17:13:00
D9,C19,2025-01-22 08:37:00,2025-01-22 15:37:00
D1,C20,2025-01-22 08:21:00,2025-01-22 14:21:00
D45,C20,2025-01-22 08:55:00,2025-01-22 17:55:00
D31,C21,2025-01-22 08:04:00,2025-01-22 15:04:00
D6,C22,2025-01-22 08:51:00,2025-01-22 14:51:00
D47,C22,2025-01-22 08:06:00,2025-01-22 16:06:00
D20,C23,2025-01-22 08:24:00,2025-01-22 15:24:00
D9,C23,2025-01-22 08:41:00,2025-01-22 15:41:00
D34,C24,2025-01-22 08:36:00,2025-01-22 14:36:00
D29,C25,2025-01-22 08:22:00,2025-01-22 15:22:00
D27,C1,2025-01-23 08:39:00,2025-01-23 17:39:00
D6,C2,2025-01-23 08:57:00,2025-01-23 14:57:00
D49,C3,2025-01-23 08:07:00,2025-01-23 17:07:00
D28,C4,2025-01-23 08:50:00,2025-01-23 15:50:00
D21,C4,2025-01-23 08:15:00,2025-01-23 16:15:00
D16,C5,2025-01-23 08:35:00,2025-01-23 16:35:00
D43,C6,2025-01-23 08:56:00,2025-01-23 16:56:00
D34,C7,2025-01-23 08:38:00,2025-01-23 15:38:00
D19,C8,2025-01-23 08:03:00,2025-01-23 15:03:00
D42,C8,2025-01-23 08:31:00,2025-01-23 17:31:00
D16,C9,2025-01-23 08:31:00,2025-01-23 14:31:00
D24,C10,2025-01-23 08:59:00,2025-01-23 16:59:00
D25,C11,2025-01-23 08:55:00,2025-01-23 17:55:00
D35,C12,2025-01-23 08:11:00,2025-01-23 17:11:00
D44,C12,2025-01-23 08:49:00,2025-01-23 14:49:00
D38,C13,2025-01-23 08:04:00,2025-01-23 14:04:00
D14,C14,2025-01-23 08:59:00,2025-01-23 14:59:00
D3,C14,2025-01-23 09:00:00,2025-01-23 18:00:00
D41,C15,2025-01-23 08:32:00,2025-01-23 17:32:00
D46,C15,2025-01-23 08:27:00,2025-01-23 17:27:00
D41,C16,2025-01-23 08:34:00,2025-01-23 15:34:00
D6,C17,2025-01-23 08:05:00,2025-01-23 15:05:00
D20,C17,2025-01-23 08:51:00,2025-01-23 15:51:00
D26,C18,2025-01-23 08:40:00,2025-01-23 14:40:00
D38,C18,2025-01-23 08:19:00,2025-01-23 17:19:00
D4,C19,2025-01-23 08:15:00,2025-01-23 14:15:00
D8,C20,2025-01-23 08:39:00,2025-01-23 14:39:00
D30,C20,2025-01-23 08:19:00,2025-01-23 15:19:00
D1,C21,2025-01-23 08:45:00,2025-01-23 15:45:00
D11,C22,2025-01-23 08:31:00,2025-01-23 16:31:00
D11,C23,2025-01-23 08:08:00,2025-01-23 16:08:00
D24,C23,2025-01-23 08:46:00,2025-01-23 14:46:00
D22,C24,2025-01-23 08:51:00,2025-01-23 17:51:00
D34,C25,2025-01-23 08:16:00,2025-01-23 14:16:00
D5,C25,2025-01-23 08:31:00,2025-01-23 17:31:00
D4,C1,2025-01-24 08:54:00,2025-01-24 15:54:00
D32,C1,2025-01-24 08:23:00,2025-01-24 15:23:00
D50,C2,2025-01-24 08:57:00,2025-01-24 14:57:00
D7,C2,2025-01-24 08:14:00,2025-01-24 14:14:00
D1,C3,2025-01-24 08:15:00,2025-01-24 14:15:00
D24,C4,2025-01-24 08:58:00,2025-01-24 15:58:00
D25,C4,2025-01-24 08:11:00,2025-01-24 14:11:00
D15,C5,2025-01-24 08:15:00,2025-01-24 17:15:00
D21,C5,2025-01-24 08:58:00,2025-01-24 16:58:00
D5,C6,2025-01-24 08:23:00,2025-01-24 14:23:00
D37,C6,2025-01-24 08:32:00,2025-01-24 14:32:00
D15,C7,2025-01-24 08:51:00,2025-01-24 14:51:00
D5,C8,2025-01-24 08:55:00,2025-01-24 16:55:00
D30,C8,2025-01-24 08:49:00,2025-01-24 16:49:00
D6,C9,2025-01-24 08:29:00,2025-01-24 14:29:00
D36,C9,2025-01-24 08:23:00,2025-01-24 15:23:00
D37,C10,2025-01-24 08:47:00,2025-01-24 15:47:00
D20,C10,2025-01-24 08:29:00,2025-01-24 16:29:00
D50,C11,2025-01-24 08:46:00,2025-01-24 15:46:00
D13,C11,2025-01-24 08:09:00,2025-01-24 14:09:00
D2,C12,2025-01-24 08:34:00,2025-01-24 16:34:00
D15,C12,2025-01-24 08:40:00,2025-01-24 14:40:00
D1,C13,2025-01-24 08:42:00,2025-01-24 17:42:00
D49,C13,2025-01-24 08:54:00,2025-01-24 16:54:00
D14,C14,2025-01-24 08:33:00,2025-01-24 15:33:00
D32,C15,2025-01-24 08:09:00,2025-01-24 16:09:00
D4,C15,2025-01-24 08:05:00,2025-01-24 14:05:00
D34,C16,2025-01-24 08:26:00,2025-01-24 16:26:00
D48,C17,2025-01-24 08:37:00,2025-01-24 14:37:00
D6,C17,2025-01-24 08:32:00,2025-01-24 15:32:00
D5,C18,2025-01-24 08:36:00,2025-01-24 14:36:00
D38,C18,2025-01-24 08:27:00,2025-01-24 15:27:00
D19,C19,2025-01-24 08:16:00,2025-01-24 16:16:00
D45,C20,2025-01-24 08:20:00,2025-01-24 16:20:00
D48,C20,2025-01-24 08:28:00,2025-01-24 16:28:00
D5,C21,2025-01-24 09:00:00,2025-01-24 16:00:00
D50,C22,2025-01-24 08:49:00,2025-01-24 14:49:00
D7,C23,2025-01-24 08:10:00,2025-01-24 17:10:00
D21,C24,2025-01-24 08:07:00,2025-01-24 16:07:00
D27,C24,2025-01-24 08:49:00,2025-01-24 15:49:00
D20,C25,2025-01-24 08:16:00,2025-01-24 14:16:00
D30,C25,2025-01-24 08:05:00,2025-01-24 15:05:00
D46,C1,2025-01-25 08:38:00,2025-01-25 14:38:00
D45,C1,2025-01-25 08:13:00,2025-01-25 16:13:00
D6,C2,2025-01-25 08:45:00,2025-01-25 15:45:00
D26,C3,2025-01-25 08:03:00,2025-01-25 16:03:00
D33,C3,2025-01-25 08:16:00,2025-01-25 15:16:00
D26,C4,2025-01-25 08:54:00,2025-01-25 17:54:00
D7,C5,2025-01-25 08:29:00,2025-01-25 14:29:00
D8,C6,2025-01-25 08:00:00,2025-01-25 14:00:00
D9,C7,2025-01-25 08:12:00,2025-01-25 17:12:00
D44,C8,2025-01-25 09:00:00,2025-01-25 15:00:00
D41,C8,2025-01-25 08:37:00,2025-01-25 16:37:00
D2,C9,2025-01-25 08:04:00,2025-01-25 15:04:00
D9,C10,2025-01-25 08:57:00,2025-01-25 16:57:00
D6,C10,2025-01-25 08:07:00,2025-01-25 14:07:00
D4,C11,2025-01-25 08:59:00,2025-01-25 17:59:00
D11,C11,2025-01-25 08:52:00,2025-01-25 17:52:00
D2,C12,2025-01-25 08:43:00,2025-01-25 17:43:00
D25,C12,2025-01-25 08:11:00,2025-01-25 16:11:00
D12,C13,2025-01-25 08:17:00,2025-01-25 16:17:00
D10,C14,2025-01-25 08:39:00,2025-01-25 15:39:00
D3,C14,2025-01-25 08:41:00,2025-01-25 16:41:00
D27,C15,2025-01-25 08:30:00,2025-01-25 14:30:00
D36,C15,2025-01-25 08:05:00,2025-01-25 16:05:00
D9,C16,2025-01-25 08:12:00,2025-01-25 15:12:00
D27,C16,2025-01-25 08:40:00,2025-01-25 14:40:00
D46,C17,2025-01-25 08:30:00,2025-01-25 17:30:00
D23,C17,2025-01-25 08:22:00,2025-01-25 16:22:00
D18,C18,2025-01-25 08:01:00,2025-01-25 16:01:00
D12,C18,2025-01-25 08:38:00,2025-01-25 15:38:00
D50,C19,2025-01-25 08:17:00,2025-01-25 14:17:00
D34,C20,2025-01-25 08:49:00,2025-01-25 15:49:00
D23,C20,2025-01-25 08:10:00,2025-01-25 14:10:00
D43,C21,2025-01-25 08:15:00,2025-01-25 16:15:00
D49,C22,2025-01-25 09:00:00,2025-01-25 16:00:00
D23,C23,2025-01-25 08:11:00,2025-01-25 15:11:00
D12,C23,2025-01-25 08:37:00,2025-01-25 16:37:00
D38,C24,2025-01-25 08:45:00,2025-01-25 16:45:00
D2,C24,2025-01-25 09:00:00,2025-01-25 16:00:00
D32,C25,2025-01-25 08:34:00,2025-01-25 16:34:00
D32,C1,2025-01-26 08:02:00,2025-01-26 14:02:00
D15,C2,2025-01-26 08:38:00,2025-01-26 15:38:00
D34,C3,2025-01-26 08:30:00,2025-01-26 14:30:00
D40,C4,2025-01-26 08:51:00,2025-01-26 15:51:00
D13,C4,2025-01-26 08:21:00,2025-01-26 15:21:00
D4,C5,2025-01-26 08:09:00,2025-01-26 15:09:00
D2,C5,2025-01-26 08:49:00,2025-01-26 14:49:00
D5,C6,2025-01-26 08:45:00,2025-01-26 17:45:00
D24,C6,2025-01-26 08:37:00,2025-01-26 14:37:00
D20,C7,2025-01-26 08:08:00,2025-01-26 15:08:00
D21,C7,2025-01-26 08:46:00,2025-01-26 17:46:00
D42,C8,2025-01-26 08:11:00,2025-01-26 16:11:00
D21,C8,2025-01-26 08:14:00,2025-01-26 15:14:00
D20,C9,2025-01-26 08:44:00,2025-01-26 16:44:00
D47,C9,2025-01-26 08:08:00,2025-01-26 15:08:00
D45,C10,2025-01-26 09:00:00,2025-01-26 18:00:00
D12,C11,2025-01-26 08:38:00,2025-01-26 16:38:00
D41,C12,2025-01-26 08:36:00,2025-01-26 14:36:00
D10,C13,2025-01-26 08:47:00,2025-01-26 14:47:00
D22,C13,2025-01-26 08:15:00,2025-01-26 16:15:00
D11,C14,2025-01-26 08:56:00,2025-01-26 14:56:00
D41,C14,2025-01-26 08:52:00,2025-01-26 16:52:00
D1,C15,2025-01-26 08:13:00,2025-01-26 15:13:00
D17,C15,2025-01-26 08:44:00,2025-01-26 14:44:00
D17,C16,2025-01-26 08:46:00,2025-01-26 14:46:00
D7,C16,2025-01-26 08:03:00,2025-01-26 17:03:00
D47,C17,2025-01-26 08:10:00,2025-01-26 17:10:00
D27,C17,2025-01-26 08:31:00,2025-01-26 17:31:00
D35,C18,2025-01-26 08:06:00,2025-01-26 17:06:00
D25,C18,2025-01-26 08:50:00,2025-01-26 15:50:00
D29,C19,2025-01-26 08:04:00,2025-01-26 14:04:00
D2,C20,2025-01-26 08:16:00,2025-01-26 14:16:00
D21,C20,2025-01-26 08:04:00,2025-01-26 16:04:00
D25,C21,2025-01-26 08:10:00,2025-01-26 14:10:00
D22,C22,2025-01-26 08:38:00,2025-01-26 17:38:00
D28,C23,2025-01-26 09:00:00,2025-01-26 16:00:00
D11,C24,2025-01-26 08:06:00,2025-01-26 16:06:00
D4,C24,2025-01-26 08:13:00,2025-01-26 15:13:00
D45,C25,2025-01-26 08:46:00,2025-01-26 16:46:00
D36,C25,2025-01-26 08:42:00,2025-01-26 16:42:00
D16,C1,2025-01-27 08:03:00,2025-01-27 17:03:00
D7,C1,2025-01-27 08:36:00,2025-01-27 17:36:00
D4,C2,2025-01-27 08:23:00,2025-01-27 14:23:00
D6,C3,2025-01-27 08:52:00,2025-01-27 17:52:00
D19,C3,2025-01-27 08:12:00,2025-01-27 14:12:00
D14,C4,2025-01-27 08:10:00,2025-01-27 16:10:00
D31,C5,2025-01-27 08:54:00,2025-01-27 14:54:00
D26,C6,2025-01-27 08:31:00,2025-01-27 16:31:00
D31,C6,2025-01-27 08:05:00,2025-01-27 17:05:00
D24,C7,2025-01-27 08:56:00,2025-01-27 17:56:00
D12,C8,2025-01-27 08:02:00,2025-01-27 16:02:00
D29,C8,2025-01-27 08:28:00,2025-01-27 17:28:00
D15,C9,2025-01-27 08:36:00,2025-01-27 14:36:00
D18,C9,2025-01-27 08:09:00,2025-01-27 14:09:00
D43,C10,2025-01-27 08:22:00,2025-01-27 17:22:00
D36,C11,2025-01-27 08:03:00,2025-01-27 17:03:00
D35,C12,2025-01-27 08:55:00,2025-01-27 17:55:00
D44,C12,2025-01-27 08:36:00,2025-01-27 15:36:00
D20,C13,2025-01-27 08:25:00,2025-01-27 14:25:00
D6,C13,2025-01-27 08:32:00,2025-01-27 15:32:00
D49,C14,2025-01-27 08:28:00,2025-01-27 15:28:00
D14,C15,2025-01-27 08:51:00,2025-01-27 15:51:00
D3,C16,2025-01-27 08:27:00,2025-01-27 14:27:00
D13,C17,2025-01-27 08:09:00,2025-01-27 16:09:00
D41,C17,2025-01-27 08:20:00,2025-01-27 14:20:00
D25,C18,2025-01-27 08:35:00,2025-01-27 17:35:00
D18,C19,2025-01-27 08:29:00,2025-01-27 14:29:00
D34,C19,2025-01-27 08:50:00,2025-01-27 17:50:00
D27,C20,2025-01-27 08:09:00,2025-01-27 15:09:00
D7,C21,2025-01-27 08:36:00,2025-01-27 14:36:00
D35,C22,2025-01-27 08:56:00,2025-01-27 17:56:00
D23,C22,2025-01-27 08:16:00,2025-01-27 17:16:00
D37,C23,2025-01-27 08:30:00,2025-01-27 14:30:00
D39,C23,2025-01-27 08:11:00,2025-01-27 16:11:00
D10,C24,2025-01-27 08:38:00,2025-01-27 17:38:00
D40,C24,2025-01-27 08:02:00,2025-01-27 17:02:00
D45,C25,2025-01-27 08:03:00,2025-01-27 17:03:00
D16,C25,2025-01-27 08:58:00,2025-01-27 16:58:00
D2,C1,2025-01-28 08:52:00,2025-01-28 16:52:00
D22,C1,2025-01-28 08:19:00,2025-01-28 16:19:00
D45,C2,2025-01-28 08:06:00,2025-01-28 15:06:00
D44,C2,2025-01-28 08:08:00,2025-01-28 16:08:00
D50,C3,2025-01-28 08:17:00,2025-01-28 17:17:00
D21,C3,2025-01-28 08:38:00,2025-01-28 14:38:00
D29,C4,2025-01-28 08:13:00,2025-01-28 17:13:00
D49,C5,2025-01-28 08:55:00,2025-01-28 16:55:00
D34,C5,2025-01-28 08:52:00,2025-01-28 14:52:00
D5,C6,2025-01-28 08:19:00,2025-01-28 17:19:00
D50,C7,2025-01-28 08:54:00,2025-01-28 14:54:00
D13,C8,2025-01-28 08:56:00,2025-01-28 15:56:00
D16,C9,2025-01-28 08:02:00,2025-01-28 17:02:00
D24,C10,2025-01-28 08:45:00,2025-01-28 15:45:00
D24,C11,2025-01-28 08:32:00,2025-01-28 17:32:00
D30,C11,2025-01-28 08:40:00,2025-01-28 14:40:00
D16,C12,2025-01-28 08:23:00,2025-01-28 17:23:00
D12,C13,2025-01-28 08:37:00,2025-01-28 16:37:00
D31,C13,2025-01-28 08:22:00,2025-01-28 15:22:00
D48,C14,2025-01-28 08:05:00,2025-01-28 16:05:00
D45,C14,2025-01-28 08:01:00,2025-01-28 17:01:00
D11,C15,2025-01-28 08:54:00,2025-01-28 15:54:00
D42,C16,2025-01-28 08:14:00,2025-01-28 15:14:00
D42,C17,2025-01-28 08:32:00,2025-01-28 14:32:00
D27,C17,2025-01-28 08:55:00,2025-01-28 14:55:00
D9,C18,2025-01-28 08:11:00,2025-01-28 14:11:00
D42,C18,2025-01-28 08:14:00,2025-01-28 16:14:00
D46,C19,2025-01-28 08:17:00,2025-01-28 17:17:00
D42,C19,2025-01-28 08:57:00,2025-01-28 17:57:00
D30,C20,2025-01-28 08:13:00,2025-01-28 17:13:00
D17,C20,2025-01-28 08:19:00,2025-01-28 17:19:00
D1,C21,2025-01-28 08:32:00,2025-01-28 16:32:00
D20,C22,2025-01-28 08:06:00,2025-01-28 17:06:00
D44,C22,2025-01-28 08:04:00,2025-01-28 16:04:00
D41,C23,2025-01-28 08:55:00,2025-01-28 16:55:00
D21,C23,2025-01-28 08:16:00,2025-01-28 16:16:00
D10,C24,2025-01-28 08:33:00,2025-01-28 15:33:00
D39,C25,2025-01-28 08:25:00,2025-01-28 16:25:00
D47,C1,2025-01-29 08:01:00,2025-01-29 17:01:00
D17,C2,2025-01-29 08:25:00,2025-01-29 17:25:00
D27,C2,2025-01-29 08:47:00,2025-01-29 14:47:00
D22,C3,2025-01-29 08:46:00,2025-01-29 15:46:00
D43,C4,2025-01-29 08:32:00,2025-01-29 16:32:00
D23,C4,2025-01-29 08:54:00,2025-01-29 15:54:00
D19,C5,2025-01-29 08:06:00,2025-01-29 17:06:00
D48,C6,2025-01-29 08:16:00,2025-01-29 15:16:00
D42,C7,2025-01-29 08:14:00,2025-01-29 16:14:00
D6,C7,2025-01-29 08:14:00,2025-01-29 16:14:00
D22,C8,2025-01-29 08:16:00,2025-01-29 16:16:00
D24,C8,2025-01-29 08:29:00,2025-01-29 14:29:00
D4,C9,2025-01-29 08:37:00,2025-01-29 14:37:00
D41,C9,2025-01-29 08:30:00,2025-01-29 15:30:00
D44,C10,2025-01-29 08:24:00,2025-01-29 16:24:00
D4,C11,2025-01-29 08:08:00,2025-01-29 15:08:00
D10,C11,2025-01-29 08:21:00,2025-01-29 17:21:00
D10,C12,2025-01-29 08:55:00,2025-01-29 15:55:00
D21,C12,2025-01-29 08:49:00,2025-01-29 14:49:00
D22,C13,2025-01-29 08:11:00,2025-01-29 16:11:00
D41,C13,2025-01-29 08:40:00,2025-01-29 14:40:00
D29,C14,2025-01-29 08:17:00,2025-01-29 15:17:00
D37,C15,2025-01-29 08:48:00,2025-01-29 15:48:00
D49,C16,2025-01-29 08:05:00,2025-01-29 15:05:00
D50,C16,2025-01-29 08:39:00,2025-01-29 17:39:00
D26,C17,2025-01-29 08:30:00,2025-01-29 17:30:00
D28,C17,2025-01-29 08:00:00,2025-01-29 14:00:00
D47,C18,2025-01-29 08:23:00,2025-01-29 14:23:00
D49,C19,2025-01-29 08:12:00,2025-01-29 14:12:00
D34,C19,2025-01-29 08:43:00,2025-01-29 14:43:00
D15,C20,2025-01-29 08:44:00,2025-01-29 16:44:00
D9,C21,2025-01-29 08:24:00,2025-01-29 16:24:00
D7,C21,2025-01-29 08:10:00,2025-01-29 14:10:00
D20,C22,2025-01-29 09:00:00,2025-01-29 17:00:00
D47,C23,2025-01-29 08:38:00,2025-01-29 16:38:00
D34,C23,2025-01-29 08:27:00,2025-01-29 15:27:00
D32,C24,2025-01-29 08:48:00,2025-01-29 15:48:00
D23,C24,2025-01-29 08:10:00,2025-01-29 17:10:00
D15,C25,2025-01-29 08:14:00,2025-01-29 15:14:00
D47,C1,2025-01-30 08:01:00,2025-01-30 15:01:00
D24,C2,2025-01-30 08:45:00,2025-01-30 14:45:00
D41,C3,2025-01-30 08:49:00,2025-01-30 14:49:00
D17,C3,2025-01-30 08:38:00,2025-01-30 14:38:00
D42,C4,2025-01-30 08:53:00,2025-01-30 14:53:00
D45,C5,2025-01-30 08:07:00,2025-01-30 17:07:00
D25,C6,2025-01-30 08:35:00,2025-01-30 16:35:00
D8,C6,2025-01-30 08:30:00,2025-01-30 15:30:00
D45,C7,2025-01-30 08:43:00,2025-01-30 14:43:00
D27,C8,2025-01-30 08:06:00,2025-01-30 16:06:00
D43,C8,2025-01-30 08:39:00,2025-01-30 15:39:00
D7,C9,2025-01-30 08:46:00,2025-01-30 14:46:00
D33,C9,2025-01-30 08:18:00,2025-01-30 14:18:00
D32,C10,2025-01-30 08:12:00,2025-01-30 15:12:00
D34,C11,2025-01-30 08:22:00,2025-01-30 17:22:00
D13,C11,2025-01-30 08:18:00,2025-01-30 15:18:00
D36,C12,2025-01-30 08:31:00,2025-01-30 15:31:00
D22,C13,2025-01-30 08:00:00,2025-01-30 14:00:00
D16,C13,2025-01-30 08:42:00,2025-01-30 14:42:00
D37,C14,2025-01-30 08:42:00,2025-01-30 17:42:00
D6,C15,2025-01-30 08:49:00,2025-01-30 14:49:00
D17,C16,2025-01-30 08:41:00,2025-01-30 15:41:00
D19,C17,2025-01-30 08:29:00,2025-01-30 14:29:00
D17,C17,2025-01-30 08:06:00,2025-01-30 15:06:00
D19,C18,2025-01-30 08:23:00,2025-01-30 16:23:00
D48,C19,2025-01-30 08:06:00,2025-01-30 14:06:00
D8,C19,2025-01-30 08:00:00,2025-01-30 15:00:00
D22,C20,2025-01-30 08:22:00,2025-01-30 17:22:00
D47,C21,2025-01-30 08:23:00,2025-01-30 16:23:00
D6,C21,2025-01-30 08:11:00,2025-01-30 14:11:00
D26,C22,2025-01-30 08:17:00,2025-01-30 17:17:00
D30,C22,2025-01-30 08:44:00,2025-01-30 17:44:00
D42,C23,2025-01-30 08:07:00,2025-01-30 15:07:00
D11,C23,2025-01-30 08:44:00,2025-01-30 14:44:00
D7,C24,2025-01-30 08:26:00,2025-01-30 17:26:00
D12,C25,2025-01-30 08:24:00,2025-01-30 16:24:00
D40,C25,2025-01-30 08:39:00,2025-01-30 14:39:00
D31,C1,2025-01-31 08:58:00,2025-01-31 17:58:00
D27,C2,2025-01-31 08:28:00,2025-01-31 14:28:00
D17,C3,2025-01-31 08:41:00,2025-01-31 16:41:00
D46,C4,2025-01-31 08:55:00,2025-01-31 15:55:00
D34,C5,2025-01-31 08:44:00,2025-01-31 14:44:00
D45,C5,2025-01-31 08:27:00,2025-01-31 15:27:00
D23,C6,2025-01-31 08:43:00,2025-01-31 17:43:00
D43,C6,2025-01-31 08:09:00,2025-01-31 14:09:00
D42,C7,2025-01-31 08:59:00,2025-01-31 15:59:00
D32,C8,2025-01-31 08:04:00,2025-01-31 17:04:00
D11,C8,2025-01-31 08:20:00,2025-01-31 15:20:00
D18,C9,2025-01-31 08:32:00,2025-01-31 15:32:00
D4,C9,2025-01-31 08:35:00,2025-01-31 17:35:00
D16,C10,2025-01-31 08:29:00,2025-01-31 17:29:00
D6,C10,2025-01-31 08:51:00,2025-01-31 17:51:00
D32,C11,2025-01-31 08:28:00,2025-01-31 16:28:00
D32,C12,2025-01-31 08:47:00,2025-01-31 14:47:00
D26,C13,2025-01-31 08:26:00,2025-01-31 14:26:00
D6,C14,2025-01-31 08:50:00,2025-01-31 16:50:00
D42,C15,2025-01-31 08:42:00,2025-01-31 17:42:00
D24,C16,2025-01-31 08:52:00,2025-01-31 15:52:00
D4,C16,2025-01-31 08:54:00,2025-01-31 17:54:00
D36,C17,2025-01-31 08:39:00,2025-01-31 17:39:00
D50,C17,2025-01-31 08:45:00,2025-01-31 16:45:00
D8,C18,2025-01-31 08:48:00,2025-01-31 15:48:00
D7,C18,2025-01-31 08:00:00,2025-01-31 16:00:00
D41,C19,2025-01-31 08:35:00,2025-01-31 16:35:00
D19,C19,2025-01-31 08:44:00,2025-01-31 14:44:00
D11,C20,2025-01-31 08:31:00,2025-01-31 15:31:00
D7,C21,2025-01-31 08:39:00,2025-01-31 15:39:00
D17,C21,2025-01-31 08:12:00,2025-01-31 14:12:00
D14,C22,2025-01-31 08:52:00,2025-01-31 15:52:00
D30,C22,2025-01-31 08:45:00,2025-01-31 16:45:00
D49,C23,2025-01-31 08:26:00,2025-01-31 14:26:00
D50,C24,2025-01-31 08:57:00,2025-01-31 17:57:00
D43,C25,2025-01-31 08:32:00,2025-01-31 15:32:00
D38,C25,2025-01-31 08:31:00,2025-01-31 14:31:00
D36,C1,2025-02-01 08:59:00,2025-02-01 17:59:00
D33,C2,2025-02-01 08:58:00,2025-02-01 15:58:00
D50,C2,2025-02-01 08:44:00,2025-02-01 15:44:00
D7,C3,2025-02-01 08:24:00,2025-02-01 16:24:00
D27,C4,2025-02-01 08:58:00,2025-02-01 15:58:00
D39,C4,2025-02-01 08:17:00,2025-02-01 17:17:00
D19,C5,2025-02-01 08:51:00,2025-02-01 15:51:00
D29,C5,2025-02-01 08:08:00,2025-02-01 17:08:00
D45,C6,2025-02-01 08:55:00,2025-02-01 16:55:00
D36,C6,2025-02-01 08:45:00,2025-02-01 15:45:00
D14,C7,2025-02-01 08:39:00,2025-02-01 16:39:00
D44,C8,2025-02-01 08:45:00,2025-02-01 15:45:00
D9,C8,2025-02-01 08:32:00,2025-02-01 16:32:00
D49,C9,2025-02-01 08:22:00,2025-02-01 17:22:00
D44,C10,2025-02-01 08:57:00,2025-02-01 16:57:00
D48,C10,2025-02-01 08:56:00,2025-02-01 17:56:00
D34,C11,2025-02-01 08:06:00,2025-02-01 14:06:00
D10,C12,2025-02-01 08:42:00,2025-02-01 14:42:00
D4,C12,2025-02-01 08:12:00,2025-02-01 16:12:00
D19,C13,2025-02-01 08:43:00,2025-02-01 16:43:00
D4,C14,2025-02-01 08:44:00,2025-02-01 16:44:00
D49,C15,2025-02-01 08:34:00,2025-02-01 14:34:00
D29,C16,2025-02-01 08:39:00,2025-02-01 15:39:00
D7,C16,2025-02-01 08:47:00,2025-02-01 17:47:00
D33,C17,2025-02-01 08:50:00,2025-02-01 16:50:00
D25,C18,2025-02-01 08:24:00,2025-02-01 17:24:00
D36,C19,2025-02-01 08:00:00,2025-02-01 16:00:00
D4,C19,2025-02-01 08:12:00,2025-02-01 17:12:00
D41,C20,2025-02-01 08:45:00,2025-02-01 16:45:00
D50,C21,2025-02-01 08:46:00,2025-02-01 15:46:00
D29,C22,2025-02-01 08:43:00,2025-02-01 14:43:00
D12,C22,2025-02-01 08:11:00,2025-02-01 15:11:00
D25,C23,2025-02-01 08:02:00,2025-02-01 17:02:00
D36,C24,2025-02-01 08:08:00,2025-02-01 15:08:00
D17,C24,2025-02-01 08:37:00,2025-02-01 16:37:00
D22,C25,2025-02-01 08:29:00,2025-02-01 15:29:00
D10,C1,2025-02-02 08:59:00,2025-02-02 16:59:00
D50,C2,2025-02-02 08:59:00,2025-02-02 16:59:00
D37,C3,2025-02-02 08:22:00,2025-02-02 14:22:00
D36,C3,2025-02-02 08:50:00,2025-02-02 16:50:00
D12,C4,2025-02-02 08:33:00,2025-02-02 14:33:00
D27,C5,2025-02-02 08:34:00,2025-02-02 17:34:00
D23,C6,2025-02-02 08:14:00,2025-02-02 15:14:00
D22,C7,2025-02-02 08:18:00,2025-02-02 15:18:00
D24,C7,2025-02-02 09:00:00,2025-02-02 18:00:00
D8,C8,2025-02-02 08:42:00,2025-02-02 16:42:00
D16,C9,2025-02-02 08:39:00,2025-02-02 15:39:00
D42,C9,2025-02-02 08:02:00,2025-02-02 16:02:00
D8,C10,2025-02-02 08:16:00,2025-02-02 16:16:00
D25,C10,2025-02-02 08:01:00,2025-02-02 16:01:00
D32,C11,2025-02-02 08:18:00,2025-02-02 15:18:00
D3,C11,2025-02-02 08:20:00,2025-02-02 14:20:00
D11,C12,2025-02-02 08:49:00,2025-02-02 14:49:00
D14,C13,2025-02-02 08:42:00,2025-02-02 15:42:00
D7,C14,2025-02-02 08:34:00,2025-02-02 17:34:00
D14,C14,2025-02-02 08:41:00,2025-02-02 14:41:00
D2,C15,2025-02-02 08:29:00,2025-02-02 16:29:00
D6,C16,2025-02-02 08:04:00,2025-02-02 14:04:00
D17,C17,2025-02-02 08:35:00,2025-02-02 14:35:00
D17,C18,2025-02-02 08:26:00,2025-02-02 17:26:00
D41,C19,2025-02-02 08:27:00,2025-02-02 16:27:00
D26,C19,2025-02-02 08:01:00,2025-02-02 17:01:00
D35,C20,2025-02-02 08:00:00,2025-02-02 14:00:00
D45,C21,2025-02-02 08:54:00,2025-02-02 14:54:00
D33,C22,2025-02-02 08:18:00,2025-02-02 16:18:00
D7,C22,2025-02-02 08:38:00,2025-02-02 14:38:00
D49,C23,2025-02-02 08:24:00,2025-02-02 17:24:00
D29,C23,2025-02-02 08:52:00,2025-02-02 14:52:00
D11,C24,2025-02-02 08:14:00,2025-02-02 15:14:00
D35,C24,2025-02-02 08:47:00,2025-02-02 17:47:00
D41,C25,2025-02-02 08:19:00,2025-02-02 16:19:00
D10,C25,2025-02-02 09:00:00,2025-02-02 15:00:00
D8,C1,2025-02-03 08:02:00,2025-02-03 14:02:00
D35,C2,2025-02-03 09:00:00,2025-02-03 15:00:00
D36,C2,2025-02-03 08:19:00,2025-02-03 15:19:00
D14,C3,2025-02-03 08:57:00,2025-02-03 15:57:00
D27,C3,2025-02-03 08:10:00,2025-02-03 15:10:00
D40,C4,2025-02-03 08:53:00,2025-02-03 16:53:00
D8,C5,2025-02-03 08:11:00,2025-02-03 14:11:00
D42,C6,2025-02-03 08:04:00,2025-02-03 16:04:00
D36,C6,2025-02-03 08:42:00,2025-02-03 14:42:00
D7,C7,2025-02-03 08:46:00,2025-02-03 17:46:00
D13,C7,2025-02-03 09:00:00,2025-02-03 17:00:00
D9,C8,2025-02-03 08:41:00,2025-02-03 15:41:00
D43,C8,2025-02-03 08:06:00,2025-02-03 16:06:00
D13,C9,2025-02-03 08:20:00,2025-02-03 17:20:00
D22,C10,2025-02-03 08:42:00,2025-02-03 16:42:00
D40,C10,2025-02-03 08:44:00,2025-02-03 15:44:00
D21,C11,2025-02-03 08:10:00,2025-02-03 14:10:00
D28,C11,2025-02-03 08:20:00,2025-02-03 15:20:00
D46,C12,2025-02-03 08:47:00,2025-02-03 17:47:00
D24,C13,2025-02-03 08:43:00,2025-02-03 16:43:00
D9,C13,2025-02-03 08:56:00,2025-02-03 17:56:00
D29,C14,2025-02-03 08:49:00,2025-02-03 16:49:00
D23,C14,2025-02-03 08:31:00,2025-02-03 14:31:00
D42,C15,2025-02-03 08:38:00,2025-02-03 14:38:00
D9,C16,2025-02-03 08:12:00,2025-02-03 16:12:00
D35,C16,2025-02-03 08:46:00,2025-02-03 14:46:00
D2,C17,2025-02-03 08:54:00,2025-02-03 14:54:00
D50,C18,2025-02-03 08:13:00,2025-02-03 14:13:00
D38,C18,2025-02-03 08:35:00,2025-02-03 16:35:00
D42,C19,2025-02-03 08:09:00,2025-02-03 16:09:00
D50,C19,2025-02-03 08:25:00,2025-02-03 15:25:00
D9,C20,2025-02-03 08:32:00,2025-02-03 14:32:00
D30,C20,2025-02-03 08:25:00,2025-02-03 16:25:00
D43,C21,2025-02-03 08:15:00,2025-02-03 15:15:00
D29,C22,2025-02-03 08:10:00,2025-02-03 15:10:00
D48,C23,2025-02-03 08:46:00,2025-02-03 17:46:00
D3,C24,2025-02-03 08:48:00,2025-02-03 17:48:00
D15,C24,2025-02-03 08:14:00,2025-02-03 14:14:00
D24,C25,2025-02-03 08:02:00,2025-02-03 15:02:00
D15,C25,2025-02-03 08:33:00,2025-02-03 16:33:00
D31,C1,2025-02-04 08:56:00,2025-02-04 14:56:00
D30,C1,2025-02-04 08:02:00,2025-02-04 16:02:00
D46,C2,2025-02-04 08:33:00,2025-02-04 16:33:00
D38,C3,2025-02-04 08:36:00,2025-02-04 15:36:00
D35,C3,2025-02-04 08:24:00,2025-02-04 17:24:00
D38,C4,2025-02-04 08:57:00,2025-02-04 14:57:00
D42,C4,2025-02-04 08:33:00,2025-02-04 16:33:00
D15,C5,2025-02-04 08:25:00,2025-02-04 16:25:00
D34,C5,2025-02-04 08:52:00,2025-02-04 16:52:00
D31,C6,2025-02-04 08:00:00,2025-02-04 15:00:00
D39,C6,2025-02-04 08:28:00,2025-02-04 15:28:00
D5,C7,2025-02-04 08:32:00,2025-02-04 16:32:00
D10,C8,2025-02-04 08:11:00,2025-02-04 15:11:00
D39,C9,2025-02-04 08:52:00,2025-02-04 14:52:00
D46,C9,2025-02-04 08:42:00,2025-02-04 15:42:00
D22,C10,2025-02-04 08:07:00,2025-02-04 17:07:00
D47,C10,2025-02-04 08:43:00,2025-02-04 17:43:00
D14,C11,2025-02-04 08:10:00,2025-02-04 17:10:00
D38,C11,2025-02-04 08:01:00,2025-02-04 15:01:00
D9,C12,2025-02-04 08:36:00,2025-02-04 15:36:00
D41,C13,2025-02-04 08:32:00,2025-02-04 14:32:00
D4,C14,2025-02-04 08:10:00,2025-02-04 16:10:00
D34,C15,2025-02-04 08:25:00,2025-02-04 14:25:00
D6,C16,2025-02-04 08:28:00,2025-02-04 17:28:00
D14,C16,2025-02-04 08:55:00,2025-02-04 17:55:00
D15,C17,2025-02-04 08:53:00,2025-02-04 17:53:00
D38,C18,2025-02-04 08:52:00,2025-02-04 15:52:00
D11,C19,2025-02-04 08:43:00,2025-02-04 16:43:00
D47,C19,2025-02-04 08:59:00,2025-02-04 17:59:00
D15,C20,2025-02-04 08:24:00,2025-02-04 17:24:00
D7,C21,2025-02-04 08:01:00,2025-02-04 15:01:00
D10,C22,2025-02-04 08:06:00,2025-02-04 15:06:00
D39,C22,2025-02-04 08:30:00,2025-02-04 14:30:00
D6,C23,2025-02-04 08:30:00,2025-02-04 15:30:00
D50,C24,2025-02-04 08:43:00,2025-02-04 17:43:00
D24,C25,2025-02-04 08:44:00,2025-02-04 17:44:00
D3,C25,2025-02-04 08:14:00,2025-02-04 17:14:00
D23,C1,2025-02-05 08:51:00,2025-02-05 14:51:00
D38,C1,2025-02-05 08:27:00,2025-02-05 15:27:00
D31,C2,2025-02-05 08:14:00,2025-02-05 14:14:00
D50,C2,2025-02-05 08:18:00,2025-02-05 17:18:00
D13,C3,2025-02-05 08:45:00,2025-02-05 14:45:00
D1,C3,2025-02-05 08:36:00,2025-02-05 14:36:00
D25,C4,2025-02-05 08:41:00,2025-02-05 15:41:00
D27,C5,2025-02-05 08:06:00,2025-02-05 15:06:00
D24,C5,2025-02-05 08:27:00,2025-02-05 16:27:00
D35,C6,2025-02-05 08:36:00,2025-02-05 16:36:00
D28,C6,2025-02-05 08:39:00,2025-02-05 16:39:00
D49,C7,2025-02-05 08:26:00,2025-02-05 17:26:00
D14,C7,2025-02-05 08:11:00,2025-02-05 16:11:00
D17,C8,2025-02-05 08:36:00,2025-02-05 16:36:00
D20,C8,2025-02-05 08:49:00,2025-02-05 17:49:00
D43,C9,2025-02-05 08:07:00,2025-02-05 15:07:00
D45,C10,2025-02-05 08:06:00,2025-02-05 15:06:00
D11,C10,2025-02-05 08:32:00,2025-02-05 17:32:00
D36,C11,2025-02-05 08:44:00,2025-02-05 14:44:00
D40,C11,2025-02-05 08:10:00,2025-02-05 17:10:00
D6,C12,2025-02-05 08:52:00,2025-02-05 15:52:00
D39,C13,2025-02-05 08:05:00,2025-02-05 14:05:00
D28,C13,2025-02-05 08:16:00,2025-02-05 15:16:00
D6,C14,2025-02-05 08:02:00,2025-02-05 17:02:00
D39,C14,2025-02-05 08:59:00,2025-02-05 17:59:00
D46,C15,2025-02-05 08:03:00,2025-02-05 15:03:00
D39,C15,2025-02-05 08:40:00,2025-02-05 17:40:00
D1,C16,2025-02-05 08:54:00,2025-02-05 16:54:00
D13,C16,2025-02-05 08:12:00,2025-02-05 14:12:00
D40,C17,2025-02-05 08:10:00,2025-02-05 14:10:00
D16,C18,2025-02-05 08:00:00,2025-02-05 15:00:00
D42,C18,2025-02-05 08:05:00,2025-02-05 16:05:00
D23,C19,2025-02-05 08:25:00,2025-02-05 17:25:00
D43,C19,2025-02-05 08:37:00,2025-02-05 15:37:00
D48,C20,2025-02-05 08:45:00,2025-02-05 14:45:00
D36,C21,2025-02-05 08:18:00,2025-02-05 16:18:00
D18,C22,2025-02-05 08:38:00,2025-02-05 15:38:00
D15,C22,2025-02-05 08:29:00,2025-02-05 17:29:00
D17,C23,2025-02-05 08:11:00,2025-02-05 17:11:00
D36,C24,2025-02-05 08:04:00,2025-02-05 16:04:00
D8,C25,2025-02-05 08:16:00,2025-02-05 16:16:00
D33,C25,2025-02-05 08:44:00,2025-02-05 17:44:00
D37,C1,2025-02-06 08:49:00,2025-02-06 15:49:00
D31,C1,2025-02-06 08:48:00,2025-02-06 16:48:00
D44,C2,2025-02-06 08:57:00,2025-02-06 14:57:00
D30,C2,2025-02-06 08:30:00,2025-02-06 14:30:00
D5,C3,2025-02-06 08:40:00,2025-02-06 15:40:00
D25,C3,2025-02-06 08:43:00,2025-02-06 15:43:00
D27,C4,2025-02-06 08:33:00,2025-02-06 14:33:00
D23,C4,2025-02-06 08:44:00,2025-02-06 16:44:00
D19,C5,2025-02-06 08:05:00,2025-02-06 17:05:00
D5,C6,2025-02-06 08:59:00,2025-02-06 15:59:00
D36,C6,2025-02-06 08:30:00,2025-02-06 16:30:00
D14,C7,2025-02-06 08:17:00,2025-02-06 15:17:00
D37,C7,2025-02-06 09:00:00,2025-02-06 16:00:00
D48,C8,2025-02-06 08:15:00,2025-02-06 15:15:00
D13,C8,2025-02-06 08:55:00,2025-02-06 16:55:00
D15,C9,2025-02-06 08:12:00,2025-02-06 15:12:00
D10,C10,2025-02-06 08:06:00,2025-02-06 14:06:00
D50,C10,2025-02-06 08:58:00,2025-02-06 14:58:00
D40,C11,2025-02-06 08:48:00,2025-02-06 14:48:00
D1,C11,2025-02-06 08:54:00,2025-02-06 17:54:00
D40,C12,2025-02-06 08:31:00,2025-02-06 16:31:00
D21,C12,2025-02-06 08:31:00,2025-02-06 15:31:00
D26,C13,2025-02-06 08:48:00,2025-02-06 15:48:00
D15,C13,2025-02-06 08:03:00,2025-02-06 17:03:00
D35,C14,2025-02-06 08:32:00,2025-02-06 16:32:00
D3,C14,2025-02-06 08:25:00,2025-02-06 15:25:00
D8,C15,2025-02-06 08:33:00,2025-02-06 17:33:00
D45,C15,2025-02-06 08:20:00,2025-02-06 14:20:00
D44,C16,2025-02-06 08:13:00,2025-02-06 17:13:00
D21,C17,2025-02-06 08:23:00,2025-02-06 16:23:00
D36,C18,2025-02-06 08:16:00,2025-02-06 15:16:00
D31,C19,2025-02-06 08:21:00,2025-02-06 16:21:00
D40,C19,2025-02-06 08:11:00,2025-02-06 17:11:00
D14,C20,2025-02-06 08:44:00,2025-02-06 16:44:00
D27,C20,2025-02-06 08:23:00,2025-02-06 17:23:00
D29,C21,2025-02-06 08:36:00,2025-02-06 15:36:00
D12,C21,2025-02-06 08:36:00,2025-02-06 15:36:00
D47,C22,2025-02-06 08:17:00,2025-02-06 15:17:00
D25,C23,2025-02-06 08:09:00,2025-02-06 15:09:00
D13,C23,2025-02-06 08:30:00,2025-02-06 14:30:00
D27,C24,2025-02-06 08:31:00,2025-02-06 15:31:00
D32,C25,2025-02-06 08:16:00,2025-02-06 14:16:00
D20,C25,2025-02-06 08:25:00,2025-02-06 14:25:00
D4,C1,2025-02-07 08:13:00,2025-02-07 16:13:00
D41,C2,2025-02-07 08:28:00,2025-02-07 16:28:00
D7,C2,2025-02-07 08:16:00,2025-02-07 16:16:00
D36,C3,2025-02-07 08:22:00,2025-02-07 14:22:00
D17,C3,2025-02-07 08:26:00,2025-02-07 14:26:00
D44,C4,2025-02-07 08:12:00,2025-02-07 15:12:00
D39,C4,2025-02-07 08:49:00,2025-02-07 16:49:00
D21,C5,2025-02-07 08:32:00,2025-02-07 17:32:00
D44,C5,2025-02-07 08:49:00,2025-02-07 17:49:00
D25,C6,2025-02-07 08:39:00,2025-02-07 16:39:00
D41,C7,2025-02-07 08:55:00,2025-02-07 15:55:00
D10,C7,2025-02-07 08:40:00,2025-02-07 16:40:00
D41,C8,2025-02-07 08:36:00,2025-02-07 17:36:00
D40,C8,2025-02-07 08:54:00,2025-02-07 14:54:00
D11,C9,2025-02-07 08:21:00,2025-02-07 15:21:00
D21,C10,2025-02-07 08:18:00,2025-02-07 16:18:00
D42,C10,2025-02-07 08:38:00,2025-02-07 17:38:00
D29,C11,2025-02-07 08:55:00,2025-02-07 16:55:00
D50,C11,2025-02-07 08:47:00,2025-02-07 17:47:00
D11,C12,2025-02-07 08:54:00,2025-02-07 14:54:00
D12,C12,2025-02-07 08:08:00,2025-02-07 15:08:00
D48,C13,2025-02-07 08:47:00,2025-02-07 14:47:00
D45,C13,2025-02-07 08:13:00,2025-02-07 15:13:00
D7,C14,2025-02-07 08:59:00,2025-02-07 17:59:00
D5,C14,2025-02-07 08:35:00,2025-02-07 14:35:00
D50,C15,2025-02-07 08:25:00,2025-02-07 14:25:00
D17,C16,2025-02-07 08:39:00,2025-02-07 15:39:00
D42,C17,2025-02-07 08:59:00,2025-02-07 17:59:00
D15,C18,2025-02-07 08:47:00,2025-02-07 16:47:00
D16,C18,2025-02-07 08:28:00,2025-02-07 15:28:00
D34,C19,2025-02-07 08:53:00,2025-02-07 15:53:00
D3,C20,2025-02-07 08:42:00,2025-02-07 16:42:00
D31,C21,2025-02-07 08:55:00,2025-02-07 16:55:00
D30,C21,2025-02-07 08:35:00,2025-02-07 17:35:00
D45,C22,2025-02-07 08:34:00,2025-02-07 15:34:00
D41,C23,2025-02-07 08:40:00,2025-02-07 17:40:00
D48,C23,2025-02-07 08:33:00,2025-02-07 16:33:00
D31,C24,2025-02-07 08:14:00,2025-02-07 14:14:00
D35,C24,2025-02-07 08:28:00,2025-02-07 16:28:00
D27,C25,2025-02-07 08:09:00,2025-02-07 16:09:00
D17,C25,2025-02-07 08:00:00,2025-02-07 14:00:00
D23,C1,2025-02-08 08:18:00,2025-02-08 17:18:00
D45,C2,2025-02-08 08:59:00,2025-02-08 17:59:00
D20,C3,2025-02-08 08:49:00,2025-02-08 17:49:00
D1,C3,2025-02-08 08:51:00,2025-02-08 16:51:00
D1,C4,2025-02-08 08:35:00,2025-02-08 16:35:00
D27,C5,2025-02-08 08:56:00,2025-02-08 17:56:00
D16,C6,2025-02-08 08:45:00,2025-02-08 17:45:00
D11,C6,2025-02-08 08:53:00,2025-02-08 17:53:00
D17,C7,2025-02-08 08:05:00,2025-02-08 17:05:00
D34,C8,2025-02-08 08:48:00,2025-02-08 16:48:00
D42,C9,2025-02-08 08:34:00,2025-02-08 16:34:00
D48,C9,2025-02-08 08:26:00,2025-02-08 15:26:00
D12,C10,2025-02-08 08:08:00,2025-02-08 16:08:00
D41,C11,2025-02-08 08:29:00,2025-02-08 17:29:00
D45,C12,2025-02-08 08:31:00,2025-02-08 15:31:00
D40,C12,2025-02-08 08:20:00,2025-02-08 14:20:00
D4,C13,2025-02-08 08:34:00,2025-02-08 14:34:00
D7,C14,2025-02-08 08:18:00,2025-02-08 16:18:00
D46,C15,2025-02-08 08:28:00,2025-02-08 14:28:00
D6,C16,2025-02-08 08:09:00,2025-02-08 14:09:00
D14,C17,2025-02-08 08:26:00,2025-02-08 16:26:00
D22,C17,2025-02-08 08:50:00,2025-02-08 17:50:00
D30,C18,2025-02-08 08:50:00,2025-02-08 14:50:00
D45,C18,2025-02-08 08:21:00,2025-02-08 14:21:00
D4,C19,2025-02-08 08:17:00,2025-02-08 17:17:00
D35,C20,2025-02-08 08:30:00,2025-02-08 15:30:00
D17,C21,2025-02-08 08:52:00,2025-02-08 17:52:00
D8,C22,2025-02-08 08:49:00,2025-02-08 15:49:00
D50,C23,2025-02-08 08:15:00,2025-02-08 14:15:00
D29,C23,2025-02-08 08:12:00,2025-02-08 17:12:00
D34,C24,2025-02-08 08:42:00,2025-02-08 15:42:00
D25,C25,2025-02-08 08:19:00,2025-02-08 16:19:00
D44,C25,2025-02-08 08:10:00,2025-02-08 14:10:00
D17,C1,2025-02-09 08:30:00,2025-02-09 16:30:00
D24,C2,2025-02-09 08:56:00,2025-02-09 14:56:00
D8,C3,2025-02-09 08:15:00,2025-02-09 17:15:00
D1,C4,2025-02-09 08:50:00,2025-02-09 16:50:00
D11,C4,2025-02-09 08:37:00,2025-02-09 14:37:00
D16,C5,2025-02-09 08:02:00,2025-02-09 17:02:00
D1,C5,2025-02-09 08:44:00,2025-02-09 15:44:00
D50,C6,2025-02-09 08:15:00,2025-02-09 15:15:00
D6,C6,2025-02-09 08:31:00,2025-02-09 14:31:00
D49,C7,2025-02-09 08:03:00,2025-02-09 14:03:00
D41,C7,2025-02-09 08:22:00,2025-02-09 15:22:00
D9,C8,2025-02-09 08:31:00,2025-02-09 15:31:00
D36,C9,2025-02-09 08:48:00,2025-02-09 16:48:00
D42,C9,2025-02-09 08:51:00,2025-02-09 17:51:00
D2,C10,2025-02-09 08:44:00,2025-02-09 17:44:00
D47,C11,2025-02-09 08:16:00,2025-02-09 14:16:00
D9,C11,2025-02-09 08:31:00,2025-02-09 17:31:00
D35,C12,2025-02-09 08:31:00,2025-02-09 15:31:00
D45,C12,2025-02-09 08:36:00,2025-02-09 15:36:00
D21,C13,2025-02-09 08:29:00,2025-02-09 16:29:00
D47,C13,2025-02-09 08:55:00,2025-02-09 15:55:00
D34,C14,2025-02-09 08:09:00,2025-02-09 17:09:00
D17,C15,2025-02-09 08:23:00,2025-02-09 17:23:00
D35,C15,2025-02-09 08:00:00,2025-02-09 17:00:00
D2,C16,2025-02-09 08:39:00,2025-02-09 16:39:00
D21,C17,2025-02-09 08:46:00,2025-02-09 14:46:00
D13,C18,2025-02-09 08:43:00,2025-02-09 17:43:00
D34,C18,2025-02-09 08:49:00,2025-02-09 15:49:00
D21,C19,2025-02-09 08:41:00,2025-02-09 16:41:00
D27,C19,2025-02-09 08:07:00,2025-02-09 14:07:00
D3,C20,2025-02-09 08:53:00,2025-02-09 15:53:00
D3,C21,2025-02-09 08:12:00,2025-02-09 14:12:00
D13,C22,2025-02-09 08:02:00,2025-02-09 17:02:00
D7,C22,2025-02-09 08:42:00,2025-02-09 17:42:00
D4,C23,2025-02-09 08:14:00,2025-02-09 14:14:00
D24,C23,2025-02-09 08:00:00,2025-02-09 15:00:00
D6,C24,2025-02-09 08:51:00,2025-02-09 14:51:00
D30,C24,2025-02-09 08:23:00,2025-02-09 17:23:00
D46,C25,2025-02-09 08:52:00,2025-02-09 16:52:00
D4,C25,2025-02-09 08:33:00,2025-02-09 14:33:00
D20,C1,2025-02-10 08:04:00,2025-02-10 15:04:00
D7,C2,2025-02-10 08:46:00,2025-02-10 15:46:00
D13,C3,2025-02-10 08:42:00,2025-02-10 15:42:00
D34,C3,2025-02-10 08:36:00,2025-02-10 15:36:00
D48,C4,2025-02-10 08:49:00,2025-02-10 16:49:00
D7,C4,2025-02-10 08:43:00,2025-02-10 17:43:00
D7,C5,2025-02-10 08:50:00,2025-02-10 15:50:00
D11,C5,2025-02-10 08:35:00,2025-02-10 17:35:00
D43,C6,2025-02-10 08:34:00,2025-02-10 17:34:00
D11,C6,2025-02-10 08:59:00,2025-02-10 16:59:00
D36,C7,2025-02-10 08:54:00,2025-02-10 16:54:00
D21,C7,2025-02-10 08:26:00,2025-02-10 17:26:00
D39,C8,2025-02-10 08:36:00,2025-02-10 15:36:00
D16,C8,2025-02-10 08:24:00,2025-02-10 16:24:00
D29,C9,2025-02-10 08:00:00,2025-02-10 14:00:00
D26,C9,2025-02-10 08:18:00,2025-02-10 14:18:00
D20,C10,2025-02-10 08:00:00,2025-02-10 16:00:00
D14,C11,2025-02-10 08:54:00,2025-02-10 16:54:00
D50,C12,2025-02-10 08:52:00,2025-02-10 16:52:00
D7,C13,2025-02-10 08:02:00,2025-02-10 17:02:00
D10,C14,2025-02-10 08:16:00,2025-02-10 16:16:00
D9,C14,2025-02-10 08:56:00,2025-02-10 15:56:00
D17,C15,2025-02-10 08:51:00,2025-02-10 16:51:00
D37,C16,2025-02-10 08:25:00,2025-02-10 15:25:00
D47,C17,2025-02-10 08:20:00,2025-02-10 17:20:00
D32,C18,2025-02-10 08:52:00,2025-02-10 14:52:00
D3,C19,2025-02-10 08:51:00,2025-02-10 17:51:00
D47,C19,2025-02-10 08:05:00,2025-02-10 14:05:00
D23,C20,2025-02-10 08:26:00,2025-02-10 14:26:00
D28,C20,2025-02-10 08:55:00,2025-02-10 15:55:00
D41,C21,2025-02-10 08:49:00,2025-02-10 17:49:00
D20,C22,2025-02-10 08:33:00,2025-02-10 14:33:00
D35,C23,2025-02-10 08:09:00,2025-02-10 16:09:00
D37,C23,2025-02-10 08:32:00,2025-02-10 15:32:00
D4,C24,2025-02-10 08:43:00,2025-02-10 17:43:00
D49,C25,2025-02-10 08:36:00,2025-02-10 14:36:00
D39,C25,2025-02-10 08:14:00,2025-02-10 17:14:00
D26,C1,2025-02-11 08:08:00,2025-02-11 16:08:00
D10,C1,2025-02-11 08:05:00,2025-02-11 17:05:00
D36,C2,2025-02-11 08:25:00,2025-02-11 16:25:00
D26,C3,2025-02-11 08:32:00,2025-02-11 17:32:00
D49,C4,2025-02-11 08:08:00,2025-02-11 17:08:00
D32,C5,2025-02-11 08:25:00,2025-02-11 15:25:00
D16,C6,2025-02-11 08:04:00,2025-02-11 16:04:00
D21,C7,2025-02-11 08:59:00,2025-02-11 14:59:00
D44,C7,2025-02-11 08:07:00,2025-02-11 17:07:00
D24,C8,2025-02-11 08:12:00,2025-02-11 16:12:00
D23,C8,2025-02-11 08:22:00,2025-02-11 14:22:00
D11,C9,2025-02-11 08:39:00,2025-02-11 17:39:00
D23,C9,2025-02-11 08:39:00,2025-02-11 15:39:00
D3,C10,2025-02-11 08:12:00,2025-02-11 16:12:00
D15,C10,2025-02-11 08:09:00,2025-02-11 14:09:00
D48,C11,2025-02-11 08:03:00,2025-02-11 15:03:00
D19,C12,2025-02-11 08:00:00,2025-02-11 16:00:00
D20,C13,2025-02-11 08:28:00,2025-02-11 17:28:00
D22,C14,2025-02-11 08:13:00,2025-02-11 15:13:00
D35,C15,2025-02-11 08:33:00,2025-02-11 16:33:00
D40,C16,2025-02-11 08:09:00,2025-02-11 14:09:00
D47,C16,2025-02-11 08:24:00,2025-02-11 14:24:00
D11,C17,2025-02-11 08:18:00,2025-02-11 15:18:00
D4,C17,2025-02-11 08:50:00,2025-02-11 16:50:00
D30,C18,2025-02-11 08:41:00,2025-02-11 14:41:00
D25,C19,2025-02-11 08:42:00,2025-02-11 16:42:00
D7,C20,2025-02-11 08:18:00,2025-02-11 17:18:00
D2,C20,2025-02-11 08:14:00,2025-02-11 17:14:00
D21,C21,2025-02-11 08:31:00,2025-02-11 14:31:00
D13,C22,2025-02-11 08:32:00,2025-02-11 17:32:00
D3,C23,2025-02-11 08:15:00,2025-02-11 16:15:00
D32,C24,2025-02-11 08:47:00,2025-02-11 15:47:00
D26,C24,2025-02-11 08:01:00,2025-02-11 16:01:00
D23,C25,2025-02-11 08:19:00,2025-02-11 15:19:00
D41,C25,2025-02-11 08:32:00,2025-02-11 16:32:00
D41,C1,2025-02-12 08:16:00,2025-02-12 17:16:00
D36,C2,2025-02-12 09:00:00,2025-02-12 17:00:00
D10,C3,2025-02-12 08:21:00,2025-02-12 17:21:00
D6,C4,2025-02-12 08:46:00,2025-02-12 17:46:00
D27,C5,2025-02-12 08:15:00,2025-02-12 15:15:00
D20,C6,2025-02-12 08:21:00,2025-02-12 17:21:00
D39,C6,2025-02-12 08:34:00,2025-02-12 15:34:00
D42,C7,2025-02-12 08:08:00,2025-02-12 15:08:00
D20,C8,2025-02-12 08:44:00,2025-02-12 15:44:00
D50,C9,2025-02-12 08:41:00,2025-02-12 15:41:00
D10,C9,2025-02-12 08:20:00,2025-02-12 14:20:00
D12,C10,2025-02-12 08:20:00,2025-02-12 15:20:00
D49,C11,2025-02-12 08:20:00,2025-02-12 17:20:00
D20,C12,2025-02-12 08:47:00,2025-02-12 16:47:00
D29,C12,2025-02-12 08:09:00,2025-02-12 15:09:00
D9,C13,2025-02-12 08:11:00,2025-02-12 14:11:00
D39,C14,2025-02-12 08:39:00,2025-02-12 15:39:00
D37,C14,2025-02-12 08:38:00,2025-02-12 15:38:00
D44,C15,2025-02-12 08:01:00,2025-02-12 16:01:00
D45,C16,2025-02-12 08:49:00,2025-02-12 17:49:00
D33,C17,2025-02-12 08:54:00,2025-02-12 17:54:00
D12,C18,2025-02-12 08:31:00,2025-02-12 17:31:00
D25,C18,2025-02-12 08:08:00,2025-02-12 15:08:00
D15,C19,2025-02-12 08:02:00,2025-02-12 17:02:00
D18,C20,2025-02-12 09:00:00,2025-02-12 18:00:00
D48,C21,2025-02-12 08:42:00,2025-02-12 15:42:00
D5,C22,2025-02-12 08:11:00,2025-02-12 17:11:00
D45,C23,2025-02-12 08:55:00,2025-02-12 17:55:00
D21,C23,2025-02-12 08:56:00,2025-02-12 15:56:00
D26,C24,2025-02-12 08:02:00,2025-02-12 17:02:00
D50,C24,2025-02-12 08:46:00,2025-02-12 16:46:00
D40,C25,2025-02-12 08:36:00,2025-02-12 14:36:00
D48,C25,2025-02-12 08:33:00,2025-02-12 14:33:00
D30,C1,2025-02-13 08:56:00,2025-02-13 15:56:00
D3,C1,2025-02-13 08:33:00,2025-02-13 17:33:00
D36,C2,2025-02-13 08:24:00,2025-02-13 14:24:00
D19,C3,2025-02-13 08:28:00,2025-02-13 17:28:00
D50,C4,2025-02-13 08:29:00,2025-02-13 15:29:00
D19,C4,2025-02-13 08:27:00,2025-02-13 16:27:00
D45,C5,2025-02-13 08:33:00,2025-02-13 15:33:00
D42,C6,2025-02-13 08:05:00,2025-02-13 14:05:00
D29,C6,2025-02-13 08:11:00,2025-02-13 15:11:00
D27,C7,2025-02-13 08:28:00,2025-02-13 14:28:00
D21,C7,2025-02-13 08:11:00,2025-02-13 17:11:00
D30,C8,2025-02-13 08:05:00,2025-02-13 16:05:00
D45,C9,2025-02-13 08:58:00,2025-02-13 15:58:00
D42,C9,2025-02-13 08:45:00,2025-02-13 14:45:00
D8,C10,2025-02-13 08:45:00,2025-02-13 17:45:00
D6,C11,2025-02-13 08:45:00,2025-02-13 17:45:00
D34,C11,2025-02-13 08:46:00,2025-02-13 15:46:00
D36,C12,2025-02-13 08:02:00,2025-02-13 15:02:00
D25,C12,2025-02-13 08:58:00,2025-02-13 16:58:00
D11,C13,2025-02-13 08:55:00,2025-02-13 15:55:00
D50,C14,2025-02-13 08:45:00,2025-02-13 14:45:00
D20,C15,2025-02-13 08:49:00,2025-02-13 17:49:00
D47,C15,2025-02-13 08:18:00,2025-02-13 15:18:00
D9,C16,2025-02-13 08:12:00,2025-02-13 14:12:00
D1,C17,2025-02-13 08:31:00,2025-02-13 17:31:00
D30,C17,2025-02-13 08:34:00,2025-02-13 14:34:00
D16,C18,2025-02-13 08:37:00,2025-02-13 17:37:00
D14,C18,2025-02-13 08:29:00,2025-02-13 17:29:00
D6,C19,2025-02-13 08:38:00,2025-02-13 14:38:00
D39,C19,2025-02-13 08:15:00,2025-02-13 16:15:00
D4,C20,2025-02-13 08:11:00,2025-02-13 15:11:00
D42,C21,2025-02-13 08:22:00,2025-02-13 14:22:00
D3,C22,2025-02-13 08:42:00,2025-02-13 16:42:00
D6,C23,2025-02-13 08:06:00,2025-02-13 17:06:00
D4,C23,2025-02-13 08:11:00,2025-02-13 15:11:00
D40,C24,2025-02-13 08:44:00,2025-02-13 15:44:00
D43,C24,2025-02-13 08:29:00,2025-02-13 16:29:00
D6,C25,2025-02-13 08:49:00,2025-02-13 16:49:00
D24,C1,2025-02-14 08:52:00,2025-02-14 14:52:00
D25,C1,2025-02-14 08:48:00,2025-02-14 17:48:00
D19,C2,2025-02-14 08:30:00,2025-02-14 15:30:00
D45,C3,2025-02-14 08:55:00,2025-02-14 16:55:00
D34,C4,2025-02-14 08:33:00,2025-02-14 15:33:00
D27,C4,2025-02-14 08:44:00,2025-02-14 15:44:00
D7,C5,2025-02-14 08:36:00,2025-02-14 14:36:00
D47,C6,2025-02-14 08:38:00,2025-02-14 16:38:00
D45,C6,2025-02-14 08:27:00,2025-02-14 16:27:00
D34,C7,2025-02-14 08:39:00,2025-02-14 16:39:00
D37,C7,2025-02-14 08:59:00,2025-02-14 15:59:00
D34,C8,2025-02-14 08:40:00,2025-02-14 17:40:00
D47,C8,2025-02-14 08:31:00,2025-02-14 15:31:00
D46,C9,2025-02-14 08:18:00,2025-02-14 15:18:00
D8,C10,2025-02-14 08:01:00,2025-02-14 17:01:00
D48,C11,2025-02-14 08:54:00,2025-02-14 15:54:00
D27,C12,2025-02-14 08:21:00,2025-02-14 16:21:00
D3,C12,2025-02-14 08:35:00,2025-02-14 15:35:00
D41,C13,2025-02-14 08:12:00,2025-02-14 16:12:00
D5,C14,2025-02-14 08:19:00,2025-02-14 16:19:00
D20,C14,2025-02-14 08:49:00,2025-02-14 14:49:00
D44,C15,2025-02-14 08:21:00,2025-02-14 16:21:00
D47,C16,2025-02-14 08:39:00,2025-02-14 14:39:00
D37,C16,2025-02-14 08:53:00,2025-02-14 15:53:00
D22,C17,2025-02-14 08:53:00,2025-02-14 16:53:00
D31,C18,2025-02-14 08:41:00,2025-02-14 15:41:00
D3,C18,2025-02-14 08:30:00,2025-02-14 15:30:00
D35,C19,2025-02-14 08:29:00,2025-02-14 17:29:00
D22,C19,2025-02-14 08:59:00,2025-02-14 14:59:00
D37,C20,2025-02-14 08:43:00,2025-02-14 16:43:00
D47,C20,2025-02-14 08:35:00,2025-02-14 14:35:00
D37,C21,2025-02-14 08:43:00,2025-02-14 16:43:00
D5,C22,2025-02-14 08:17:00,2025-02-14 14:17:00
D10,C22,2025-02-14 08:21:00,2025-02-14 17:21:00
D37,C23,2025-02-14 08:38:00,2025-02-14 17:38:00
D39,C24,2025-02-14 08:07:00,2025-02-14 16:07:00
D46,C25,2025-02-14 08:17:00,2025-02-14 17:17:00
D3,C25,2025-02-14 08:05:00,2025-02-14 17:05:00
D24,C1,2025-02-15 08:28:00,2025-02-15 16:28:00
D34,C2,2025-02-15 08:19:00,2025-02-15 15:19:00
D24,C3,2025-02-15 08:50:00,2025-02-15 14:50:00
D6,C4,2025-02-15 08:28:00,2025-02-15 14:28:00
D33,C5,2025-02-15 08:12:00,2025-02-15 16:12:00
D10,C5,2025-02-15 08:59:00,2025-02-15 17:59:00
D50,C6,2025-02-15 08:09:00,2025-02-15 14:09:00
D21,C6,2025-02-15 08:52:00,2025-02-15 15:52:00
D47,C7,2025-02-15 08:02:00,2025-02-15 17:02:00
D46,C8,2025-02-15 08:07:00,2025-02-15 14:07:00
D34,C8,2025-02-15 08:19:00,2025-02-15 14:19:00
D22,C9,2025-02-15 08:29:00,2025-02-15 14:29:00
D34,C10,2025-02-15 08:49:00,2025-02-15 16:49:00
D37,C11,2025-02-15 08:48:00,2025-02-15 16:48:00
D21,C12,2025-02-15 08:12:00,2025-02-15 15:12:00
D18,C13,2025-02-15 08:20:00,2025-02-15 17:20:00
D35,C13,2025-02-15 08:42:00,2025-02-15 14:42:00
D10,C14,2025-02-15 08:17:00,2025-02-15 14:17:00
D11,C14,2025-02-15 08:00:00,2025-02-15 14:00:00
D35,C15,2025-02-15 08:22:00,2025-02-15 16:22:00
D10,C16,2025-02-15 08:51:00,2025-02-15 16:51:00
D46,C16,2025-02-15 08:36:00,2025-02-15 15:36:00
D5,C17,2025-02-15 08:19:00,2025-02-15 16:19:00
D4,C18,2025-02-15 08:01:00,2025-02-15 17:01:00
D9,C18,2025-02-15 08:57:00,2025-02-15 14:57:00
D25,C19,2025-02-15 08:03:00,2025-02-15 14:03:00
D26,C20,2025-02-15 08:45:00,2025-02-15 17:45:00
D12,C20,2025-02-15 08:39:00,2025-02-15 16:39:00
D22,C21,2025-02-15 08:45:00,2025-02-15 14:45:00
D13,C21,2025-02-15 08:59:00,2025-02-15 17:59:00
D6,C22,2025-02-15 08:52:00,2025-02-15 17:52:00
D30,C23,2025-02-15 08:19:00,2025-02-15 17:19:00
D15,C24,2025-02-15 08:55:00,2025-02-15 16:55:00
D10,C24,2025-02-15 08:58:00,2025-02-15 16:58:00
D12,C25,2025-02-15 08:58:00,2025-02-15 16:58:00
D45,C25,2025-02-15 08:50:00,2025-02-15 16:50:00
D32,C1,2025-02-16 08:04:00,2025-02-16 17:04:00
D2,C1,2025-02-16 08:07:00,2025-02-16 16:07:00
D30,C2,2025-02-16 08:18:00,2025-02-16 16:18:00
D11,C2,2025-02-16 08:38:00,2025-02-16 15:38:00
D26,C3,2025-02-16 08:52:00,2025-02-16 14:52:00
D36,C4,2025-02-16 08:04:00,2025-02-16 16:04:00
D42,C4,2025-02-16 08:34:00,2025-02-16 17:34:00
D38,C5,2025-02-16 08:15:00,2025-02-16 15:15:00
D27,C5,2025-02-16 08:35:00,2025-02-16 15:35:00
D25,C6,2025-02-16 08:21:00,2025-02-16 15:21:00
D5,C6,2025-02-16 08:52:00,2025-02-16 17:52:00
D37,C7,2025-02-16 08:34:00,2025-02-16 15:34:00
D22,C7,2025-02-16 08:11:00,2025-02-16 14:11:00
D8,C8,2025-02-16 08:38:00,2025-02-16 17:38:00
D38,C8,2025-02-16 08:20:00,2025-02-16 14:20:00
D12,C9,2025-02-16 08:25:00,2025-02-16 14:25:00
D20,C9,2025-02-16 08:38:00,2025-02-16 14:38:00
D21,C10,2025-02-16 08:41:00,2025-02-16 14:41:00
D32,C10,2025-02-16 08:05:00,2025-02-16 15:05:00
D38,C11,2025-02-16 08:57:00,2025-02-16 14:57:00
D43,C12,2025-02-16 08:09:00,2025-02-16 17:09:00
D25,C13,2025-02-16 08:36:00,2025-02-16 17:36:00
D40,C13,2025-02-16 08:12:00,2025-02-16 15:12:00
D20,C14,2025-02-16 08:50:00,2025-02-16 16:50:00
D37,C14,2025-02-16 08:58:00,2025-02-16 17:58:00
D6,C15,2025-02-16 08:00:00,2025-02-16 17:00:00
D38,C15,2025-02-16 08:54:00,2025-02-16 15:54:00
D4,C16,2025-02-16 08:57:00,2025-02-16 14:57:00
D24,C16,2025-02-16 08:00:00,2025-02-16 16:00:00
D19,C17,2025-02-16 08:55:00,2025-02-16 14:55:00
D28,C18,2025-02-16 08:44:00,2025-02-16 17:44:00
D46,C19,2025-02-16 08:25:00,2025-02-16 17:25:00
D25,C19,2025-02-16 08:27:00,2025-02-16 15:27:00
D31,C20,2025-02-16 08:08:00,2025-02-16 15:08:00
D24,C21,2025-02-16 08:09:00,2025-02-16 16:09:00
D27,C21,2025-02-16 08:55:00,2025-02-16 15:55:00
D1,C22,2025-02-16 08:04:00,2025-02-16 14:04:00
D47,C23,2025-02-16 08:56:00,2025-02-16 17:56:00
D9,C24,2025-02-16 08:08:00,2025-02-16 17:08:00
D6,C24,2025-02-16 08:55:00,2025-02-16 17:55:00
D40,C25,2025-02-16 08:29:00,2025-02-16 17:29:00
D12,C25,2025-02-16 08:35:00,2025-02-16 17:35:00
D23,C1,2025-02-17 08:11:00,2025-02-17 17:11:00
D15,C1,2025-02-17 08:38:00,2025-02-17 14:38:00
D47,C2,2025-02-17 08:45:00,2025-02-17 16:45:00
D16,C2,2025-02-17 08:26:00,2025-02-17 16:26:00
D3,C3,2025-02-17 08:36:00,2025-02-17 17:36:00
D8,C4,2025-02-17 08:30:00,2025-02-17 14:30:00
D38,C4,2025-02-17 08:09:00,2025-02-17 16:09:00
D34,C5,2025-02-17 08:33:00,2025-02-17 14:33:00
D6,C5,2025-02-17 08:15:00,2025-02-17 17:15:00
D44,C6,2025-02-17 08:40:00,2025-02-17 16:40:00
D22,C7,2025-02-17 08:34:00,2025-02-17 14:34:00
D30,C8,2025-02-17 08:57:00,2025-02-17 17:57:00
D33,C8,2025-02-17 08:36:00,2025-02-17 16:36:00
D23,C9,2025-02-17 08:18:00,2025-02-17 15:18:00
D19,C9,2025-02-17 08:02:00,2025-02-17 16:02:00
D4,C10,2025-02-17 08:30:00,2025-02-17 15:30:00
D41,C10,2025-02-17 08:36:00,2025-02-17 14:36:00
D48,C11,2025-02-17 08:01:00,2025-02-17 16:01:00
D40,C11,2025-02-17 08:31:00,2025-02-17 14:31:00
D33,C12,2025-02-17 08:04:00,2025-02-17 16:04:00
D9,C13,2025-02-17 08:17:00,2025-02-17 16:17:00
D40,C13,2025-02-17 08:54:00,2025-02-17 16:54:00
D48,C14,2025-02-17 08:07:00,2025-02-17 15:07:00
D43,C15,2025-02-17 08:28:00,2025-02-17 16:28:00
D17,C16,2025-02-17 08:50:00,2025-02-17 15:50:00
D12,C17,2025-02-17 08:55:00,2025-02-17 14:55:00
D34,C17,2025-02-17 08:21:00,2025-02-17 14:21:00
D39,C18,2025-02-17 08:59:00,2025-02-17 15:59:00
D49,C19,2025-02-17 08:49:00,2025-02-17 17:49:00
D27,C19,2025-02-17 08:15:00,2025-02-17 17:15:00
D14,C20,2025-02-17 08:36:00,2025-02-17 16:36:00
D42,C21,2025-02-17 08:16:00,2025-02-17 14:16:00
D11,C22,2025-02-17 08:29:00,2025-02-17 17:29:00
D20,C23,2025-02-17 08:47:00,2025-02-17 15:47:00
D31,C23,2025-02-17 08:24:00,2025-02-17 17:24:00
D17,C24,2025-02-17 08:33:00,2025-02-17 17:33:00
D10,C24,2025-02-17 08:00:00,2025-02-17 16:00:00
D25,C25,2025-02-17 08:20:00,2025-02-17 14:20:00
D44,C25,2025-02-17 08:06:00,2025-02-17 16:06:00
D40,C1,2025-02-18 08:54:00,2025-02-18 16:54:00
D42,C1,2025-02-18 08:21:00,2025-02-18 16:21:00
D7,C2,2025-02-18 08:41:00,2025-02-18 17:41:00
D17,C2,2025-02-18 08:29:00,2025-02-18 15:29:00
D34,C3,2025-02-18 08:21:00,2025-02-18 15:21:00
D36,C4,2025-02-18 08:43:00,2025-02-18 14:43:00
D1,C4,2025-02-18 08:53:00,2025-02-18 14:53:00
D27,C5,2025-02-18 08:06:00,2025-02-18 14:06:00
D23,C6,2025-02-18 08:46:00,2025-02-18 16:46:00
D15,C6,2025-02-18 08:16:00,2025-02-18 15:16:00
D2,C7,2025-02-18 08:39:00,2025-02-18 14:39:00
D39,C8,2025-02-18 08:42:00,2025-02-18 15:42:00
D46,C9,2025-02-18 08:07:00,2025-02-18 14:07:00
D25,C10,2025-02-18 08:42:00,2025-02-18 15:42:00
D45,C11,2025-02-18 08:11:00,2025-02-18 16:11:00
D30,C12,2025-02-18 08:59:00,2025-02-18 14:59:00
D43,C12,2025-02-18 08:40:00,2025-02-18 17:40:00
D50,C13,2025-02-18 08:44:00,2025-02-18 16:44:00
D28,C13,2025-02-18 08:16:00,2025-02-18 15:16:00
D18,C14,2025-02-18 08:49:00,2025-02-18 14:49:00
D25,C15,2025-02-18 08:03:00,2025-02-18 16:03:00
D22,C15,2025-02-18 08:52:00,2025-02-18 16:52:00
D29,C16,2025-02-18 08:04:00,2025-02-18 17:04:00
D40,C17,2025-02-18 08:25:00,2025-02-18 15:25:00
D7,C18,2025-02-18 08:34:00,2025-02-18 17:34:00
D10,C18,2025-02-18 08:13:00,2025-02-18 14:13:00
D46,C19,2025-02-18 08:06:00,2025-02-18 14:06:00
D17,C19,2025-02-18 08:04:00,2025-02-18 14:04:00
D50,C20,2025-02-18 08:01:00,2025-02-18 17:01:00
D29,C20,2025-02-18 08:09:00,2025-02-18 14:09:00
D43,C21,2025-02-18 08:24:00,2025-02-18 16:24:00
D45,C22,2025-02-18 08:21:00,2025-02-18 17:21:00
D33,C23,2025-02-18 08:45:00,2025-02-18 17:45:00
D28,C24,2025-02-18 08:54:00,2025-02-18 14:54:00
D26,C24,2025-02-18 08:34:00,2025-02-18 15:34:00
D25,C25,2025-02-18 08:44:00,2025-02-18 17:44:00
D37,C1,2025-02-19 08:34:00,2025-02-19 16:34:00
D44,C2,2025-02-19 08:25:00,2025-02-19 14:25:00
D20,C2,2025-02-19 08:40:00,2025-02-19 14:40:00
D35,C3,2025-02-19 08:05:00,2025-02-19 17:05:00
D22,C3,2025-02-19 08:48:00,2025-02-19 16:48:00
D12,C4,2025-02-19 08:35:00,2025-02-19 14:35:00
D43,C5,2025-02-19 08:19:00,2025-02-19 17:19:00
D13,C5,2025-02-19 08:57:00,2025-02-19 14:57:00
D32,C6,2025-02-19 08:56:00,2025-02-19 17:56:00
D6,C6,2025-02-19 08:47:00,2025-02-19 15:47:00
D3,C7,2025-02-19 08:12:00,2025-02-19 14:12:00
D32,C8,2025-02-19 08:24:00,2025-02-19 14:24:00
D32,C9,2025-02-19 08:53:00,2025-02-19 17:53:00
D35,C9,2025-02-19 08:01:00,2025-02-19 14:01:00
D4,C10,2025-02-19 08:50:00,2025-02-19 14:50:00
D22,C10,2025-02-19 08:25:00,2025-02-19 14:25:00
D42,C11,2025-02-19 08:42:00,2025-02-19 17:42:00
D48,C12,2025-02-19 08:37:00,2025-02-19 15:37:00
D3,C13,2025-02-19 08:47:00,2025-02-19 15:47:00
D42,C14,2025-02-19 08:30:00,2025-02-19 14:30:00
D2,C14,2025-02-19 08:15:00,2025-02-19 15:15:00
D12,C15,2025-02-19 08:40:00,2025-02-19 14:40:00
D7,C16,2025-02-19 08:39:00,2025-02-19 15:39:00
D30,C16,2025-02-19 08:53:00,2025-02-19 14:53:00
D8,C17,2025-02-19 08:31:00,2025-02-19 15:31:00
D13,C18,2025-02-19 08:27:00,2025-02-19 16:27:00
D21,C19,2025-02-19 08:43:00,2025-02-19 15:43:00
D8,C19,2025-02-19 08:20:00,2025-02-19 15:20:00
D38,C20,2025-02-19 08:11:00,2025-02-19 16:11:00
D8,C21,2025-02-19 08:17:00,2025-02-19 15:17:00
D11,C22,2025-02-19 08:23:00,2025-02-19 15:23:00
D45,C22,2025-02-19 08:28:00,2025-02-19 15:28:00
D9,C23,2025-02-19 08:06:00,2025-02-19 17:06:00
D2,C24,2025-02-19 08:56:00,2025-02-19 17:56:00
D1,C25,2025-02-19 08:00:00,2025-02-19 15:00:00
D46,C1,2025-02-20 08:41:00,2025-02-20 16:41:00
D45,C2,2025-02-20 08:30:00,2025-02-20 15:30:00
D50,C2,2025-02-20 08:13:00,2025-02-20 15:13:00
D34,C3,2025-02-20 08:26:00,2025-02-20 15:26:00
D29,C3,2025-02-20 09:00:00,2025-02-20 16:00:00
D39,C4,2025-02-20 08:11:00,2025-02-20 17:11:00
D41,C5,2025-02-20 08:52:00,2025-02-20 16:52:00
D27,C6,2025-02-20 08:35:00,2025-02-20 15:35:00
D1,C6,2025-02-20 08:12:00,2025-02-20 14:12:00
D40,C7,2025-02-20 08:23:00,2025-02-20 15:23:00
D50,C8,2025-02-20 08:42:00,2025-02-20 15:42:00
D41,C8,2025-02-20 08:17:00,2025-02-20 14:17:00
D8,C9,2025-02-20 08:50:00,2025-02-20 15:50:00
D32,C10,2025-02-20 08:10:00,2025-02-20 14:10:00
D12,C10,2025-02-20 08:03:00,2025-02-20 16:03:00
D14,C11,2025-02-20 08:16:00,2025-02-20 16:16:00
D28,C11,2025-02-20 08:39:00,2025-02-20 17:39:00
D7,C12,2025-02-20 08:47:00,2025-02-20 14:47:00
D11,C13,2025-02-20 08:50:00,2025-02-20 14:50:00
D33,C14,2025-02-20 08:04:00,2025-02-20 15:04:00
D8,C14,2025-02-20 08:46:00,2025-02-20 17:46:00
D27,C15,2025-02-20 08:47:00,2025-02-20 16:47:00
D13,C15,2025-02-20 08:14:00,2025-02-20 14:14:00
D15,C16,2025-02-20 08:15:00,2025-02-20 17:15:00
D7,C16,2025-02-20 08:55:00,2025-02-20 15:55:00
D15,C17,2025-02-20 08:30:00,2025-02-20 17:30:00
D5,C17,2025-02-20 08:03:00,2025-02-20 17:03:00
D14,C18,2025-02-20 08:59:00,2025-02-20 17:59:00
D25,C19,2025-02-20 08:23:00,2025-02-20 15:23:00
D47,C20,2025-02-20 08:40:00,2025-02-20 16:40:00
D13,C20,2025-02-20 08:17:00,2025-02-20 15:17:00
D9,C21,2025-02-20 08:44:00,2025-02-20 14:44:00
D3,C21,2025-02-20 08:17:00,2025-02-20 15:17:00
D30,C22,2025-02-20 08:29:00,2025-02-20 17:29:00
D49,C23,2025-02-20 08:21:00,2025-02-20 15:21:00
D39,C24,2025-02-20 08:50:00,2025-02-20 15:50:00
D11,C24,2025-02-20 08:36:00,2025-02-20 15:36:00
D27,C25,2025-02-20 08:54:00,2025-02-20 17:54:00
D38,C1,2025-02-21 08:30:00,2025-02-21 17:30:00
D1,C2,2025-02-21 08:27:00,2025-02-21 15:27:00
D47,C2,2025-02-21 08:15:00,2025-02-21 16:15:00
D38,C3,2025-02-21 08:57:00,2025-02-21 15:57:00
D15,C3,2025-02-21 08:58:00,2025-02-21 14:58:00
D3,C4,2025-02-21 08:46:00,2025-02-21 14:46:00
D31,C4,2025-02-21 08:27:00,2025-02-21 17:27:00
D45,C5,2025-02-21 08:28:00,2025-02-21 17:28:00
D7,C5,2025-02-21 08:15:00,2025-02-21 14:15:00
D45,C6,2025-02-21 08:46:00,2025-02-21 17:46:00
D9,C7,2025-02-21 08:22:00,2025-02-21 16:22:00
D42,C8,2025-02-21 08:05:00,2025-02-21 14:05:00
D43,C9,2025-02-21 08:10:00,2025-02-21 17:10:00
D20,C9,2025-02-21 08:54:00,2025-02-21 14:54:00
D30,C10,2025-02-21 08:08:00,2025-02-21 17:08:00
D50,C10,2025-02-21 08:11:00,2025-02-21 16:11:00
D46,C11,2025-02-21 08:00:00,2025-02-21 14:00:00
D41,C11,2025-02-21 08:24:00,2025-02-21 16:24:00
D19,C12,2025-02-21 08:27:00,2025-02-21 16:27:00
D44,C13,2025-02-21 08:05:00,2025-02-21 16:05:00
D33,C14,2025-02-21 09:00:00,2025-02-21 17:00:00
D8,C15,2025-02-21 08:24:00,2025-02-21 16:24:00
D40,C16,2025-02-21 08:23:00,2025-02-21 16:23:00
D3,C16,2025-02-21 08:11:00,2025-02-21 14:11:00
D9,C17,2025-02-21 08:21:00,2025-02-21 15:21:00
D42,C18,2025-02-21 08:30:00,2025-02-21 15:30:00
D21,C19,2025-02-21 08:22:00,2025-02-21 16:22:00
D18,C20,2025-02-21 08:04:00,2025-02-21 16:04:00
D4,C20,2025-02-21 08:22:00,2025-02-21 17:22:00
D33,C21,2025-02-21 08:53:00,2025-02-21 14:53:00
D34,C21,2025-02-21 08:30:00,2025-02-21 16:30:00
D40,C22,2025-02-21 08:51:00,2025-02-21 14:51:00
D24,C22,2025-02-21 08:12:00,2025-02-21 17:12:00
D6,C23,2025-02-21 08:25:00,2025-02-21 15:25:00
D5,C24,2025-02-21 08:10:00,2025-02-21 16:10:00
D7,C24,2025-02-21 08:07:00,2025-02-21 15:07:00
D10,C25,2025-02-21 08:33:00,2025-02-21 14:33:00
D14,C25,2025-02-21 08:18:00,2025-02-21 17:18:00
D31,C1,2025-02-22 08:22:00,2025-02-22 17:22:00
D48,C2,2025-02-22 08:01:00,2025-02-22 16:01:00
D42,C2,2025-02-22 08:12:00,2025-02-22 14:12:00
D15,C3,2025-02-22 08:53:00,2025-02-22 16:53:00
D38,C4,2025-02-22 08:41:00,2025-02-22 16:41:00
D22,C4,2025-02-22 08:31:00,2025-02-22 17:31:00
D20,C5,2025-02-22 08:08:00,2025-02-22 16:08:00
D37,C5,2025-02-22 08:10:00,2025-02-22 16:10:00
D31,C6,2025-02-22 08:23:00,2025-02-22 16:23:00
D10,C7,2025-02-22 08:22:00,2025-02-22 16:22:00
D11,C8,2025-02-22 08:59:00,2025-02-22 15:59:00
D40,C8,2025-02-22 08:45:00,2025-02-22 16:45:00
D12,C9,2025-02-22 08:53:00,2025-02-22 15:53:00
D16,C10,2025-02-22 08:07:00,2025-02-22 14:07:00
D37,C11,2025-02-22 08:28:00,2025-02-22 16:28:00
D9,C11,2025-02-22 08:23:00,2025-02-22 15:23:00
D36,C12,2025-02-22 08:45:00,2025-02-22 14:45:00
D23,C13,2025-02-22 08:23:00,2025-02-22 17:23:00
D10,C13,2025-02-22 08:34:00,2025-02-22 15:34:00
D8,C14,2025-02-22 08:25:00,2025-02-22 17:25:00
D2,C14,2025-02-22 08:49:00,2025-02-22 15:49:00
D21,C15,2025-02-22 08:00:00,2025-02-22 16:00:00
D10,C15,2025-02-22 08:41:00,2025-02-22 16:41:00
D19,C16,2025-02-22 08:36:00,2025-02-22 15:36:00
D49,C16,2025-02-22 08:51:00,2025-02-22 17:51:00
D45,C17,2025-02-22 08:46:00,2025-02-22 17:46:00
D8,C17,2025-02-22 08:57:00,2025-02-22 14:57:00
D44,C18,2025-02-22 08:35:00,2025-02-22 14:35:00
D2,C19,2025-02-22 08:39:00,2025-02-22 15:39:00
D26,C19,2025-02-22 08:28:00,2025-02-22 16:28:00
D21,C20,2025-02-22 08:03:00,2025-02-22 15:03:00
D50,C21,2025-02-22 08:17:00,2025-02-22 15:17:00
D6,C22,2025-02-22 08:34:00,2025-02-22 17:34:00
D33,C23,2025-02-22 08:25:00,2025-02-22 15:25:00
D21,C24,2025-02-22 08:38:00,2025-02-22 14:38:00
D39,C24,2025-02-22 08:58:00,2025-02-22 16:58:00
D10,C25,2025-02-22 08:54:00,2025-02-22 17:54:00
D46,C25,2025-02-22 08:23:00,2025-02-22 17:23:00
D1,C1,2025-02-23 08:22:00,2025-02-23 16:22:00
D19,C1,2025-02-23 08:19:00,2025-02-23 17:19:00
D14,C2,2025-02-23 08:46:00,2025-02-23 17:46:00
D29,C3,2025-02-23 08:10:00,2025-02-23 17:10:00
D19,C3,2025-02-23 08:46:00,2025-02-23 17:46:00
D38,C4,2025-02-23 08:38:00,2025-02-23 14:38:00
D14,C5,2025-02-23 08:19:00,2025-02-23 17:19:00
D5,C6,2025-02-23 08:48:00,2025-02-23 17:48:00
D38,C6,2025-02-23 08:05:00,2025-02-23 14:05:00
D41,C7,2025-02-23 08:26:00,2025-02-23 15:26:00
D18,C7,2025-02-23 08:35:00,2025-02-23 17:35:00
D13,C8,2025-02-23 08:11:00,2025-02-23 17:11:00
D36,C9,2025-02-23 08:02:00,2025-02-23 16:02:00
D32,C9,2025-02-23 08:53:00,2025-02-23 16:53:00
D36,C10,2025-02-23 08:29:00,2025-02-23 15:29:00
D48,C10,2025-02-23 08:01:00,2025-02-23 14:01:00
D17,C11,2025-02-23 08:19:00,2025-02-23 17:19:00
D42,C12,2025-02-23 08:42:00,2025-02-23 16:42:00
D12,C13,2025-02-23 08:58:00,2025-02-23 15:58:00
D32,C13,2025-02-23 08:01:00,2025-02-23 14:01:00
D32,C14,2025-02-23 08:38:00,2025-02-23 16:38:00
D5,C14,2025-02-23 08:37:00,2025-02-23 17:37:00
D17,C15,2025-02-23 08:43:00,2025-02-23 17:43:00
D41,C15,2025-02-23 08:44:00,2025-02-23 14:44:00
D33,C16,2025-02-23 08:36:00,2025-02-23 14:36:00
D47,C16,2025-02-23 08:54:00,2025-02-23 16:54:00
D38,C17,2025-02-23 08:03:00,2025-02-23 15:03:00
D30,C18,2025-02-23 08:08:00,2025-02-23 16:08:00
D45,C18,2025-02-23 08:10:00,2025-02-23 14:10:00
D24,C19,2025-02-23 08:40:00,2025-02-23 16:40:00
D27,C19,2025-02-23 08:03:00,2025-02-23 16:03:00
D34,C20,2025-02-23 08:59:00,2025-02-23 14:59:00
D41,C20,2025-02-23 08:32:00,2025-02-23 15:32:00
D49,C21,2025-02-23 08:06:00,2025-02-23 15:06:00
D21,C22,2025-02-23 08:51:00,2025-02-23 16:51:00
D44,C22,2025-02-23 08:17:00,2025-02-23 16:17:00
D35,C23,2025-02-23 08:37:00,2025-02-23 16:37:00
D1,C24,2025-02-23 08:08:00,2025-02-23 16:08:00
D50,C25,2025-02-23 08:26:00,2025-02-23 16:26:00
D32,C25,2025-02-23 08:58:00,2025-02-23 15:58:00
D14,C1,2025-02-24 08:09:00,2025-02-24 15:09:00
D36,C2,2025-02-24 08:39:00,2025-02-24 14:39:00
D30,C3,2025-02-24 08:07:00,2025-02-24 15:07:00
D5,C3,2025-02-24 08:59:00,2025-02-24 14:59:00
D23,C4,2025-02-24 08:44:00,2025-02-24 16:44:00
D20,C4,2025-02-24 08:08:00,2025-02-24 17:08:00
D12,C5,2025-02-24 08:19:00,2025-02-24 14:19:00
D46,C5,2025-02-24 08:47:00,2025-02-24 14:47:00
D9,C6,2025-02-24 08:54:00,2025-02-24 15:54:00
D20,C7,2025-02-24 08:08:00,2025-02-24 15:08:00
D6,C8,2025-02-24 08:27:00,2025-02-24 14:27:00
D2,C9,2025-02-24 08:49:00,2025-02-24 17:49:00
D3,C10,2025-02-24 08:06:00,2025-02-24 14:06:00
D13,C10,2025-02-24 08:50:00,2025-02-24 14:50:00
D8,C11,2025-02-24 08:02:00,2025-02-24 14:02:00
D17,C11,2025-02-24 08:19:00,2025-02-24 14:19:00
D8,C12,2025-02-24 08:58:00,2025-02-24 15:58:00
D12,C13,2025-02-24 08:42:00,2025-02-24 16:42:00
D6,C14,2025-02-24 08:09:00,2025-02-24 16:09:00
D23,C15,2025-02-24 08:54:00,2025-02-24 15:54:00
D11,C15,2025-02-24 08:32:00,2025-02-24 14:32:00
D38,C16,2025-02-24 08:48:00,2025-02-24 14:48:00
D46,C17,2025-02-24 08:12:00,2025-02-24 16:12:00
D49,C18,2025-02-24 08:34:00,2025-02-24 14:34:00
D14,C19,2025-02-24 08:58:00,2025-02-24 17:58:00
D45,C20,2025-02-24 08:11:00,2025-02-24 17:11:00
D38,C20,2025-02-24 08:43:00,2025-02-24 14:43:00
D23,C21,2025-02-24 08:24:00,2025-02-24 17:24:00
D33,C22,2025-02-24 08:14:00,2025-02-24 17:14:00
D49,C23,2025-02-24 08:20:00,2025-02-24 14:20:00
D8,C24,2025-02-24 08:08:00,2025-02-24 17:08:00
D34,C24,2025-02-24 08:48:00,2025-02-24 16:48:00
D36,C25,2025-02-24 08:02:00,2025-02-24 14:02:00
D47,C25,2025-02-24 08:20:00,2025-02-24 17:20:00
D25,C1,2025-02-25 08:18:00,2025-02-25 17:18:00
D44,C2,2025-02-25 08:14:00,2025-02-25 17:14:00
D29,C2,2025-02-25 08:18:00,2025-02-25 17:18:00
D5,C3,2025-02-25 08:57:00,2025-02-25 17:57:00
D12,C4,2025-02-25 08:43:00,2025-02-25 17:43:00
D1,C4,2025-02-25 08:43:00,2025-02-25 14:43:00
D29,C5,2025-02-25 08:42:00,2025-02-25 14:42:00
D34,C5,2025-02-25 08:07:00,2025-02-25 15:07:00
D26,C6,2025-02-25 08:37:00,2025-02-25 14:37:00
D45,C6,2025-02-25 08:47:00,2025-02-25 15:47:00
D24,C7,2025-02-25 08:12:00,2025-02-25 16:12:00
D39,C8,2025-02-25 08:54:00,2025-02-25 17:54:00
D15,C9,2025-02-25 08:53:00,2025-02-25 17:53:00
D18,C10,2025-02-25 08:45:00,2025-02-25 16:45:00
D49,C10,2025-02-25 08:48:00,2025-02-25 17:48:00
D31,C11,2025-02-25 08:38:00,2025-02-25 17:38:00
D43,C11,2025-02-25 08:31:00,2025-02-25 16:31:00
D50,C12,2025-02-25 08:29:00,2025-02-25 14:29:00
D17,C13,2025-02-25 08:31:00,2025-02-25 17:31:00
D41,C14,2025-02-25 09:00:00,2025-02-25 16:00:00
D7,C15,2025-02-25 08:47:00,2025-02-25 14:47:00
D32,C16,2025-02-25 08:43:00,2025-02-25 14:43:00
D25,C17,2025-02-25 08:38:00,2025-02-25 16:38:00
D20,C18,2025-02-25 08:39:00,2025-02-25 14:39:00
D43,C19,2025-02-25 08:48:00,2025-02-25 17:48:00
D13,C20,2025-02-25 08:42:00,2025-02-25 17:42:00
D19,C20,2025-02-25 08:31:00,2025-02-25 16:31:00
D35,C21,2025-02-25 09:00:00,2025-02-25 15:00:00
D2,C21,2025-02-25 08:27:00,2025-02-25 14:27:00
D29,C22,2025-02-25 08:54:00,2025-02-25 17:54:00
D21,C22,2025-02-25 08:28:00,2025-02-25 17:28:00
D3,C23,2025-02-25 08:11:00,2025-02-25 16:11:00
D32,C24,2025-02-25 08:27:00,2025-02-25 15:27:00
D46,C25,2025-02-25 08:31:00,2025-02-25 14:31:00
D25,C25,2025-02-25 08:36:00,2025-02-25 17:36:00
D31,C1,2025-02-26 08:54:00,2025-02-26 15:54:00
D36,C1,2025-02-26 08:32:00,2025-02-26 14:32:00
D17,C2,2025-02-26 08:37:00,2025-02-26 17:37:00
D32,C2,2025-02-26 08:39:00,2025-02-26 16:39:00
D21,C3,2025-02-26 08:01:00,2025-02-26 14:01:00
D4,C3,2025-02-26 08:08:00,2025-02-26 16:08:00
D48,C4,2025-02-26 08:01:00,2025-02-26 16:01:00
D38,C4,2025-02-26 08:24:00,2025-02-26 14:24:00
D23,C5,2025-02-26 08:22:00,2025-02-26 14:22:00
D27,C5,2025-02-26 08:42:00,2025-02-26 15:42:00
D16,C6,2025-02-26 08:41:00,2025-02-26 16:41:00
D45,C7,2025-02-26 08:04:00,2025-02-26 16:04:00
D22,C8,2025-02-26 08:10:00,2025-02-26 14:10:00
D3,C9,2025-02-26 08:42:00,2025-02-26 17:42:00
D30,C9,2025-02-26 08:36:00,2025-02-26 17:36:00
D2,C10,2025-02-26 08:30:00,2025-02-26 14:30:00
D45,C10,2025-02-26 08:20:00,2025-02-26 17:20:00
D21,C11,2025-02-26 08:06:00,2025-02-26 17:06:00
D37,C11,2025-02-26 08:06:00,2025-02-26 15:06:00
D32,C12,2025-02-26 08:51:00,2025-02-26 16:51:00
D33,C12,2025-02-26 08:10:00,2025-02-26 16:10:00
D28,C13,2025-02-26 08:31:00,2025-02-26 14:31:00
D13,C13,2025-02-26 08:53:00,2025-02-26 15:53:00
D17,C14,2025-02-26 08:19:00,2025-02-26 17:19:00
D4,C14,2025-02-26 08:51:00,2025-02-26 15:51:00
D46,C15,2025-02-26 08:54:00,2025-02-26 14:54:00
D18,C16,2025-02-26 08:36:00,2025-02-26 17:36:00
D5,C16,2025-02-26 08:27:00,2025-02-26 15:27:00
D5,C17,2025-02-26 08:52:00,2025-02-26 16:52:00
D42,C17,2025-02-26 08:32:00,2025-02-26 16:32:00
D43,C18,2025-02-26 08:20:00,2025-02-26 15:20:00
D35,C18,2025-02-26 08:26:00,2025-02-26 17:26:00
D40,C19,2025-02-26 08:29:00,2025-02-26 15:29:00
D33,C19,2025-02-26 08:56:00,2025-02-26 14:56:00
D37,C20,2025-02-26 08:31:00,2025-02-26 15:31:00
D18,C21,2025-02-26 08:34:00,2025-02-26 17:34:00
D41,C21,2025-02-26 08:59:00,2025-02-26 14:59:00
D24,C22,2025-02-26 08:29:00,2025-02-26 15:29:00
D10,C23,2025-02-26 08:47:00,2025-02-26 16:47:00
D27,C24,2025-02-26 08:55:00,2025-02-26 14:55:00
D21,C24,2025-02-26 08:40:00,2025-02-26 15:40:00
D18,C25,2025-02-26 08:41:00,2025-02-26 15:41:00
D19,C25,2025-02-26 08:16:00,2025-02-26 15:16:00
D16,C1,2025-02-27 08:09:00,2025-02-27 15:09:00
D8,C1,2025-02-27 08:01:00,2025-02-27 15:01:00
D30,C2,2025-02-27 08:35:00,2025-02-27 17:35:00
D32,C2,2025-02-27 08:27:00,2025-02-27 14:27:00
D11,C3,2025-02-27 08:17:00,2025-02-27 15:17:00
D17,C4,2025-02-27 08:50:00,2025-02-27 16:50:00
D42,C5,2025-02-27 08:54:00,2025-02-27 14:54:00
D2,C6,2025-02-27 08:55:00,2025-02-27 14:55:00
D4,C6,2025-02-27 08:20:00,2025-02-27 16:20:00
D27,C7,2025-02-27 08:57:00,2025-02-27 16:57:00
D26,C8,2025-02-27 09:00:00,2025-02-27 16:00:00
D8,C9,2025-02-27 08:36:00,2025-02-27 14:36:00
D32,C10,2025-02-27 08:15:00,2025-02-27 14:15:00
D6,C10,2025-02-27 08:49:00,2025-02-27 16:49:00
D38,C11,2025-02-27 08:24:00,2025-02-27 15:24:00
D48,C11,2025-02-27 08:59:00,2025-02-27 17:59:00
D10,C12,2025-02-27 08:06:00,2025-02-27 15:06:00
D18,C13,2025-02-27 08:28:00,2025-02-27 17:28:00
D38,C14,2025-02-27 08:31:00,2025-02-27 16:31:00
D4,C14,2025-02-27 08:44:00,2025-02-27 14:44:00
D35,C15,2025-02-27 08:30:00,2025-02-27 15:30:00
D28,C15,2025-02-27 08:17:00,2025-02-27 15:17:00
D31,C16,2025-02-27 08:23:00,2025-02-27 16:23:00
D46,C16,2025-02-27 08:01:00,2025-02-27 14:01:00
D45,C17,2025-02-27 08:58:00,2025-02-27 15:58:00
D36,C18,2025-02-27 08:19:00,2025-02-27 16:19:00
D25,C18,2025-02-27 08:57:00,2025-02-27 14:57:00
D29,C19,2025-02-27 08:24:00,2025-02-27 14:24:00
D17,C20,2025-02-27 08:05:00,2025-02-27 15:05:00
D20,C20,2025-02-27 08:19:00,2025-02-27 15:19:00
D29,C21,2025-02-27 08:40:00,2025-02-27 16:40:00
D3,C22,2025-02-27 08:55:00,2025-02-27 14:55:00
D18,C22,2025-02-27 08:52:00,2025-02-27 17:52:00
D48,C23,2025-02-27 08:59:00,2025-02-27 16:59:00
D27,C23,2025-02-27 08:45:00,2025-02-27 17:45:00
D11,C24,2025-02-27 08:44:00,2025-02-27 16:44:00
D23,C25,2025-02-27 08:26:00,2025-02-27 16:26:00
D45,C1,2025-02-28 08:48:00,2025-02-28 14:48:00
D2,C1,2025-02-28 08:41:00,2025-02-28 15:41:00
D42,C2,2025-02-28 08:00:00,2025-02-28 17:00:00
D9,C2,2025-02-28 08:12:00,2025-02-28 16:12:00
D37,C3,2025-02-28 08:07:00,2025-02-28 15:07:00
D6,C3,2025-02-28 08:15:00,2025-02-28 15:15:00
D21,C4,2025-02-28 08:30:00,2025-02-28 15:30:00
D29,C4,2025-02-28 08:16:00,2025-02-28 15:16:00
D19,C5,2025-02-28 08:05:00,2025-02-28 17:05:00
D13,C5,2025-02-28 08:23:00,2025-02-28 15:23:00
D25,C6,2025-02-28 08:14:00,2025-02-28 14:14:00
D37,C6,2025-02-28 09:00:00,2025-02-28 15:00:00
D6,C7,2025-02-28 08:29:00,2025-02-28 15:29:00
D45,C8,2025-02-28 08:03:00,2025-02-28 17:03:00
D11,C8,2025-02-28 08:39:00,2025-02-28 17:39:00
D10,C9,2025-02-28 08:23:00,2025-02-28 15:23:00
D6,C9,2025-02-28 09:00:00,2025-02-28 15:00:00
D46,C10,2025-02-28 08:33:00,2025-02-28 17:33:00
D44,C11,2025-02-28 08:07:00,2025-02-28 15:07:00
D32,C11,2025-02-28 08:45:00,2025-02-28 15:45:00
D18,C12,2025-02-28 08:18:00,2025-02-28 17:18:00
D9,C13,2025-02-28 08:54:00,2025-02-28 15:54:00
D28,C13,2025-02-28 08:38:00,2025-02-28 15:38:00
D47,C14,2025-02-28 08:12:00,2025-02-28 17:12:00
D44,C14,2025-02-28 08:11:00,2025-02-28 17:11:00
D2,C15,2025-02-28 08:18:00,2025-02-28 16:18:00
D40,C16,2025-02-28 08:28:00,2025-02-28 15:28:00
D38,C17,2025-02-28 08:41:00,2025-02-28 17:41:00
D44,C17,2025-02-28 08:05:00,2025-02-28 14:05:00
D9,C18,2025-02-28 08:44:00,2025-02-28 17:44:00
D21,C18,2025-02-28 08:43:00,2025-02-28 15:43:00
D46,C19,2025-02-28 08:47:00,2025-02-28 16:47:00
D28,C19,2025-02-28 08:04:00,2025-02-28 14:04:00
D4,C20,2025-02-28 08:21:00,2025-02-28 15:21:00
D23,C21,2025-02-28 09:00:00,2025-02-28 15:00:00
D39,C21,2025-02-28 08:00:00,2025-02-28 16:00:00
D20,C22,2025-02-28 08:42:00,2025-02-28 16:42:00
D26,C22,2025-02-28 08:08:00,2025-02-28 14:08:00
D17,C23,2025-02-28 08:10:00,2025-02-28 17:10:00
D30,C24,2025-02-28 08:05:00,2025-02-28 16:05:00
D9,C24,2025-02-28 08:45:00,2025-02-28 17:45:00
D17,C25,2025-02-28 08:07:00,2025-02-28 16:07:00
D9,C1,2025-03-01 08:31:00,2025-03-01 16:31:00
D28,C2,2025-03-01 08:57:00,2025-03-01 16:57:00
D19,C2,2025-03-01 08:39:00,2025-03-01 16:39:00
D28,C3,2025-03-01 08:20:00,2025-03-01 17:20:00
D11,C3,2025-03-01 08:48:00,2025-03-01 15:48:00
D4,C4,2025-03-01 08:09:00,2025-03-01 14:09:00
D13,C4,2025-03-01 08:14:00,2025-03-01 15:14:00
D31,C5,2025-03-01 08:16:00,2025-03-01 15:16:00
D28,C6,2025-03-01 08:57:00,2025-03-01 17:57:00
D8,C6,2025-03-01 08:02:00,2025-03-01 17:02:00
D46,C7,2025-03-01 08:31:00,2025-03-01 17:31:00
D36,C7,2025-03-01 08:31:00,2025-03-01 14:31:00
D8,C8,2025-03-01 08:22:00,2025-03-01 14:22:00
D19,C9,2025-03-01 08:11:00,2025-03-01 15:11:00
D37,C10,2025-03-01 08:37:00,2025-03-01 15:37:00
D43,C10,2025-03-01 08:37:00,2025-03-01 14:37:00
D27,C11,2025-03-01 08:58:00,2025-03-01 14:58:00
D50,C12,2025-03-01 08:31:00,2025-03-01 14:31:00
D2,C13,2025-03-01 08:43:00,2025-03-01 14:43:00
D19,C13,2025-03-01 08:25:00,2025-03-01 16:25:00
D21,C14,2025-03-01 08:09:00,2025-03-01 14:09:00
D30,C15,2025-03-01 08:53:00,2025-03-01 17:53:00
D41,C16,2025-03-01 08:38:00,2025-03-01 14:38:00
D18,C16,2025-03-01 08:21:00,2025-03-01 14:21:00
D21,C17,2025-03-01 08:46:00,2025-03-01 15:46:00
D47,C17,2025-03-01 08:13:00,2025-03-01 14:13:00
D21,C18,2025-03-01 08:47:00,2025-03-01 14:47:00
D4,C18,2025-03-01 08:35:00,2025-03-01 17:35:00
D26,C19,2025-03-01 08:16:00,2025-03-01 15:16:00
D50,C20,2025-03-01 08:55:00,2025-03-01 17:55:00
D2,C21,2025-03-01 08:54:00,2025-03-01 15:54:00
D25,C22,2025-03-01 08:49:00,2025-03-01 17:49:00
D42,C23,2025-03-01 08:41:00,2025-03-01 15:41:00
D49,C23,2025-03-01 08:07:00,2025-03-01 16:07:00
D28,C24,2025-03-01 08:51:00,2025-03-01 16:51:00
D48,C24,2025-03-01 08:57:00,2025-03-01 15:57:00
D43,C25,2025-03-01 08:53:00,2025-03-01 16:53:00
D7,C25,2025-03-01 08:32:00,2025-03-01 15:32:00
D29,C1,2025-03-02 08:30:00,2025-03-02 16:30:00
D25,C1,2025-03-02 08:36:00,2025-03-02 17:36:00
D49,C2,2025-03-02 08:27:00,2025-03-02 16:27:00
D28,C3,2025-03-02 08:40:00,2025-03-02 17:40:00
D3,C4,2025-03-02 08:32:00,2025-03-02 16:32:00
D44,C5,2025-03-02 08:41:00,2025-03-02 15:41:00
D15,C5,2025-03-02 08:59:00,2025-03-02 17:59:00
D19,C6,2025-03-02 08:29:00,2025-03-02 17:29:00
D31,C7,2025-03-02 08:19:00,2025-03-02 15:19:00
D44,C8,2025-03-02 08:57:00,2025-03-02 16:57:00
D34,C9,2025-03-02 08:27:00,2025-03-02 16:27:00
D36,C10,2025-03-02 08:04:00,2025-03-02 14:04:00
D33,C11,2025-03-02 08:27:00,2025-03-02 17:27:00
D30,C12,2025-03-02 08:42:00,2025-03-02 16:42:00
D17,C13,2025-03-02 08:05:00,2025-03-02 14:05:00
D38,C13,2025-03-02 08:07:00,2025-03-02 17:07:00
D12,C14,2025-03-02 08:53:00,2025-03-02 17:53:00
D6,C15,2025-03-02 08:26:00,2025-03-02 16:26:00
D38,C16,2025-03-02 08:29:00,2025-03-02 17:29:00
D47,C16,2025-03-02 08:39:00,2025-03-02 16:39:00
D12,C17,2025-03-02 08:11:00,2025-03-02 14:11:00
D14,C17,2025-03-02 08:47:00,2025-03-02 16:47:00
D28,C18,2025-03-02 08:34:00,2025-03-02 14:34:00
D26,C19,2025-03-02 08:07:00,2025-03-02 14:07:00
D42,C20,2025-03-02 08:30:00,2025-03-02 17:30:00
D43,C21,2025-03-02 08:38:00,2025-03-02 17:38:00
D48,C21,2025-03-02 08:19:00,2025-03-02 16:19:00
D20,C22,2025-03-02 08:08:00,2025-03-02 15:08:00
D6,C22,2025-03-02 08:00:00,2025-03-02 15:00:00
D2,C23,2025-03-02 08:44:00,2025-03-02 15:44:00
D14,C24,2025-03-02 08:30:00,2025-03-02 15:30:00
D28,C25,2025-03-02 08:53:00,2025-03-02 15:53:00
D20,C1,2025-03-03 08:49:00,2025-03-03 17:49:00
D31,C2,2025-03-03 08:27:00,2025-03-03 14:27:00
D11,C3,2025-03-03 08:57:00,2025-03-03 15:57:00
D32,C4,2025-03-03 08:01:00,2025-03-03 17:01:00
D31,C4,2025-03-03 08:37:00,2025-03-03 15:37:00
D19,C5,2025-03-03 08:36:00,2025-03-03 17:36:00
D22,C6,2025-03-03 08:00:00,2025-03-03 14:00:00
D27,C7,2025-03-03 08:47:00,2025-03-03 16:47:00
D32,C7,2025-03-03 08:02:00,2025-03-03 17:02:00
D32,C8,2025-03-03 08:37:00,2025-03-03 17:37:00
D33,C8,2025-03-03 08:14:00,2025-03-03 14:14:00
D28,C9,2025-03-03 08:36:00,2025-03-03 16:36:00
D18,C10,2025-03-03 08:57:00,2025-03-03 17:57:00
D8,C11,2025-03-03 08:39:00,2025-03-03 16:39:00
D32,C11,2025-03-03 08:28:00,2025-03-03 17:28:00
D11,C12,2025-03-03 08:18:00,2025-03-03 15:18:00
D23,C13,2025-03-03 08:14:00,2025-03-03 15:14:00
D29,C13,2025-03-03 08:37:00,2025-03-03 16:37:00
D9,C14,2025-03-03 08:46:00,2025-03-03 17:46:00
D19,C14,2025-03-03 08:26:00,2025-03-03 16:26:00
D11,C15,2025-03-03 08:13:00,2025-03-03 16:13:00
D40,C15,2025-03-03 08:44:00,2025-03-03 14:44:00
D9,C16,2025-03-03 08:12:00,2025-03-03 15:12:00
D12,C16,2025-03-03 08:38:00,2025-03-03 17:38:00
D27,C17,2025-03-03 09:00:00,2025-03-03 18:00:00
D16,C18,2025-03-03 08:35:00,2025-03-03 14:35:00
D14,C18,2025-03-03 08:01:00,2025-03-03 16:01:00
D23,C19,2025-03-03 08:10:00,2025-03-03 15:10:00
D44,C19,2025-03-03 08:52:00,2025-03-03 14:52:00
D22,C20,2025-03-03 08:27:00,2025-03-03 14:27:00
D8,C21,2025-03-03 08:35:00,2025-03-03 15:35:00
D17,C22,2025-03-03 08:50:00,2025-03-03 16:50:00
D22,C22,2025-03-03 08:49:00,2025-03-03 14:49:00
D10,C23,2025-03-03 08:55:00,2025-03-03 14:55:00
D45,C23,2025-03-03 08:45:00,2025-03-03 14:45:00
D30,C24,2025-03-03 08:07:00,2025-03-03 14:07:00
D49,C24,2025-03-03 08:50:00,2025-03-03 14:50:00
D33,C25,2025-03-03 08:06:00,2025-03-03 15:06:00
D14,C1,2025-03-04 08:58:00,2025-03-04 16:58:00
D47,C2,2025-03-04 08:18:00,2025-03-04 17:18:00
D47,C3,2025-03-04 08:09:00,2025-03-04 16:09:00
D7,C3,2025-03-04 08:21:00,2025-03-04 15:21:00
D13,C4,2025-03-04 08:28:00,2025-03-04 17:28:00
D16,C5,2025-03-04 08:53:00,2025-03-04 17:53:00
D19,C6,2025-03-04 08:10:00,2025-03-04 14:10:00
D33,C6,2025-03-04 08:17:00,2025-03-04 16:17:00
D24,C7,2025-03-04 08:42:00,2025-03-04 15:42:00
D41,C7,2025-03-04 08:09:00,2025-03-04 17:09:00
D9,C8,2025-03-04 08:51:00,2025-03-04 17:51:00
D27,C9,2025-03-04 09:00:00,2025-03-04 17:00:00
D30,C9,2025-03-04 09:00:00,2025-03-04 15:00:00
D10,C10,2025-03-04 08:00:00,2025-03-04 14:00:00
D50,C10,2025-03-04 08:05:00,2025-03-04 16:05:00
D26,C11,2025-03-04 08:10:00,2025-03-04 17:10:00
D50,C11,2025-03-04 08:03:00,2025-03-04 17:03:00
D43,C12,2025-03-04 08:59:00,2025-03-04 15:59:00
D41,C13,2025-03-04 08:45:00,2025-03-04 16:45:00
D26,C14,2025-03-04 08:44:00,2025-03-04 16:44:00
D44,C14,2025-03-04 08:46:00,2025-03-04 16:46:00
D1,C15,2025-03-04 08:57:00,2025-03-04 15:57:00
D18,C15,2025-03-04 08:44:00,2025-03-04 17:44:00
D42,C16,2025-03-04 08:56:00,2025-03-04 17:56:00
D14,C16,2025-03-04 08:44:00,2025-03-04 16:44:00
D50,C17,2025-03-04 08:56:00,2025-03-04 16:56:00
D13,C17,2025-03-04 08:05:00,2025-03-04 14:05:00
D25,C18,2025-03-04 08:46:00,2025-03-04 15:46:00
D47,C18,2025-03-04 08:33:00,2025-03-04 16:33:00
D6,C19,2025-03-04 08:32:00,2025-03-04 16:32:00
D49,C20,2025-03-04 08:10:00,2025-03-04 14:10:00
D41,C20,2025-03-04 08:01:00,2025-03-04 16:01:00
D50,C21,2025-03-04 08:19:00,2025-03-04 17:19:00
D47,C22,2025-03-04 08:03:00,2025-03-04 16:03:00
D41,C23,2025-03-04 08:22:00,2025-03-04 14:22:00
D33,C23,2025-03-04 08:03:00,2025-03-04 14:03:00
D20,C24,2025-03-04 08:47:00,2025-03-04 14:47:00
D37,C24,2025-03-04 08:29:00,2025-03-04 16:29:00
D48,C25,2025-03-04 08:37:00,2025-03-04 15:37:00
D20,C1,2025-03-05 08:42:00,2025-03-05 15:42:00
D19,C1,2025-03-05 08:45:00,2025-03-05 17:45:00
D7,C2,2025-03-05 08:20:00,2025-03-05 15:20:00
D30,C3,2025-03-05 08:09:00,2025-03-05 17:09:00
D7,C3,2025-03-05 08:53:00,2025-03-05 17:53:00
D6,C4,2025-03-05 08:03:00,2025-03-05 17:03:00
D31,C5,2025-03-05 08:13:00,2025-03-05 17:13:00
D24,C6,2025-03-05 08:43:00,2025-03-05 17:43:00
D17,C7,2025-03-05 08:31:00,2025-03-05 17:31:00
D38,C7,2025-03-05 08:28:00,2025-03-05 17:28:00
D11,C8,2025-03-05 08:32:00,2025-03-05 15:32:00
D10,C8,2025-03-05 08:31:00,2025-03-05 17:31:00
D46,C9,2025-03-05 08:32:00,2025-03-05 14:32:00
D30,C10,2025-03-05 08:30:00,2025-03-05 14:30:00
D36,C11,2025-03-05 08:23:00,2025-03-05 14:23:00
D8,C12,2025-03-05 08:36:00,2025-03-05 16:36:00
D24,C12,2025-03-05 08:02:00,2025-03-05 15:02:00
D24,C13,2025-03-05 08:19:00,2025-03-05 16:19:00
D19,C14,2025-03-05 08:01:00,2025-03-05 15:01:00
D32,C14,2025-03-05 08:09:00,2025-03-05 17:09:00
D20,C15,2025-03-05 08:56:00,2025-03-05 16:56:00
D12,C16,2025-03-05 08:52:00,2025-03-05 17:52:00
D8,C17,2025-03-05 08:35:00,2025-03-05 16:35:00
D3,C18,2025-03-05 08:26:00,2025-03-05 17:26:00
D37,C19,2025-03-05 08:57:00,2025-03-05 16:57:00
D29,C19,2025-03-05 08:50:00,2025-03-05 17:50:00
D47,C20,2025-03-05 08:08:00,2025-03-05 15:08:00
D39,C20,2025-03-05 08:32:00,2025-03-05 17:32:00
D43,C21,2025-03-05 08:09:00,2025-03-05 16:09:00
D29,C21,2025-03-05 08:05:00,2025-03-05 17:05:00
D15,C22,2025-03-05 08:21:00,2025-03-05 14:21:00
D26,C22,2025-03-05 08:42:00,2025-03-05 17:42:00
D42,C23,2025-03-05 08:55:00,2025-03-05 15:55:00
D6,C23,2025-03-05 08:45:00,2025-03-05 14:45:00
D36,C24,2025-03-05 08:07:00,2025-03-05 14:07:00
D42,C24,2025-03-05 08:12:00,2025-03-05 14:12:00
D49,C25,2025-03-05 08:30:00,2025-03-05 14:30:00
D43,C1,2025-03-06 08:59:00,2025-03-06 15:59:00
D18,C2,2025-03-06 08:50:00,2025-03-06 15:50:00
D46,C3,2025-03-06 08:53:00,2025-03-06 17:53:00
D35,C4,2025-03-06 08:38:00,2025-03-06 16:38:00
D38,C5,2025-03-06 08:31:00,2025-03-06 14:31:00
D3,C5,2025-03-06 08:21:00,2025-03-06 17:21:00
D27,C6,2025-03-06 08:01:00,2025-03-06 16:01:00
D17,C7,2025-03-06 08:07:00,2025-03-06 14:07:00
D6,C7,2025-03-06 08:34:00,2025-03-06 15:34:00
D10,C8,2025-03-06 08:16:00,2025-03-06 14:16:00
D12,C8,2025-03-06 08:09:00,2025-03-06 16:09:00
D44,C9,2025-03-06 08:03:00,2025-03-06 16:03:00
D11,C9,2025-03-06 08:11:00,2025-03-06 14:11:00
D20,C10,2025-03-06 08:24:00,2025-03-06 14:24:00
D10,C11,2025-03-06 08:57:00,2025-03-06 16:57:00
D27,C11,2025-03-06 08:16:00,2025-03-06 17:16:00
D4,C12,2025-03-06 08:12:00,2025-03-06 15:12:00
D32,C13,2025-03-06 08:32:00,2025-03-06 17:32:00
D18,C14,2025-03-06 08:03:00,2025-03-06 16:03:00
D36,C15,2025-03-06 08:04:00,2025-03-06 17:04:00
D27,C15,2025-03-06 08:01:00,2025-03-06 17:01:00
D2,C16,2025-03-06 08:17:00,2025-03-06 14:17:00
D49,C17,2025-03-06 08:35:00,2025-03-06 15:35:00
D37,C18,2025-03-06 08:28:00,2025-03-06 14:28:00
D27,C18,2025-03-06 08:54:00,2025-03-06 15:54:00
D24,C19,2025-03-06 08:34:00,2025-03-06 15:34:00
D35,C20,2025-03-06 09:00:00,2025-03-06 18:00:00
D3,C21,2025-03-06 08:52:00,2025-03-06 17:52:00
D1,C21,2025-03-06 08:53:00,2025-03-06 16:53:00
D1,C22,2025-03-06 08:03:00,2025-03-06 17:03:00
D39,C23,2025-03-06 08:53:00,2025-03-06 17:53:00
D17,C23,2025-03-06 08:22:00,2025-03-06 15:22:00
D3,C24,2025-03-06 08:47:00,2025-03-06 14:47:00
D11,C24,2025-03-06 08:19:00,2025-03-06 14:19:00
D45,C25,2025-03-06 08:53:00,2025-03-06 15:53:00
D8,C25,2025-03-06 08:46:00,2025-03-06 16:46:00
D14,C1,2025-03-07 08:32:00,2025-03-07 16:32:00
D40,C1,2025-03-07 08:56:00,2025-03-07 16:56:00
D49,C2,2025-03-07 08:28:00,2025-03-07 16:28:00
D46,C2,2025-03-07 08:15:00,2025-03-07 16:15:00
D14,C3,2025-03-07 08:38:00,2025-03-07 16:38:00
D30,C3,2025-03-07 08:01:00,2025-03-07 15:01:00
D39,C4,2025-03-07 08:30:00,2025-03-07 14:30:00
D44,C5,2025-03-07 08:11:00,2025-03-07 17:11:00
D49,C6,2025-03-07 08:34:00,2025-03-07 14:34:00
D26,C6,2025-03-07 08:50:00,2025-03-07 14:50:00
D43,C7,2025-03-07 08:28:00,2025-03-07 14:28:00
D25,C8,2025-03-07 08:22:00,2025-03-07 17:22:00
D39,C8,2025-03-07 08:11:00,2025-03-07 14:11:00
D30,C9,2025-03-07 08:23:00,2025-03-07 15:23:00
D1,C10,2025-03-07 08:47:00,2025-03-07 14:47:00
D15,C10,2025-03-07 08:48:00,2025-03-07 16:48:00
D13,C11,2025-03-07 08:52:00,2025-03-07 16:52:00
D6,C11,2025-03-07 08:51:00,2025-03-07 15:51:00
D32,C12,2025-03-07 08:23:00,2025-03-07 14:23:00
D32,C13,2025-03-07 08:45:00,2025-03-07 15:45:00
D46,C13,2025-03-07 08:00:00,2025-03-07 15:00:00
D8,C14,2025-03-07 08:36:00,2025-03-07 17:36:00
D18,C14,2025-03-07 08:10:00,2025-03-07 15:10:00
D5,C15,2025-03-07 08:37:00,2025-03-07 15:37:00
D9,C16,2025-03-07 08:16:00,2025-03-07 15:16:00
D13,C17,2025-03-07 08:01:00,2025-03-07 16:01:00
D44,C17,2025-03-07 08:43:00,2025-03-07 17:43:00
D28,C18,2025-03-07 08:41:00,2025-03-07 14:41:00
D28,C19,2025-03-07 08:17:00,2025-03-07 14:17:00
D27,C19,2025-03-07 08:43:00,2025-03-07 17:43:00
D24,C20,2025-03-07 08:48:00,2025-03-07 14:48:00
D34,C20,2025-03-07 08:56:00,2025-03-07 15:56:00
D18,C21,2025-03-07 08:58:00,2025-03-07 17:58:00
D21,C22,2025-03-07 08:25:00,2025-03-07 15:25:00
D1,C22,2025-03-07 08:21:00,2025-03-07 14:21:00
D48,C23,2025-03-07 08:14:00,2025-03-07 17:14:00
D16,C24,2025-03-07 08:12:00,2025-03-07 15:12:00
D20,C25,2025-03-07 08:40:00,2025-03-07 14:40:00
D5,C25,2025-03-07 08:01:00,2025-03-07 17:01:00
D2,C1,2025-03-08 08:51:00,2025-03-08 16:51:00
D38,C1,2025-03-08 08:53:00,2025-03-08 16:53:00
D7,C2,2025-03-08 08:30:00,2025-03-08 15:30:00
D4,C3,2025-03-08 08:33:00,2025-03-08 15:33:00
D22,C3,2025-03-08 09:00:00,2025-03-08 15:00:00
D49,C4,2025-03-08 08:40:00,2025-03-08 17:40:00
D7,C4,2025-03-08 08:37:00,2025-03-08 14:37:00
D4,C5,2025-03-08 08:58:00,2025-03-08 14:58:00
D21,C6,2025-03-08 08:04:00,2025-03-08 15:04:00
D45,C6,2025-03-08 08:03:00,2025-03-08 17:03:00
D20,C7,2025-03-08 08:39:00,2025-03-08 17:39:00
D7,C8,2025-03-08 08:43:00,2025-03-08 14:43:00
D19,C9,2025-03-08 08:54:00,2025-03-08 17:54:00
D7,C10,2025-03-08 08:48:00,2025-03-08 17:48:00
D40,C10,2025-03-08 08:14:00,2025-03-08 14:14:00
D25,C11,2025-03-08 08:50:00,2025-03-08 17:50:00
D30,C11,2025-03-08 08:56:00,2025-03-08 14:56:00
D42,C12,2025-03-08 08:50:00,2025-03-08 14:50:00
D44,C12,2025-03-08 08:29:00,2025-03-08 16:29:00
D7,C13,2025-03-08 08:06:00,2025-03-08 14:06:00
D38,C14,2025-03-08 08:50:00,2025-03-08 15:50:00
D41,C15,2025-03-08 08:32:00,2025-03-08 16:32:00
D27,C16,2025-03-08 08:46:00,2025-03-08 17:46:00
D31,C16,2025-03-08 08:11:00,2025-03-08 15:11:00
D3,C17,2025-03-08 08:03:00,2025-03-08 15:03:00
D38,C18,2025-03-08 08:32:00,2025-03-08 16:32:00
D28,C18,2025-03-08 08:19:00,2025-03-08 15:19:00
D31,C19,2025-03-08 08:19:00,2025-03-08 16:19:00
D24,C20,2025-03-08 08:33:00,2025-03-08 15:33:00
D1,C20,2025-03-08 08:03:00,2025-03-08 15:03:00
D28,C21,2025-03-08 08:22:00,2025-03-08 15:22:00
D41,C22,2025-03-08 08:58:00,2025-03-08 15:58:00
D22,C23,2025-03-08 08:12:00,2025-03-08 17:12:00
D39,C24,2025-03-08 08:21:00,2025-03-08 16:21:00
D45,C24,2025-03-08 08:39:00,2025-03-08 16:39:00
D22,C25,2025-03-08 08:06:00,2025-03-08 17:06:00
D11,C25,2025-03-08 08:56:00,2025-03-08 14:56:00
D15,C1,2025-03-09 08:40:00,2025-03-09 15:40:00
D1,C1,2025-03-09 08:44:00,2025-03-09 15:44:00
D40,C2,2025-03-09 08:15:00,2025-03-09 17:15:00
D14,C2,2025-03-09 08:47:00,2025-03-09 16:47:00
D14,C3,2025-03-09 08:11:00,2025-03-09 14:11:00
D26,C3,2025-03-09 08:23:00,2025-03-09 14:23:00
D23,C4,2025-03-09 08:01:00,2025-03-09 14:01:00
D19,C5,2025-03-09 08:28:00,2025-03-09 15:28:00
D3,C6,2025-03-09 08:12:00,2025-03-09 15:12:00
D2,C6,2025-03-09 08:18:00,2025-03-09 15:18:00
D17,C7,2025-03-09 08:46:00,2025-03-09 15:46:00
D36,C8,2025-03-09 08:11:00,2025-03-09 15:11:00
D16,C8,2025-03-09 08:01:00,2025-03-09 15:01:00
D7,C9,2025-03-09 08:53:00,2025-03-09 15:53:00
D2,C9,2025-03-09 08:24:00,2025-03-09 14:24:00
D14,C10,2025-03-09 08:29:00,2025-03-09 15:29:00
D20,C10,2025-03-09 08:23:00,2025-03-09 16:23:00
D34,C11,2025-03-09 08:51:00,2025-03-09 17:51:00
D8,C12,2025-03-09 08:09:00,2025-03-09 15:09:00
D13,C13,2025-03-09 08:34:00,2025-03-09 17:34:00
D21,C14,2025-03-09 08:27:00,2025-03-09 15:27:00
D39,C14,2025-03-09 08:58:00,2025-03-09 14:58:00
D35,C15,2025-03-09 08:18:00,2025-03-09 15:18:00
D16,C16,2025-03-09 08:40:00,2025-03-09 16:40:00
D4,C16,2025-03-09 08:55:00,2025-03-09 15:55:00
D14,C17,2025-03-09 08:05:00,2025-03-09 17:05:00
D47,C17,2025-03-09 08:50:00,2025-03-09 14:50:00
D33,C18,2025-03-09 08:24:00,2025-03-09 16:24:00
D34,C19,2025-03-09 08:11:00,2025-03-09 16:11:00
D30,C19,2025-03-09 08:45:00,2025-03-09 16:45:00
D46,C20,2025-03-09 08:30:00,2025-03-09 16:30:00
D32,C20,2025-03-09 08:37:00,2025-03-09 17:37:00
D14,C21,2025-03-09 08:14:00,2025-03-09 15:14:00
D16,C22,2025-03-09 08:13:00,2025-03-09 16:13:00
D26,C22,2025-03-09 08:27:00,2025-03-09 17:27:00
D24,C23,2025-03-09 08:16:00,2025-03-09 14:16:00
D49,C24,2025-03-09 08:05:00,2025-03-09 16:05:00
D34,C25,2025-03-09 08:14:00,2025-03-09 14:14:00
D23,C25,2025-03-09 08:29:00,2025-03-09 16:29:00
D29,C1,2025-03-10 08:27:00,2025-03-10 17:27:00
D30,C1,2025-03-10 08:23:00,2025-03-10 17:23:00
D18,C2,2025-03-10 08:01:00,2025-03-10 15:01:00
D25,C2,2025-03-10 08:28:00,2025-03-10 15:28:00
D42,C3,2025-03-10 08:22:00,2025-03-10 14:22:00
D5,C3,2025-03-10 08:18:00,2025-03-10 14:18:00
D15,C4,2025-03-10 08:07:00,2025-03-10 14:07:00
D7,C4,2025-03-10 08:23:00,2025-03-10 14:23:00
D22,C5,2025-03-10 08:12:00,2025-03-10 16:12:00
D20,C6,2025-03-10 08:52:00,2025-03-10 16:52:00
D48,C6,2025-03-10 08:12:00,2025-03-10 15:12:00
D1,C7,2025-03-10 08:19:00,2025-03-10 16:19:00
D50,C7,2025-03-10 08:52:00,2025-03-10 16:52:00
D26,C8,2025-03-10 08:48:00,2025-03-10 14:48:00
D38,C8,2025-03-10 08:30:00,2025-03-10 15:30:00
D15,C9,2025-03-10 08:47:00,2025-03-10 15:47:00
D47,C9,2025-03-10 08:30:00,2025-03-10 15:30:00
D47,C10,2025-03-10 08:21:00,2025-03-10 14:21:00
D30,C10,2025-03-10 08:20:00,2025-03-10 15:20:00
D50,C11,2025-03-10 08:26:00,2025-03-10 15:26:00
D45,C11,2025-03-10 08:28:00,2025-03-10 17:28:00
D24,C12,2025-03-10 08:08:00,2025-03-10 15:08:00
D48,C13,2025-03-10 08:31:00,2025-03-10 16:31:00
D1,C13,2025-03-10 08:21:00,2025-03-10 15:21:00
D28,C14,2025-03-10 08:48:00,2025-03-10 17:48:00
D44,C14,2025-03-10 08:48:00,2025-03-10 16:48:00
D38,C15,2025-03-10 08:36:00,2025-03-10 14:36:00
D2,C15,2025-03-10 08:59:00,2025-03-10 15:59:00
D22,C16,2025-03-10 08:36:00,2025-03-10 17:36:00
D14,C17,2025-03-10 08:04:00,2025-03-10 17:04:00
D26,C17,2025-03-10 08:12:00,2025-03-10 17:12:00
D22,C18,2025-03-10 08:36:00,2025-03-10 17:36:00
D6,C19,2025-03-10 08:06:00,2025-03-10 15:06:00
D11,C19,2025-03-10 08:02:00,2025-03-10 17:02:00
D12,C20,2025-03-10 08:12:00,2025-03-10 14:12:00
D19,C21,2025-03-10 08:14:00,2025-03-10 16:14:00
D14,C21,2025-03-10 08:42:00,2025-03-10 14:42:00
D4,C22,2025-03-10 08:33:00,2025-03-10 14:33:00
D24,C22,2025-03-10 08:10:00,2025-03-10 16:10:00
D26,C23,2025-03-10 08:07:00,2025-03-10 15:07:00
D11,C23,2025-03-10 08:34:00,2025-03-10 17:34:00
D48,C24,2025-03-10 08:24:00,2025-03-10 15:24:00
D5,C24,2025-03-10 08:08:00,2025-03-10 15:08:00
D28,C25,2025-03-10 08:42:00,2025-03-10 17:42:00
D46,C25,2025-03-10 08:10:00,2025-03-10 16:10:00
D33,C1,2025-03-11 08:45:00,2025-03-11 17:45:00
D13,C2,2025-03-11 08:09:00,2025-03-11 17:09:00
D1,C2,2025-03-11 08:04:00,2025-03-11 17:04:00
D34,C3,2025-03-11 08:21:00,2025-03-11 17:21:00
D30,C4,2025-03-11 08:02:00,2025-03-11 14:02:00
D37,C4,2025-03-11 08:18:00,2025-03-11 17:18:00
D45,C5,2025-03-11 08:50:00,2025-03-11 16:50:00
D46,C5,2025-03-11 08:25:00,2025-03-11 15:25:00
D16,C6,2025-03-11 08:57:00,2025-03-11 17:57:00
D12,C6,2025-03-11 08:29:00,2025-03-11 17:29:00
D45,C7,2025-03-11 08:36:00,2025-03-11 14:36:00
D45,C8,2025-03-11 08:15:00,2025-03-11 15:15:00
D3,C8,2025-03-11 08:17:00,2025-03-11 16:17:00
D45,C9,2025-03-11 08:46:00,2025-03-11 15:46:00
D27,C10,2025-03-11 08:35:00,2025-03-11 14:35:00
D49,C10,2025-03-11 08:23:00,2025-03-11 14:23:00
D33,C11,2025-03-11 08:49:00,2025-03-11 16:49:00
D29,C12,2025-03-11 08:16:00,2025-03-11 15:16:00
D11,C12,2025-03-11 08:32:00,2025-03-11 14:32:00
D2,C13,2025-03-11 08:40:00,2025-03-11 17:40:00
D5,C13,2025-03-11 08:24:00,2025-03-11 16:24:00
D13,C14,2025-03-11 08:02:00,2025-03-11 14:02:00
D26,C14,2025-03-11 08:16:00,2025-03-11 14:16:00
D21,C15,2025-03-11 08:42:00,2025-03-11 17:42:00
D30,C16,2025-03-11 08:05:00,2025-03-11 15:05:00
D5,C16,2025-03-11 08:45:00,2025-03-11 17:45:00
D31,C17,2025-03-11 08:52:00,2025-03-11 16:52:00
D11,C18,2025-03-11 08:53:00,2025-03-11 14:53:00
D12,C19,2025-03-11 08:18:00,2025-03-11 14:18:00
D11,C20,2025-03-11 08:42:00,2025-03-11 14:42:00
D5,C20,2025-03-11 08:43:00,2025-03-11 16:43:00
D29,C21,2025-03-11 08:22:00,2025-03-11 15:22:00
D46,C22,2025-03-11 08:02:00,2025-03-11 15:02:00
D45,C23,2025-03-11 08:53:00,2025-03-11 14:53:00
D4,C23,2025-03-11 08:24:00,2025-03-11 16:24:00
D4,C24,2025-03-11 08:00:00,2025-03-11 14:00:00
D39,C24,2025-03-11 08:49:00,2025-03-11 17:49:00
D16,C25,2025-03-11 08:23:00,2025-03-11 15:23:00
D6,C1,2025-03-12 08:01:00,2025-03-12 17:01:00
D1,C2,2025-03-12 08:21:00,2025-03-12 15:21:00
D15,C3,2025-03-12 08:56:00,2025-03-12 14:56:00
D47,C4,2025-03-12 08:10:00,2025-03-12 14:10:00
D33,C5,2025-03-12 08:52:00,2025-03-12 16:52:00
D7,C5,2025-03-12 08:20:00,2025-03-12 15:20:00
D35,C6,2025-03-12 08:25:00,2025-03-12 17:25:00
D15,C7,2025-03-12 08:13:00,2025-03-12 14:13:00
D21,C8,2025-03-12 08:00:00,2025-03-12 17:00:00
D12,C8,2025-03-12 08:41:00,2025-03-12 16:41:00
D25,C9,2025-03-12 08:13:00,2025-03-12 17:13:00
D5,C10,2025-03-12 08:42:00,2025-03-12 16:42:00
D3,C11,2025-03-12 08:56:00,2025-03-12 15:56:00
D5,C11,2025-03-12 08:26:00,2025-03-12 16:26:00
D7,C12,2025-03-12 08:34:00,2025-03-12 15:34:00
D46,C12,2025-03-12 08:16:00,2025-03-12 14:16:00
D41,C13,2025-03-12 08:24:00,2025-03-12 15:24:00
D45,C13,2025-03-12 08:21:00,2025-03-12 15:21:00
D43,C14,2025-03-12 08:04:00,2025-03-12 16:04:00
D31,C14,2025-03-12 08:01:00,2025-03-12 17:01:00
D33,C15,2025-03-12 08:47:00,2025-03-12 15:47:00
D41,C15,2025-03-12 08:32:00,2025-03-12 14:32:00
D2,C16,2025-03-12 08:39:00,2025-03-12 14:39:00
D16,C17,2025-03-12 08:27:00,2025-03-12 15:27:00
D48,C17,2025-03-12 08:39:00,2025-03-12 14:39:00
D9,C18,2025-03-12 08:23:00,2025-03-12 17:23:00
D13,C19,2025-03-12 08:24:00,2025-03-12 15:24:00
D10,C19,2025-03-12 08:41:00,2025-03-12 14:41:00
D47,C20,2025-03-12 08:38:00,2025-03-12 17:38:00
D9,C21,2025-03-12 08:20:00,2025-03-12 14:20:00
D18,C21,2025-03-12 08:33:00,2025-03-12 17:33:00
D49,C22,2025-03-12 08:14:00,2025-03-12 16:14:00
D2,C22,2025-03-12 08:21:00,2025-03-12 15:21:00
D35,C23,2025-03-12 08:03:00,2025-03-12 15:03:00
D39,C24,2025-03-12 08:55:00,2025-03-12 17:55:00
D12,C25,2025-03-12 08:40:00,2025-03-12 14:40:00
D29,C25,2025-03-12 08:04:00,2025-03-12 17:04:00
D13,C1,2025-03-13 08:03:00,2025-03-13 15:03:00
D9,C2,2025-03-13 08:05:00,2025-03-13 15:05:00
D16,C3,2025-03-13 08:32:00,2025-03-13 14:32:00
D47,C4,2025-03-13 08:19:00,2025-03-13 15:19:00
D30,C4,2025-03-13 08:46:00,2025-03-13 15:46:00
D28,C5,2025-03-13 08:11:00,2025-03-13 15:11:00
D19,C6,2025-03-13 08:28:00,2025-03-13 15:28:00
D37,C6,2025-03-13 08:17:00,2025-03-13 17:17:00
D24,C7,2025-03-13 08:25:00,2025-03-13 17:25:00
D31,C8,2025-03-13 08:28:00,2025-03-13 17:28:00
D49,C9,2025-03-13 08:52:00,2025-03-13 17:52:00
D10,C9,2025-03-13 08:01:00,2025-03-13 17:01:00
D6,C10,2025-03-13 08:58:00,2025-03-13 16:58:00
D49,C10,2025-03-13 08:38:00,2025-03-13 15:38:00
D17,C11,2025-03-13 08:24:00,2025-03-13 17:24:00
D30,C12,2025-03-13 08:24:00,2025-03-13 17:24:00
D19,C12,2025-03-13 08:04:00,2025-03-13 16:04:00
D46,C13,2025-03-13 08:30:00,2025-03-13 15:30:00
D13,C14,2025-03-13 08:00:00,2025-03-13 14:00:00
D32,C15,2025-03-13 08:59:00,2025-03-13 17:59:00
D26,C15,2025-03-13 09:00:00,2025-03-13 18:00:00
D25,C16,2025-03-13 08:19:00,2025-03-13 14:19:00
D32,C16,2025-03-13 08:26:00,2025-03-13 14:26:00
D25,C17,2025-03-13 08:59:00,2025-03-13 15:59:00
D49,C18,2025-03-13 08:27:00,2025-03-13 16:27:00
D33,C19,2025-03-13 08:31:00,2025-03-13 16:31:00
D46,C19,2025-03-13 08:44:00,2025-03-13 14:44:00
D28,C20,2025-03-13 08:15:00,2025-03-13 15:15:00
D48,C20,2025-03-13 08:30:00,2025-03-13 14:30:00
D41,C21,2025-03-13 08:43:00,2025-03-13 14:43:00
D46,C21,2025-03-13 08:44:00,2025-03-13 15:44:00
D39,C22,2025-03-13 09:00:00,2025-03-13 16:00:00
D30,C22,2025-03-13 08:16:00,2025-03-13 15:16:00
D1,C23,2025-03-13 08:07:00,2025-03-13 14:07:00
D26,C24,2025-03-13 08:37:00,2025-03-13 14:37:00
D46,C24,2025-03-13 08:33:00,2025-03-13 15:33:00
D11,C25,2025-03-13 08:16:00,2025-03-13 16:16:00
D28,C25,2025-03-13 08:32:00,2025-03-13 17:32:00
D47,C1,2025-03-14 08:48:00,2025-03-14 14:48:00
D27,C1,2025-03-14 08:06:00,2025-03-14 16:06:00
D18,C2,2025-03-14 08:47:00,2025-03-14 15:47:00
D45,C3,2025-03-14 08:00:00,2025-03-14 15:00:00
D20,C3,2025-03-14 08:52:00,2025-03-14 17:52:00
D7,C4,2025-03-14 08:04:00,2025-03-14 17:04:00
D42,C5,2025-03-14 08:46:00,2025-03-14 17:46:00
D19,C5,2025-03-14 08:10:00,2025-03-14 15:10:00
D12,C6,2025-03-14 08:08:00,2025-03-14 15:08:00
D46,C6,2025-03-14 08:31:00,2025-03-14 15:31:00
D29,C7,2025-03-14 08:36:00,2025-03-14 15:36:00
D13,C8,2025-03-14 08:03:00,2025-03-14 15:03:00
D17,C9,2025-03-14 08:57:00,2025-03-14 17:57:00
D41,C10,2025-03-14 08:06:00,2025-03-14 15:06:00
D40,C10,2025-03-14 08:05:00,2025-03-14 16:05:00
D25,C11,2025-03-14 08:07:00,2025-03-14 16:07:00
D22,C12,2025-03-14 08:01:00,2025-03-14 15:01:00
D32,C13,2025-03-14 08:48:00,2025-03-14 14:48:00
D44,C13,2025-03-14 08:00:00,2025-03-14 14:00:00
D49,C14,2025-03-14 08:42:00,2025-03-14 14:42:00
D1,C14,2025-03-14 08:06:00,2025-03-14 15:06:00
D25,C15,2025-03-14 08:38:00,2025-03-14 16:38:00
D31,C16,2025-03-14 08:21:00,2025-03-14 17:21:00
D49,C16,2025-03-14 08:21:00,2025-03-14 16:21:00
D21,C17,2025-03-14 09:00:00,2025-03-14 17:00:00
D16,C17,2025-03-14 08:42:00,2025-03-14 17:42:00
D40,C18,2025-03-14 08:22:00,2025-03-14 16:22:00
D4,C18,2025-03-14 08:51:00,2025-03-14 14:51:00
D30,C19,2025-03-14 08:55:00,2025-03-14 17:55:00
D2,C20,2025-03-14 08:38:00,2025-03-14 14:38:00
D45,C21,2025-03-14 08:52:00,2025-03-14 15:52:00
D49,C21,2025-03-14 08:23:00,2025-03-14 17:23:00
D33,C22,2025-03-14 08:42:00,2025-03-14 15:42:00
D27,C22,2025-03-14 08:00:00,2025-03-14 16:00:00
D41,C23,2025-03-14 08:23:00,2025-03-14 14:23:00
D44,C24,2025-03-14 08:14:00,2025-03-14 17:14:00
D29,C24,2025-03-14 08:25:00,2025-03-14 14:25:00
D28,C25,2025-03-14 08:42:00,2025-03-14 14:42:00
D31,C25,2025-03-14 08:46:00,2025-03-14 17:46:00
D39,C1,2025-03-15 08:45:00,2025-03-15 15:45:00
D13,C1,2025-03-15 08:55:00,2025-03-15 14:55:00
D32,C2,2025-03-15 08:50:00,2025-03-15 14:50:00
D44,C3,2025-03-15 08:55:00,2025-03-15 17:55:00
D36,C3,2025-03-15 08:10:00,2025-03-15 17:10:00
D31,C4,2025-03-15 08:42:00,2025-03-15 15:42:00
D14,C5,2025-03-15 08:10:00,2025-03-15 14:10:00
D28,C6,2025-03-15 08:45:00,2025-03-15 14:45:00
D21,C7,2025-03-15 08:57:00,2025-03-15 17:57:00
D15,C8,2025-03-15 08:16:00,2025-03-15 17:16:00
D47,C8,2025-03-15 09:00:00,2025-03-15 15:00:00
D35,C9,2025-03-15 08:40:00,2025-03-15 17:40:00
D45,C10,2025-03-15 08:21:00,2025-03-15 15:21:00
D42,C11,2025-03-15 08:21:00,2025-03-15 17:21:00
D42,C12,2025-03-15 08:54:00,2025-03-15 17:54:00
D36,C12,2025-03-15 08:51:00,2025-03-15 15:51:00
D17,C13,2025-03-15 08:07:00,2025-03-15 16:07:00
D8,C14,2025-03-15 08:05:00,2025-03-15 16:05:00
D48,C15,2025-03-15 09:00:00,2025-03-15 15:00:00
D9,C16,2025-03-15 08:24:00,2025-03-15 14:24:00
D21,C16,2025-03-15 08:19:00,2025-03-15 14:19:00
D25,C17,2025-03-15 08:27:00,2025-03-15 16:27:00
D44,C18,2025-03-15 08:33:00,2025-03-15 15:33:00
D9,C18,2025-03-15 08:06:00,2025-03-15 17:06:00
D35,C19,2025-03-15 08:54:00,2025-03-15 17:54:00
D10,C20,2025-03-15 08:53:00,2025-03-15 15:53:00
D19,C20,2025-03-15 08:31:00,2025-03-15 17:31:00
D39,C21,2025-03-15 08:18:00,2025-03-15 15:18:00
D39,C22,2025-03-15 08:20:00,2025-03-15 16:20:00
D18,C23,2025-03-15 08:54:00,2025-03-15 17:54:00
D32,C24,2025-03-15 08:18:00,2025-03-15 17:18:00
D22,C25,2025-03-15 08:09:00,2025-03-15 15:09:00
D45,C1,2025-03-16 08:47:00,2025-03-16 14:47:00
D32,C2,2025-03-16 08:46:00,2025-03-16 17:46:00
D43,C3,2025-03-16 08:01:00,2025-03-16 17:01:00
D11,C3,2025-03-16 08:21:00,2025-03-16 17:21:00
D23,C4,2025-03-16 08:25:00,2025-03-16 17:25:00
D49,C4,2025-03-16 08:04:00,2025-03-16 16:04:00
D45,C5,2025-03-16 08:44:00,2025-03-16 17:44:00
D13,C5,2025-03-16 08:06:00,2025-03-16 15:06:00
D49,C6,2025-03-16 08:55:00,2025-03-16 14:55:00
D38,C6,2025-03-16 08:54:00,2025-03-16 16:54:00
D42,C7,2025-03-16 08:36:00,2025-03-16 15:36:00
D11,C7,2025-03-16 08:28:00,2025-03-16 17:28:00
D10,C8,2025-03-16 08:13:00,2025-03-16 15:13:00
D14,C8,2025-03-16 08:47:00,2025-03-16 14:47:00
D47,C9,2025-03-16 08:06:00,2025-03-16 15:06:00
D37,C9,2025-03-16 08:24:00,2025-03-16 17:24:00
D4,C10,2025-03-16 08:06:00,2025-03-16 16:06:00
D12,C11,2025-03-16 08:07:00,2025-03-16 16:07:00
D4,C11,2025-03-16 08:37:00,2025-03-16 17:37:00
D41,C12,2025-03-16 08:46:00,2025-03-16 17:46:00
D3,C13,2025-03-16 08:07:00,2025-03-16 15:07:00
D32,C14,2025-03-16 08:44:00,2025-03-16 15:44:00
D20,C14,2025-03-16 08:41:00,2025-03-16 17:41:00
D50,C15,2025-03-16 08:29:00,2025-03-16 17:29:00
D41,C16,2025-03-16 08:28:00,2025-03-16 16:28:00
D42,C16,2025-03-16 08:00:00,2025-03-16 14:00:00
D6,C17,2025-03-16 08:07:00,2025-03-16 17:07:00
D2,C18,2025-03-16 08:37:00,2025-03-16 17:37:00
D45,C19,2025-03-16 08:06:00,2025-03-16 15:06:00
D48,C19,2025-03-16 08:24:00,2025-03-16 17:24:00
D20,C20,2025-03-16 08:08:00,2025-03-16 14:08:00
D37,C20,2025-03-16 08:20:00,2025-03-16 14:20:00
D26,C21,2025-03-16 08:52:00,2025-03-16 14:52:00
D36,C22,2025-03-16 08:50:00,2025-03-16 17:50:00
D35,C22,2025-03-16 08:04:00,2025-03-16 14:04:00
D43,C23,2025-03-16 08:57:00,2025-03-16 14:57:00
D39,C24,2025-03-16 08:44:00,2025-03-16 15:44:00
D36,C25,2025-03-16 08:28:00,2025-03-16 16:28:00
D3,C1,2025-03-17 08:08:00,2025-03-17 15:08:00
D6,C2,2025-03-17 08:35:00,2025-03-17 16:35:00
D6,C3,2025-03-17 08:07:00,2025-03-17 16:07:00
D35,C4,2025-03-17 08:27:00,2025-03-17 14:27:00
D11,C4,2025-03-17 08:15:00,2025-03-17 16:15:00
D34,C5,2025-03-17 08:57:00,2025-03-17 16:57:00
D9,C6,2025-03-17 08:31:00,2025-03-17 16:31:00
D37,C6,2025-03-17 08:33:00,2025-03-17 16:33:00
D45,C7,2025-03-17 08:06:00,2025-03-17 14:06:00
D3,C8,2025-03-17 08:12:00,2025-03-17 15:12:00
D14,C9,2025-03-17 08:38:00,2025-03-17 15:38:00
D9,C9,2025-03-17 08:37:00,2025-03-17 16:37:00
D9,C10,2025-03-17 08:39:00,2025-03-17 17:39:00
D47,C10,2025-03-17 08:04:00,2025-03-17 16:04:00
D25,C11,2025-03-17 08:57:00,2025-03-17 15:57:00
D42,C11,2025-03-17 08:25:00,2025-03-17 17:25:00
D17,C12,2025-03-17 08:43:00,2025-03-17 17:43:00
D35,C13,2025-03-17 08:13:00,2025-03-17 14:13:00
D41,C14,2025-03-17 08:41:00,2025-03-17 15:41:00
D45,C14,2025-03-17 08:45:00,2025-03-17 16:45:00
D27,C15,2025-03-17 08:52:00,2025-03-17 15:52:00
D28,C16,2025-03-17 08:01:00,2025-03-17 15:01:00
D25,C16,2025-03-17 08:04:00,2025-03-17 16:04:00
D35,C17,2025-03-17 08:07:00,2025-03-17 17:07:00
D22,C18,2025-03-17 08:40:00,2025-03-17 14:40:00
D22,C19,2025-03-17 08:17:00,2025-03-17 15:17:00
D50,C19,2025-03-17 08:55:00,2025-03-17 15:55:00
D1,C20,2025-03-17 08:24:00,2025-03-17 15:24:00
D7,C20,2025-03-17 08:24:00,2025-03-17 14:24:00
D12,C21,2025-03-17 08:33:00,2025-03-17 16:33:00
D7,C22,2025-03-17 08:22:00,2025-03-17 16:22:00
D34,C22,2025-03-17 08:35:00,2025-03-17 16:35:00
D4,C23,2025-03-17 08:10:00,2025-03-17 16:10:00
D12,C24,2025-03-17 08:51:00,2025-03-17 17:51:00
D23,C24,2025-03-17 08:30:00,2025-03-17 15:30:00
D1,C25,2025-03-17 08:32:00,2025-03-17 15:32:00
D44,C25,2025-03-17 08:42:00,2025-03-17 15:42:00
D25,C1,2025-03-18 08:36:00,2025-03-18 16:36:00
D47,C2,2025-03-18 08:40:00,2025-03-18 16:40:00
D44,C3,2025-03-18 08:38:00,2025-03-18 17:38:00
D12,C4,2025-03-18 08:22:00,2025-03-18 17:22:00
D29,C4,2025-03-18 08:32:00,2025-03-18 16:32:00
D28,C5,2025-03-18 09:00:00,2025-03-18 16:00:00
D34,C5,2025-03-18 08:19:00,2025-03-18 14:19:00
D27,C6,2025-03-18 08:20:00,2025-03-18 14:20:00
D50,C6,2025-03-18 08:40:00,2025-03-18 14:40:00
D47,C7,2025-03-18 08:15:00,2025-03-18 14:15:00
D37,C8,2025-03-18 08:03:00,2025-03-18 14:03:00
D36,C9,2025-03-18 08:51:00,2025-03-18 14:51:00
D32,C9,2025-03-18 09:00:00,2025-03-18 18:00:00
D31,C10,2025-03-18 08:31:00,2025-03-18 14:31:00
D1,C11,2025-03-18 08:12:00,2025-03-18 14:12:00
D40,C11,2025-03-18 08:45:00,2025-03-18 17:45:00
D16,C12,2025-03-18 08:42:00,2025-03-18 14:42:00
D48,C12,2025-03-18 08:38:00,2025-03-18 17:38:00
D44,C13,2025-03-18 08:59:00,2025-03-18 15:59:00
D5,C14,2025-03-18 08:23:00,2025-03-18 15:23:00
D4,C15,2025-03-18 08:31:00,2025-03-18 17:31:00
D28,C15,2025-03-18 08:10:00,2025-03-18 16:10:00
D22,C16,2025-03-18 08:58:00,2025-03-18 15:58:00
D19,C17,2025-03-18 08:19:00,2025-03-18 17:19:00
D17,C18,2025-03-18 08:00:00,2025-03-18 17:00:00
D14,C18,2025-03-18 08:13:00,2025-03-18 16:13:00
D30,C19,2025-03-18 08:57:00,2025-03-18 17:57:00
D23,C20,2025-03-18 08:00:00,2025-03-18 17:00:00
D20,C21,2025-03-18 08:06:00,2025-03-18 14:06:00
D23,C21,2025-03-18 08:22:00,2025-03-18 15:22:00
D23,C22,2025-03-18 08:06:00,2025-03-18 17:06:00
D1,C22,2025-03-18 08:31:00,2025-03-18 15:31:00
D34,C23,2025-03-18 08:32:00,2025-03-18 15:32:00
D8,C24,2025-03-18 08:00:00,2025-03-18 15:00:00
D32,C24,2025-03-18 08:49:00,2025-03-18 16:49:00
D31,C25,2025-03-18 08:25:00,2025-03-18 16:25:00
D24,C1,2025-03-19 08:57:00,2025-03-19 15:57:00
D28,C1,2025-03-19 08:34:00,2025-03-19 16:34:00
D29,C2,2025-03-19 08:42:00,2025-03-19 17:42:00
D9,C3,2025-03-19 08:22:00,2025-03-19 17:22:00
D23,C4,2025-03-19 08:56:00,2025-03-19 15:56:00
D13,C5,2025-03-19 08:18:00,2025-03-19 14:18:00
D26,C6,2025-03-19 08:26:00,2025-03-19 16:26:00
D11,C7,2025-03-19 08:42:00,2025-03-19 15:42:00
D43,C8,2025-03-19 08:07:00,2025-03-19 17:07:00
D18,C8,2025-03-19 08:31:00,2025-03-19 17:31:00
D21,C9,2025-03-19 08:48:00,2025-03-19 17:48:00
D9,C10,2025-03-19 08:06:00,2025-03-19 14:06:00
D8,C10,2025-03-19 08:08:00,2025-03-19 15:08:00
D33,C11,2025-03-19 08:49:00,2025-03-19 15:49:00
D1,C11,2025-03-19 08:03:00,2025-03-19 16:03:00
D39,C12,2025-03-19 08:00:00,2025-03-19 17:00:00
D48,C12,2025-03-19 08:30:00,2025-03-19 16:30:00
D32,C13,2025-03-19 08:48:00,2025-03-19 17:48:00
D6,C13,2025-03-19 08:15:00,2025-03-19 15:15:00
D16,C14,2025-03-19 08:17:00,2025-03-19 14:17:00
D45,C15,2025-03-19 08:42:00,2025-03-19 17:42:00
D16,C15,2025-03-19 08:12:00,2025-03-19 17:12:00
D45,C16,2025-03-19 08:46:00,2025-03-19 15:46:00
D38,C17,2025-03-19 08:40:00,2025-03-19 15:40:00
D8,C18,2025-03-19 08:08:00,2025-03-19 17:08:00
D18,C19,2025-03-19 08:12:00,2025-03-19 15:12:00
D2,C20,2025-03-19 08:12:00,2025-03-19 14:12:00
D40,C20,2025-03-19 08:55:00,2025-03-19 14:55:00
D27,C21,2025-03-19 08:19:00,2025-03-19 15:19:00
D34,C21,2025-03-19 08:14:00,2025-03-19 16:14:00
D31,C22,2025-03-19 08:32:00,2025-03-19 17:32:00
D4,C22,2025-03-19 08:41:00,2025-03-19 14:41:00
D8,C23,2025-03-19 08:23:00,2025-03-19 16:23:00
D18,C23,2025-03-19 09:00:00,2025-03-19 17:00:00
D16,C24,2025-03-19 08:57:00,2025-03-19 14:57:00
D21,C24,2025-03-19 08:11:00,2025-03-19 14:11:00
D4,C25,2025-03-19 08:42:00,2025-03-19 16:42:00
D19,C1,2025-03-20 08:30:00,2025-03-20 16:30:00
D28,C2,2025-03-20 08:11:00,2025-03-20 16:11:00
D24,C3,2025-03-20 08:19:00,2025-03-20 14:19:00
D22,C3,2025-03-20 08:06:00,2025-03-20 14:06:00
D22,C4,2025-03-20 08:23:00,2025-03-20 16:23:00
D16,C5,2025-03-20 08:17:00,2025-03-20 15:17:00
D42,C5,2025-03-20 08:37:00,2025-03-20 17:37:00
D7,C6,2025-03-20 08:08:00,2025-03-20 14:08:00
D38,C7,2025-03-20 08:58:00,2025-03-20 15:58:00
D46,C8,2025-03-20 08:28:00,2025-03-20 14:28:00
D35,C9,2025-03-20 08:39:00,2025-03-20 16:39:00
D47,C10,2025-03-20 08:48:00,2025-03-20 15:48:00
D31,C10,2025-03-20 08:34:00,2025-03-20 15:34:00
D9,C11,2025-03-20 08:12:00,2025-03-20 17:12:00
D49,C12,2025-03-20 08:22:00,2025-03-20 16:22:00
D36,C12,2025-03-20 08:28:00,2025-03-20 14:28:00
D5,C13,2025-03-20 08:26:00,2025-03-20 14:26:00
D31,C13,2025-03-20 08:10:00,2025-03-20 16:10:00
D19,C14,2025-03-20 08:02:00,2025-03-20 14:02:00
D48,C15,2025-03-20 08:52:00,2025-03-20 17:52:00
D44,C16,2025-03-20 08:55:00,2025-03-20 14:55:00
D35,C16,2025-03-20 08:10:00,2025-03-20 17:10:00
D36,C17,2025-03-20 08:24:00,2025-03-20 17:24:00
D50,C17,2025-03-20 08:38:00,2025-03-20 16:38:00
D12,C18,2025-03-20 08:00:00,2025-03-20 15:00:00
D38,C19,2025-03-20 08:44:00,2025-03-20 14:44:00
D33,C20,2025-03-20 08:46:00,2025-03-20 16:46:00
D46,C20,2025-03-20 08:19:00,2025-03-20 15:19:00
D46,C21,2025-03-20 08:35:00,2025-03-20 14:35:00
D18,C21,2025-03-20 08:10:00,2025-03-20 15:10:00
D35,C22,2025-03-20 08:15:00,2025-03-20 16:15:00
D41,C23,2025-03-20 08:09:00,2025-03-20 16:09:00
D18,C24,2025-03-20 08:55:00,2025-03-20 14:55:00
D14,C25,2025-03-20 08:34:00,2025-03-20 14:34:00
D42,C1,2025-03-21 08:22:00,2025-03-21 16:22:00
D6,C2,2025-03-21 08:56:00,2025-03-21 16:56:00
D46,C2,2025-03-21 08:46:00,2025-03-21 15:46:00
D40,C3,2025-03-21 08:20:00,2025-03-21 14:20:00
D19,C3,2025-03-21 08:40:00,2025-03-21 14:40:00
D15,C4,2025-03-21 08:17:00,2025-03-21 15:17:00
D47,C4,2025-03-21 08:16:00,2025-03-21 14:16:00
D47,C5,2025-03-21 08:47:00,2025-03-21 17:47:00
D41,C6,2025-03-21 08:35:00,2025-03-21 15:35:00
D39,C6,2025-03-21 08:52:00,2025-03-21 17:52:00
D21,C7,2025-03-21 08:17:00,2025-03-21 15:17:00
D10,C8,2025-03-21 08:14:00,2025-03-21 17:14:00
D29,C8,2025-03-21 08:23:00,2025-03-21 15:23:00
D6,C9,2025-03-21 08:11:00,2025-03-21 17:11:00
D32,C9,2025-03-21 08:11:00,2025-03-21 15:11:00
D37,C10,2025-03-21 08:31:00,2025-03-21 15:31:00
D2,C11,2025-03-21 08:10:00,2025-03-21 15:10:00
D20,C11,2025-03-21 08:52:00,2025-03-21 17:52:00
D5,C12,2025-03-21 08:09:00,2025-03-21 14:09:00
D16,C13,2025-03-21 08:58:00,2025-03-21 17:58:00
D30,C13,2025-03-21 08:06:00,2025-03-21 15:06:00
D39,C14,2025-03-21 08:06:00,2025-03-21 17:06:00
D2,C15,2025-03-21 08:52:00,2025-03-21 14:52:00
D8,C15,2025-03-21 08:48:00,2025-03-21 14:48:00
D16,C16,2025-03-21 08:49:00,2025-03-21 14:49:00
D10,C17,2025-03-21 08:38:00,2025-03-21 14:38:00
D41,C17,2025-03-21 08:50:00,2025-03-21 14:50:00
D35,C18,2025-03-21 08:47:00,2025-03-21 16:47:00
D13,C19,2025-03-21 08:08:00,2025-03-21 17:08:00
D11,C20,2025-03-21 08:21:00,2025-03-21 17:21:00
D20,C20,2025-03-21 08:09:00,2025-03-21 15:09:00
D35,C21,2025-03-21 08:44:00,2025-03-21 16:44:00
D2,C22,2025-03-21 08:52:00,2025-03-21 14:52:00
D35,C23,2025-03-21 08:18:00,2025-03-21 14:18:00
D10,C24,2025-03-21 08:58:00,2025-03-21 15:58:00
D1,C24,2025-03-21 08:01:00,2025-03-21 15:01:00
D25,C25,2025-03-21 08:22:00,2025-03-21 16:22:00
D10,C25,2025-03-21 08:14:00,2025-03-21 17:14:00
D32,C1,2025-03-22 08:10:00,2025-03-22 14:10:00
D7,C2,2025-03-22 08:18:00,2025-03-22 16:18:00
D40,C3,2025-03-22 08:21:00,2025-03-22 14:21:00
D6,C4,2025-03-22 08:38:00,2025-03-22 15:38:00
D3,C4,2025-03-22 08:11:00,2025-03-22 17:11:00
D39,C5,2025-03-22 08:43:00,2025-03-22 17:43:00
D12,C5,2025-03-22 08:09:00,2025-03-22 16:09:00
D23,C6,2025-03-22 08:17:00,2025-03-22 17:17:00
D7,C6,2025-03-22 08:42:00,2025-03-22 16:42:00
D46,C7,2025-03-22 08:50:00,2025-03-22 14:50:00
D5,C7,2025-03-22 08:55:00,2025-03-22 15:55:00
D21,C8,2025-03-22 08:09:00,2025-03-22 17:09:00
D47,C9,2025-03-22 08:52:00,2025-03-22 14:52:00
D31,C9,2025-03-22 08:07:00,2025-03-22 17:07:00
D10,C10,2025-03-22 08:20:00,2025-03-22 15:20:00
D6,C10,2025-03-22 08:11:00,2025-03-22 17:11:00
D21,C11,2025-03-22 08:27:00,2025-03-22 17:27:00
D32,C11,2025-03-22 08:44:00,2025-03-22 17:44:00
D9,C12,2025-03-22 08:58:00,2025-03-22 15:58:00
D42,C12,2025-03-22 08:24:00,2025-03-22 17:24:00
D35,C13,2025-03-22 08:34:00,2025-03-22 15:34:00
D32,C13,2025-03-22 08:24:00,2025-03-22 14:24:00
D34,C14,2025-03-22 08:49:00,2025-03-22 15:49:00
D37,C14,2025-03-22 08:44:00,2025-03-22 14:44:00
D24,C15,2025-03-22 08:00:00,2025-03-22 15:00:00
D24,C16,2025-03-22 08:35:00,2025-03-22 17:35:00
D8,C17,2025-03-22 08:03:00,2025-03-22 16:03:00
D50,C18,2025-03-22 08:18:00,2025-03-22 17:18:00
D9,C18,2025-03-22 08:09:00,2025-03-22 17:09:00
D14,C19,2025-03-22 08:52:00,2025-03-22 15:52:00
D48,C20,2025-03-22 08:08:00,2025-03-22 14:08:00
D25,C21,2025-03-22 08:46:00,2025-03-22 14:46:00
D24,C22,2025-03-22 08:44:00,2025-03-22 14:44:00
D4,C22,2025-03-22 08:42:00,2025-03-22 14:42:00
D39,C23,2025-03-22 08:01:00,2025-03-22 15:01:00
D11,C23,2025-03-22 08:23:00,2025-03-22 15:23:00
D16,C24,2025-03-22 08:04:00,2025-03-22 14:04:00
D10,C25,2025-03-22 08:11:00,2025-03-22 17:11:00
D49,C25,2025-03-22 08:47:00,2025-03-22 15:47:00
D31,C1,2025-03-23 08:46:00,2025-03-23 16:46:00
D27,C1,2025-03-23 08:28:00,2025-03-23 14:28:00
D8,C2,2025-03-23 08:03:00,2025-03-23 14:03:00
D10,C2,2025-03-23 08:38:00,2025-03-23 15:38:00
D1,C3,2025-03-23 08:25:00,2025-03-23 17:25:00
D36,C4,2025-03-23 08:53:00,2025-03-23 16:53:00
D46,C4,2025-03-23 08:58:00,2025-03-23 16:58:00
D28,C5,2025-03-23 08:59:00,2025-03-23 15:59:00
D6,C6,2025-03-23 08:24:00,2025-03-23 15:24:00
D34,C6,2025-03-23 08:47:00,2025-03-23 15:47:00
D40,C7,2025-03-23 08:14:00,2025-03-23 17:14:00
D4,C7,2025-03-23 08:11:00,2025-03-23 14:11:00
D31,C8,2025-03-23 08:41:00,2025-03-23 17:41:00
D21,C8,2025-03-23 08:52:00,2025-03-23 17:52:00
D4,C9,2025-03-23 08:51:00,2025-03-23 16:51:00
D13,C10,2025-03-23 08:06:00,2025-03-23 14:06:00
D18,C10,2025-03-23 08:04:00,2025-03-23 16:04:00
D2,C11,2025-03-23 08:18:00,2025-03-23 15:18:00
D16,C11,2025-03-23 08:34:00,2025-03-23 14:34:00
D14,C12,2025-03-23 08:38:00,2025-03-23 14:38:00
D13,C13,2025-03-23 08:12:00,2025-03-23 14:12:00
D36,C13,2025-03-23 08:15:00,2025-03-23 16:15:00
D37,C14,2025-03-23 08:36:00,2025-03-23 14:36:00
D3,C15,2025-03-23 08:20:00,2025-03-23 14:20:00
D4,C15,2025-03-23 09:00:00,2025-03-23 17:00:00
D23,C16,2025-03-23 08:48:00,2025-03-23 16:48:00
D33,C17,2025-03-23 08:20:00,2025-03-23 17:20:00
D13,C17,2025-03-23 08:46:00,2025-03-23 16:46:00
D45,C18,2025-03-23 08:43:00,2025-03-23 14:43:00
D27,C19,2025-03-23 08:32:00,2025-03-23 14:32:00
D48,C19,2025-03-23 08:32:00,2025-03-23 15:32:00
D38,C20,2025-03-23 08:50:00,2025-03-23 17:50:00
D38,C21,2025-03-23 08:18:00,2025-03-23 15:18:00
D3,C21,2025-03-23 08:09:00,2025-03-23 17:09:00
D41,C22,2025-03-23 08:05:00,2025-03-23 15:05:00
D44,C23,2025-03-23 08:41:00,2025-03-23 15:41:00
D33,C24,2025-03-23 08:33:00,2025-03-23 16:33:00
D9,C25,2025-03-23 08:18:00,2025-03-23 16:18:00
D22,C25,2025-03-23 08:39:00,2025-03-23 17:39:00
D46,C1,2025-03-24 08:49:00,2025-03-24 17:49:00
D14,C2,2025-03-24 08:39:00,2025-03-24 14:39:00
D37,C3,2025-03-24 08:40:00,2025-03-24 17:40:00
D1,C4,2025-03-24 08:09:00,2025-03-24 16:09:00
D32,C5,2025-03-24 08:06:00,2025-03-24 17:06:00
D11,C6,2025-03-24 08:10:00,2025-03-24 14:10:00
D19,C6,2025-03-24 08:17:00,2025-03-24 16:17:00
D6,C7,2025-03-24 08:11:00,2025-03-24 17:11:00
D5,C7,2025-03-24 08:16:00,2025-03-24 17:16:00
D49,C8,2025-03-24 08:41:00,2025-03-24 15:41:00
D29,C8,2025-03-24 09:00:00,2025-03-24 15:00:00
D3,C9,2025-03-24 08:54:00,2025-03-24 16:54:00
D24,C9,2025-03-24 08:25:00,2025-03-24 17:25:00
D29,C10,2025-03-24 08:23:00,2025-03-24 16:23:00
D6,C11,2025-03-24 08:26:00,2025-03-24 17:26:00
D44,C11,2025-03-24 08:16:00,2025-03-24 14:16:00
D48,C12,2025-03-24 08:50:00,2025-03-24 15:50:00
D10,C13,2025-03-24 08:54:00,2025-03-24 14:54:00
D25,C14,2025-03-24 08:36:00,2025-03-24 17:36:00
D11,C14,2025-03-24 08:54:00,2025-03-24 14:54:00
D25,C15,2025-03-24 08:55:00,2025-03-24 17:55:00
D23,C16,2025-03-24 08:29:00,2025-03-24 17:29:00
D7,C17,2025-03-24 08:11:00,2025-03-24 14:11:00
D6,C17,2025-03-24 08:58:00,2025-03-24 17:58:00
D13,C18,2025-03-24 08:21:00,2025-03-24 14:21:00
D26,C18,2025-03-24 08:20:00,2025-03-24 16:20:00
D14,C19,2025-03-24 08:47:00,2025-03-24 17:47:00
D45,C19,2025-03-24 08:07:00,2025-03-24 16:07:00
D3,C20,2025-03-24 08:09:00,2025-03-24 17:09:00
D35,C20,2025-03-24 08:09:00,2025-03-24 15:09:00
D37,C21,2025-03-24 08:38:00,2025-03-24 17:38:00
D3,C21,2025-03-24 08:03:00,2025-03-24 16:03:00
D31,C22,2025-03-24 08:03:00,2025-03-24 15:03:00
D14,C22,2025-03-24 08:55:00,2025-03-24 14:55:00
D18,C23,2025-03-24 08:40:00,2025-03-24 15:40:00
D17,C23,2025-03-24 08:05:00,2025-03-24 15:05:00
D18,C24,2025-03-24 08:25:00,2025-03-24 14:25:00
D46,C25,2025-03-24 08:55:00,2025-03-24 17:55:00
D29,C25,2025-03-24 08:33:00,2025-03-24 15:33:00
D12,C1,2025-03-25 08:05:00,2025-03-25 17:05:00
D4,C1,2025-03-25 08:21:00,2025-03-25 16:21:00
D13,C2,2025-03-25 08:22:00,2025-03-25 17:22:00
D31,C3,2025-03-25 08:44:00,2025-03-25 15:44:00
D35,C3,2025-03-25 08:44:00,2025-03-25 17:44:00
D45,C4,2025-03-25 08:24:00,2025-03-25 14:24:00
D37,C4,2025-03-25 08:35:00,2025-03-25 15:35:00
D47,C5,2025-03-25 08:42:00,2025-03-25 15:42:00
D43,C6,2025-03-25 08:47:00,2025-03-25 16:47:00
D47,C6,2025-03-25 08:00:00,2025-03-25 15:00:00
D10,C7,2025-03-25 08:55:00,2025-03-25 16:55:00
D32,C7,2025-03-25 08:07:00,2025-03-25 17:07:00
D34,C8,2025-03-25 08:00:00,2025-03-25 17:00:00
D47,C8,2025-03-25 09:00:00,2025-03-25 16:00:00
D41,C9,2025-03-25 08:06:00,2025-03-25 14:06:00
D38,C9,2025-03-25 08:13:00,2025-03-25 15:13:00
D45,C10,2025-03-25 08:49:00,2025-03-25 15:49:00
D35,C10,2025-03-25 08:38:00,2025-03-25 17:38:00
D23,C11,2025-03-25 08:13:00,2025-03-25 15:13:00
D24,C12,2025-03-25 08:52:00,2025-03-25 16:52:00
D20,C13,2025-03-25 08:57:00,2025-03-25 16:57:00
D45,C14,2025-03-25 08:31:00,2025-03-25 17:31:00
D27,C15,2025-03-25 08:22:00,2025-03-25 17:22:00
D23,C15,2025-03-25 08:33:00,2025-03-25 16:33:00
D12,C16,2025-03-25 08:29:00,2025-03-25 17:29:00
D12,C17,2025-03-25 08:38:00,2025-03-25 15:38:00
D36,C17,2025-03-25 08:34:00,2025-03-25 17:34:00
D19,C18,2025-03-25 08:44:00,2025-03-25 17:44:00
D43,C18,2025-03-25 08:40:00,2025-03-25 16:40:00
D6,C19,2025-03-25 08:51:00,2025-03-25 14:51:00
D42,C20,2025-03-25 08:01:00,2025-03-25 17:01:00
D32,C21,2025-03-25 08:47:00,2025-03-25 14:47:00
D33,C22,2025-03-25 08:51:00,2025-03-25 14:51:00
D38,C22,2025-03-25 08:42:00,2025-03-25 16:42:00
D14,C23,2025-03-25 08:49:00,2025-03-25 17:49:00
D15,C23,2025-03-25 08:35:00,2025-03-25 17:35:00
D13,C24,2025-03-25 08:54:00,2025-03-25 17:54:00
D23,C25,2025-03-25 08:50:00,2025-03-25 17:50:00
D42,C1,2025-03-26 08:50:00,2025-03-26 17:50:00
D46,C1,2025-03-26 08:00:00,2025-03-26 16:00:00
D33,C2,2025-03-26 08:18:00,2025-03-26 16:18:00
D20,C3,2025-03-26 08:43:00,2025-03-26 15:43:00
D27,C3,2025-03-26 08:00:00,2025-03-26 17:00:00
D1,C4,2025-03-26 08:01:00,2025-03-26 15:01:00
D34,C5,2025-03-26 08:38:00,2025-03-26 16:38:00
D48,C5,2025-03-26 08:21:00,2025-03-26 15:21:00
D16,C6,2025-03-26 08:25:00,2025-03-26 15:25:00
D36,C6,2025-03-26 08:39:00,2025-03-26 17:39:00
D37,C7,2025-03-26 08:27:00,2025-03-26 15:27:00
D47,C8,2025-03-26 08:25:00,2025-03-26 16:25:00
D12,C8,2025-03-26 08:33:00,2025-03-26 15:33:00
D15,C9,2025-03-26 08:45:00,2025-03-26 15:45:00
D7,C9,2025-03-26 08:32:00,2025-03-26 14:32:00
D49,C10,2025-03-26 08:58:00,2025-03-26 16:58:00
D41,C10,2025-03-26 08:53:00,2025-03-26 15:53:00
D14,C11,2025-03-26 08:05:00,2025-03-26 14:05:00
D6,C11,2025-03-26 08:27:00,2025-03-26 14:27:00
D2,C12,2025-03-26 08:39:00,2025-03-26 14:39:00
D2,C13,2025-03-26 08:46:00,2025-03-26 15:46:00
D48,C13,2025-03-26 08:29:00,2025-03-26 16:29:00
D16,C14,2025-03-26 08:41:00,2025-03-26 15:41:00
D13,C15,2025-03-26 08:53:00,2025-03-26 15:53:00
D35,C15,2025-03-26 08:46:00,2025-03-26 17:46:00
D43,C16,2025-03-26 08:17:00,2025-03-26 14:17:00
D4,C16,2025-03-26 08:59:00,2025-03-26 15:59:00
D41,C17,2025-03-26 08:37:00,2025-03-26 14:37:00
D30,C18,2025-03-26 08:59:00,2025-03-26 14:59:00
D10,C19,2025-03-26 08:18:00,2025-03-26 16:18:00
D6,C20,2025-03-26 08:04:00,2025-03-26 17:04:00
D14,C21,2025-03-26 08:06:00,2025-03-26 17:06:00
D26,C21,2025-03-26 08:50:00,2025-03-26 14:50:00
D5,C22,2025-03-26 08:40:00,2025-03-26 14:40:00
D32,C22,2025-03-26 08:13:00,2025-03-26 17:13:00
D21,C23,2025-03-26 08:58:00,2025-03-26 17:58:00
D41,C23,2025-03-26 08:51:00,2025-03-26 15:51:00
D20,C24,2025-03-26 08:00:00,2025-03-26 15:00:00
D8,C25,2025-03-26 08:21:00,2025-03-26 16:21:00
D40,C1,2025-03-27 08:34:00,2025-03-27 14:34:00
D39,C1,2025-03-27 08:10:00,2025-03-27 16:10:00
D13,C2,2025-03-27 08:38:00,2025-03-27 14:38:00
D34,C3,2025-03-27 08:32:00,2025-03-27 15:32:00
D24,C4,2025-03-27 08:07:00,2025-03-27 15:07:00
D21,C5,2025-03-27 08:08:00,2025-03-27 15:08:00
D47,C6,2025-03-27 08:44:00,2025-03-27 15:44:00
D18,C7,2025-03-27 08:12:00,2025-03-27 14:12:00
D31,C7,2025-03-27 08:22:00,2025-03-27 16:22:00
D48,C8,2025-03-27 08:27:00,2025-03-27 17:27:00
D32,C8,2025-03-27 08:59:00,2025-03-27 15:59:00
D12,C9,2025-03-27 08:43:00,2025-03-27 16:43:00
D13,C9,2025-03-27 08:25:00,2025-03-27 14:25:00
D11,C10,2025-03-27 08:46:00,2025-03-27 17:46:00
D14,C10,2025-03-27 08:27:00,2025-03-27 17:27:00
D39,C11,2025-03-27 08:17:00,2025-03-27 16:17:00
D48,C11,2025-03-27 08:39:00,2025-03-27 14:39:00
D28,C12,2025-03-27 08:36:00,2025-03-27 16:36:00
D13,C12,2025-03-27 08:23:00,2025-03-27 14:23:00
D11,C13,2025-03-27 08:32:00,2025-03-27 16:32:00
D3,C13,2025-03-27 08:37:00,2025-03-27 17:37:00
D39,C14,2025-03-27 09:00:00,2025-03-27 17:00:00
D42,C14,2025-03-27 08:25:00,2025-03-27 14:25:00
D12,C15,2025-03-27 08:51:00,2025-03-27 16:51:00
D12,C16,2025-03-27 08:15:00,2025-03-27 14:15:00
D23,C16,2025-03-27 08:13:00,2025-03-27 16:13:00
D10,C17,2025-03-27 08:20:00,2025-03-27 14:20:00
D50,C17,2025-03-27 08:00:00,2025-03-27 16:00:00
D46,C18,2025-03-27 08:21:00,2025-03-27 15:21:00
D37,C19,2025-03-27 08:57:00,2025-03-27 15:57:00
D21,C19,2025-03-27 08:35:00,2025-03-27 14:35:00
D19,C20,2025-03-27 08:13:00,2025-03-27 15:13:00
D39,C20,2025-03-27 08:06:00,2025-03-27 16:06:00
D37,C21,2025-03-27 08:57:00,2025-03-27 17:57:00
D21,C22,2025-03-27 08:12:00,2025-03-27 14:12:00
D13,C22,2025-03-27 08:51:00,2025-03-27 17:51:00
D3,C23,2025-03-27 08:26:00,2025-03-27 14:26:00
D18,C23,2025-03-27 08:07:00,2025-03-27 17:07:00
D39,C24,2025-03-27 08:20:00,2025-03-27 17:20:00
D37,C25,2025-03-27 08:01:00,2025-03-27 16:01:00
D42,C1,2025-03-28 08:50:00,2025-03-28 14:50:00
D19,C2,2025-03-28 08:53:00,2025-03-28 17:53:00
D9,C2,2025-03-28 08:02:00,2025-03-28 14:02:00
D42,C3,2025-03-28 08:04:00,2025-03-28 17:04:00
D2,C3,2025-03-28 08:06:00,2025-03-28 17:06:00
D18,C4,2025-03-28 08:48:00,2025-03-28 16:48:00
D21,C4,2025-03-28 08:25:00,2025-03-28 14:25:00
D32,C5,2025-03-28 08:03:00,2025-03-28 17:03:00
D40,C5,2025-03-28 08:19:00,2025-03-28 17:19:00
D42,C6,2025-03-28 08:53:00,2025-03-28 16:53:00
D8,C6,2025-03-28 09:00:00,2025-03-28 15:00:00
D15,C7,2025-03-28 08:03:00,2025-03-28 14:03:00
D7,C8,2025-03-28 08:20:00,2025-03-28 17:20:00
D11,C9,2025-03-28 08:05:00,2025-03-28 15:05:00
D35,C10,2025-03-28 08:59:00,2025-03-28 14:59:00
D1,C10,2025-03-28 08:16:00,2025-03-28 14:16:00
D4,C11,2025-03-28 09:00:00,2025-03-28 17:00:00
D17,C12,2025-03-28 08:21:00,2025-03-28 17:21:00
D45,C13,2025-03-28 08:59:00,2025-03-28 15:59:00
D11,C13,2025-03-28 08:37:00,2025-03-28 17:37:00
D9,C14,2025-03-28 08:20:00,2025-03-28 15:20:00
D41,C15,2025-03-28 08:42:00,2025-03-28 14:42:00
D29,C15,2025-03-28 08:33:00,2025-03-28 15:33:00
D43,C16,2025-03-28 08:17:00,2025-03-28 16:17:00
D32,C16,2025-03-28 08:49:00,2025-03-28 17:49:00
D6,C17,2025-03-28 08:16:00,2025-03-28 16:16:00
D23,C18,2025-03-28 08:35:00,2025-03-28 15:35:00
D45,C19,2025-03-28 08:04:00,2025-03-28 14:04:00
D4,C20,2025-03-28 08:00:00,2025-03-28 15:00:00
D14,C20,2025-03-28 08:29:00,2025-03-28 17:29:00
D32,C21,2025-03-28 08:06:00,2025-03-28 16:06:00
D38,C22,2025-03-28 08:48:00,2025-03-28 16:48:00
D46,C23,2025-03-28 08:41:00,2025-03-28 15:41:00
D30,C23,2025-03-28 08:54:00,2025-03-28 14:54:00
D15,C24,2025-03-28 08:58:00,2025-03-28 16:58:00
D29,C25,2025-03-28 08:32:00,2025-03-28 15:32:00
D40,C25,2025-03-28 08:49:00,2025-03-28 17:49:00
D5,C1,2025-03-29 08:17:00,2025-03-29 17:17:00
D44,C2,2025-03-29 08:19:00,2025-03-29 14:19:00
D30,C3,2025-03-29 08:56:00,2025-03-29 14:56:00
D16,C4,2025-03-29 08:01:00,2025-03-29 17:01:00
D18,C5,2025-03-29 08:01:00,2025-03-29 17:01:00
D23,C6,2025-03-29 08:07:00,2025-03-29 14:07:00
D17,C6,2025-03-29 08:22:00,2025-03-29 17:22:00
D10,C7,2025-03-29 08:25:00,2025-03-29 17:25:00
D4,C8,2025-03-29 08:17:00,2025-03-29 16:17:00
D29,C8,2025-03-29 08:06:00,2025-03-29 14:06:00
D47,C9,2025-03-29 08:12:00,2025-03-29 16:12:00
D28,C9,2025-03-29 08:12:00,2025-03-29 17:12:00
D39,C10,2025-03-29 08:17:00,2025-03-29 17:17:00
D7,C11,2025-03-29 08:03:00,2025-03-29 15:03:00
D44,C11,2025-03-29 08:07:00,2025-03-29 15:07:00
D4,C12,2025-03-29 08:57:00,2025-03-29 14:57:00
D16,C13,2025-03-29 08:34:00,2025-03-29 14:34:00
D5,C13,2025-03-29 08:17:00,2025-03-29 15:17:00
D26,C14,2025-03-29 08:14:00,2025-03-29 16:14:00
D7,C14,2025-03-29 08:31:00,2025-03-29 15:31:00
D14,C15,2025-03-29 08:22:00,2025-03-29 16:22:00
D47,C16,2025-03-29 08:06:00,2025-03-29 15:06:00
D1,C16,2025-03-29 08:32:00,2025-03-29 17:32:00
D45,C17,2025-03-29 08:10:00,2025-03-29 16:10:00
D16,C17,2025-03-29 08:43:00,2025-03-29 14:43:00
D12,C18,2025-03-29 08:21:00,2025-03-29 17:21:00
D1,C19,2025-03-29 08:42:00,2025-03-29 17:42:00
D22,C20,2025-03-29 08:11:00,2025-03-29 16:11:00
D2,C20,2025-03-29 08:56:00,2025-03-29 14:56:00
D44,C21,2025-03-29 08:48:00,2025-03-29 14:48:00
D31,C22,2025-03-29 08:00:00,2025-03-29 17:00:00
D38,C22,2025-03-29 08:55:00,2025-03-29 15:55:00
D8,C23,2025-03-29 08:52:00,2025-03-29 14:52:00
D3,C23,2025-03-29 08:36:00,2025-03-29 16:36:00
D34,C24,2025-03-29 08:32:00,2025-03-29 15:32:00
D50,C25,2025-03-29 08:06:00,2025-03-29 14:06:00
D48,C1,2025-03-30 08:28:00,2025-03-30 17:28:00
D22,C1,2025-03-30 08:47:00,2025-03-30 16:47:00
D43,C2,2025-03-30 08:16:00,2025-03-30 16:16:00
D32,C2,2025-03-30 08:29:00,2025-03-30 14:29:00
D20,C3,2025-03-30 08:21:00,2025-03-30 17:21:00
D46,C3,2025-03-30 08:07:00,2025-03-30 16:07:00
D10,C4,2025-03-30 08:26:00,2025-03-30 15:26:00
D23,C5,2025-03-30 08:31:00,2025-03-30 14:31:00
D37,C6,2025-03-30 08:47:00,2025-03-30 17:47:00
D14,C7,2025-03-30 08:05:00,2025-03-30 15:05:00
D48,C7,2025-03-30 08:58:00,2025-03-30 17:58:00
D18,C8,2025-03-30 08:56:00,2025-03-30 17:56:00
D17,C9,2025-03-30 08:58:00,2025-03-30 16:58:00
D26,C10,2025-03-30 08:26:00,2025-03-30 16:26:00
D38,C10,2025-03-30 08:19:00,2025-03-30 15:19:00
D38,C11,2025-03-30 08:33:00,2025-03-30 16:33:00
D28,C12,2025-03-30 08:50:00,2025-03-30 17:50:00
D19,C13,2025-03-30 08:00:00,2025-03-30 17:00:00
D8,C13,2025-03-30 08:59:00,2025-03-30 15:59:00
D44,C14,2025-03-30 08:33:00,2025-03-30 16:33:00
D10,C14,2025-03-30 08:39:00,2025-03-30 15:39:00
D32,C15,2025-03-30 08:04:00,2025-03-30 16:04:00
D19,C15,2025-03-30 08:00:00,2025-03-30 17:00:00
D14,C16,2025-03-30 08:18:00,2025-03-30 14:18:00
D32,C17,2025-03-30 08:19:00,2025-03-30 14:19:00
D23,C18,2025-03-30 08:53:00,2025-03-30 14:53:00
D43,C18,2025-03-30 08:03:00,2025-03-30 16:03:00
D23,C19,2025-03-30 08:56:00,2025-03-30 16:56:00
D6,C20,2025-03-30 08:45:00,2025-03-30 16:45:00
D47,C21,2025-03-30 08:12:00,2025-03-30 17:12:00
D19,C22,2025-03-30 08:14:00,2025-03-30 14:14:00
D23,C23,2025-03-30 08:51:00,2025-03-30 17:51:00
D16,C23,2025-03-30 08:27:00,2025-03-30 17:27:00
D17,C24,2025-03-30 08:58:00,2025-03-30 16:58:00
D12,C25,2025-03-30 08:27:00,2025-03-30 16:27:00
D37,C25,2025-03-30 08:51:00,2025-03-30 15:51:00
D17,C1,2025-03-31 08:08:00,2025-03-31 17:08:00
D20,C2,2025-03-31 08:19:00,2025-03-31 14:19:00
D37,C3,2025-03-31 08:29:00,2025-03-31 15:29:00
D41,C3,2025-03-31 08:24:00,2025-03-31 17:24:00
D9,C4,2025-03-31 08:33:00,2025-03-31 17:33:00
D33,C5,2025-03-31 08:45:00,2025-03-31 16:45:00
D44,C5,2025-03-31 08:29:00,2025-03-31 16:29:00
D30,C6,2025-03-31 08:26:00,2025-03-31 17:26:00
D27,C6,2025-03-31 08:01:00,2025-03-31 14:01:00
D6,C7,2025-03-31 08:08:00,2025-03-31 16:08:00
D49,C7,2025-03-31 08:50:00,2025-03-31 15:50:00
D9,C8,2025-03-31 08:34:00,2025-03-31 16:34:00
D40,C8,2025-03-31 08:03:00,2025-03-31 17:03:00
D26,C9,2025-03-31 08:42:00,2025-03-31 14:42:00
D49,C10,2025-03-31 08:29:00,2025-03-31 14:29:00
D34,C10,2025-03-31 08:05:00,2025-03-31 14:05:00
D42,C11,2025-03-31 08:21:00,2025-03-31 14:21:00
D7,C11,2025-03-31 08:52:00,2025-03-31 16:52:00
D45,C12,2025-03-31 08:55:00,2025-03-31 14:55:00
D22,C12,2025-03-31 08:07:00,2025-03-31 14:07:00
D34,C13,2025-03-31 08:09:00,2025-03-31 17:09:00
D15,C14,2025-03-31 08:57:00,2025-03-31 15:57:00
D41,C15,2025-03-31 08:46:00,2025-03-31 14:46:00
D20,C15,2025-03-31 08:51:00,2025-03-31 17:51:00
D8,C16,2025-03-31 08:04:00,2025-03-31 14:04:00
D39,C17,2025-03-31 08:56:00,2025-03-31 14:56:00
D16,C18,2025-03-31 08:13:00,2025-03-31 14:13:00
D2,C19,2025-03-31 08:28:00,2025-03-31 17:28:00
D33,C19,2025-03-31 08:03:00,2025-03-31 14:03:00
D26,C20,2025-03-31 08:11:00,2025-03-31 15:11:00
D31,C20,2025-03-31 08:53:00,2025-03-31 16:53:00
D43,C21,2025-03-31 08:07:00,2025-03-31 17:07:00
D40,C21,2025-03-31 08:09:00,2025-03-31 14:09:00
D10,C22,2025-03-31 08:52:00,2025-03-31 15:52:00
D33,C23,2025-03-31 08:47:00,2025-03-31 15:47:00
D31,C24,2025-03-31 08:18:00,2025-03-31 14:18:00
D19,C24,2025-03-31 08:37:00,2025-03-31 17:37:00
D43,C25,2025-03-31 08:25:00,2025-03-31 17:25:00
D18,C25,2025-03-31 08:44:00,2025-03-31 14:44:00
