date,driver_id,car_id,seconds_above_15kmh,g_events,seatbelt_alarm_seconds,end_odometer_km
1/1/2025,D6,C1,7248,0,0,11477
1/1/2025,D27,C2,12832,3,60,14012
1/1/2025,D26,C3,10225,0,60,16578
1/1/2025,D25,C4,14983,4,0,16130
1/1/2025,D30,C5,11748,4,0,10815
1/1/2025,D19,C5,6075,0,0,18819
1/1/2025,D14,C6,12221,2,40,12083
1/1/2025,D4,C6,9136,2,0,15990
1/1/2025,D4,C7,8979,3,60,10373
1/1/2025,D4,C8,8070,3,0,18644
1/1/2025,D5,C9,11430,5,0,11109
1/1/2025,D26,C10,14689,3,0,19955
1/1/2025,D40,C11,7448,0,0,12352
1/1/2025,D17,C12,8447,3,40,18845
1/1/2025,D14,C12,11805,1,40,16766
1/1/2025,D9,C13,11196,3,60,16057
1/1/2025,D43,C13,13132,0,0,11400
1/1/2025,D1,C14,13918,1,0,10072
1/1/2025,D35,C15,11546,0,40,13553
1/1/2025,D23,C16,8184,0,0,12748
1/1/2025,D24,C17,6495,3,40,19022
1/1/2025,D35,C18,13997,4,60,17565
1/1/2025,D46,C18,9627,0,0,18439
1/1/2025,D9,C19,9229,4,40,18577
1/1/2025,D48,C20,14071,5,40,15318
1/1/2025,D19,C21,6539,1,40,15274
1/1/2025,D39,C21,9620,3,0,11805
1/1/2025,D17,C22,8515,2,0,17581
1/1/2025,D4,C22,8694,3,0,11495
1/1/2025,D1,C23,8712,2,0,11053
1/1/2025,D11,C24,10392,5,0,19460
1/1/2025,D48,C24,7628,0,0,11508
1/1/2025,D5,C25,8775,5,0,19755
1/2/2025,D24,C1,11777,5,0,11324
1/2/2025,D9,C2,8885,3,0,19720
1/2/2025,D3,C2,13711,1,0,15299
1/2/2025,D14,C3,12711,5,60,12902
1/2/2025,D44,C3,14312,4,60,11926
1/2/2025,D16,C4,6152,5,40,11541
1/2/2025,D27,C5,8064,0,0,17192
1/2/2025,D27,C6,11385,5,40,15407
1/2/2025,D43,C6,13063,0,40,17748
1/2/2025,D25,C7,8922,2,0,17845
1/2/2025,D15,C8,14944,4,60,18683
1/2/2025,D13,C8,6364,1,60,18524
1/2/2025,D15,C9,10373,5,0,16938
1/2/2025,D22,C10,11995,3,0,13552
1/2/2025,D18,C10,6588,2,0,15371
1/2/2025,D42,C11,13154,2,40,10413
1/2/2025,D33,C11,13328,1,0,15397
1/2/2025,D17,C12,10769,2,0,18323
1/2/2025,D7,C13,6070,2,40,18090
1/2/2025,D47,C14,6987,1,0,11997
1/2/2025,D21,C14,11911,1,60,18254
1/2/2025,D3,C15,14425,3,0,13033
1/2/2025,D46,C15,14278,2,40,13951
1/2/2025,D28,C16,6762,1,0,19941
1/2/2025,D5,C16,12677,4,60,14281
1/2/2025,D47,C17,12727,2,0,10134
1/2/2025,D43,C18,6371,3,0,18279
1/2/2025,D27,C18,13613,4,0,10351
1/2/2025,D13,C19,11527,2,0,17725
1/2/2025,D40,C20,11157,4,0,16582
1/2/2025,D36,C21,7606,2,0,19659
1/2/2025,D1,C21,12070,0,60,15553
1/2/2025,D30,C22,12261,0,0,19182
1/2/2025,D29,C22,7049,4,40,16244
1/2/2025,D43,C23,10810,5,0,11585
1/2/2025,D6,C24,12378,3,0,15683
1/2/2025,D49,C24,12663,1,0,19347
1/2/2025,D2,C25,9494,5,40,17960
1/3/2025,D40,C1,12143,3,0,12276
1/3/2025,D50,C1,9944,4,0,16954
1/3/2025,D32,C2,13422,4,0,14484
1/3/2025,D26,C2,6140,5,0,18467
1/3/2025,D50,C3,12871,3,40,19522
1/3/2025,D45,C4,11532,4,40,10822
1/3/2025,D36,C5,9293,5,0,12408
1/3/2025,D9,C6,10995,4,0,14911
1/3/2025,D30,C6,14757,3,0,15715
1/3/2025,D36,C7,7273,3,0,13813
1/3/2025,D29,C7,10745,1,0,10307
1/3/2025,D17,C8,6192,5,40,14642
1/3/2025,D49,C8,8426,2,40,15555
1/3/2025,D18,C9,11812,3,60,14680
1/3/2025,D16,C10,6837,1,0,19833
1/3/2025,D18,C10,14192,4,40,13074
1/3/2025,D10,C11,6852,1,60,13303
1/3/2025,D46,C12,7948,1,0,12782
1/3/2025,D27,C13,9577,1,40,15747
1/3/2025,D22,C13,10134,5,40,13001
1/3/2025,D27,C14,14137,4,0,13077
1/3/2025,D31,C15,7854,5,0,15985
1/3/2025,D1,C15,14555,5,0,14972
1/3/2025,D35,C16,12686,3,0,16742
1/3/2025,D48,C16,11671,4,0,18501
1/3/2025,D28,C17,12352,2,0,16792
1/3/2025,D32,C17,9227,4,60,11410
1/3/2025,D30,C18,11154,5,0,20023
1/3/2025,D26,C19,7047,1,0,16603
1/3/2025,D42,C20,14284,5,0,13800
1/3/2025,D12,C21,13611,4,0,12488
1/3/2025,D4,C21,7083,5,60,18298
1/3/2025,D21,C22,9235,0,0,12014
1/3/2025,D22,C22,10679,5,0,15453
1/3/2025,D6,C23,8256,4,0,10949
1/3/2025,D31,C23,10024,5,0,16502
1/3/2025,D42,C24,10006,2,0,11777
1/3/2025,D16,C25,11686,4,0,19762
1/4/2025,D16,C1,12380,3,60,17469
1/4/2025,D37,C2,13248,1,0,14601
1/4/2025,D45,C3,14693,3,0,13594
1/4/2025,D17,C3,8730,5,0,11877
1/4/2025,D20,C4,10148,3,0,14793
1/4/2025,D37,C5,11818,2,40,15912
1/4/2025,D44,C5,6069,2,0,14769
1/4/2025,D38,C6,14344,5,0,18433
1/4/2025,D45,C7,9285,1,40,13957
1/4/2025,D37,C8,13593,4,0,10256
1/4/2025,D35,C9,10728,4,40,18988
1/4/2025,D28,C9,10123,2,60,17229
1/4/2025,D27,C10,13067,3,40,13021
1/4/2025,D28,C11,14988,3,0,18322
1/4/2025,D28,C12,7344,5,0,11105
1/4/2025,D30,C13,13478,1,60,15506
1/4/2025,D28,C13,9361,1,60,12609
1/4/2025,D18,C14,7274,2,60,19096
1/4/2025,D49,C15,11646,3,0,20039
1/4/2025,D2,C16,9205,4,60,11257
1/4/2025,D32,C16,14966,3,40,12640
1/4/2025,D23,C17,8293,3,0,13443
1/4/2025,D18,C18,13523,0,0,17358
1/4/2025,D39,C18,11250,0,0,19272
1/4/2025,D6,C19,14591,5,60,17427
1/4/2025,D36,C20,14696,5,0,10655
1/4/2025,D49,C20,6535,1,0,12265
1/4/2025,D2,C21,13370,4,40,14302
1/4/2025,D6,C21,8626,5,40,14871
1/4/2025,D43,C22,12765,4,40,18104
1/4/2025,D38,C22,7652,0,0,17434
1/4/2025,D48,C23,8589,2,60,19809
1/4/2025,D36,C23,11884,2,60,11865
1/4/2025,D20,C24,9410,3,0,12625
1/4/2025,D17,C24,13261,0,0,10447
1/4/2025,D8,C25,13761,1,40,18793
1/4/2025,D48,C25,12180,5,0,20008
1/5/2025,D18,C1,13839,5,0,16918
1/5/2025,D47,C1,8037,0,0,15543
1/5/2025,D15,C2,12830,2,0,15467
1/5/2025,D24,C2,8157,5,0,18277
1/5/2025,D3,C3,6204,2,60,19803
1/5/2025,D4,C3,14630,5,0,14883
1/5/2025,D7,C4,8135,5,0,19008
1/5/2025,D1,C4,9850,3,40,13962
1/5/2025,D22,C5,14074,5,0,12681
1/5/2025,D12,C5,7160,5,60,20374
1/5/2025,D5,C6,11906,4,40,10812
1/5/2025,D37,C7,7491,4,60,16529
1/5/2025,D10,C8,7994,0,0,18433
1/5/2025,D16,C9,13411,0,40,17050
1/5/2025,D50,C10,9334,2,0,16226
1/5/2025,D29,C11,9603,3,0,11068
1/5/2025,D20,C11,7767,3,40,13838
1/5/2025,D49,C12,11458,2,0,18903
1/5/2025,D43,C13,8396,1,0,10695
1/5/2025,D6,C13,12239,2,60,12074
1/5/2025,D1,C14,6450,2,0,11413
1/5/2025,D19,C15,9323,2,0,17257
1/5/2025,D3,C15,8331,1,0,17251
1/5/2025,D5,C16,10718,0,60,13200
1/5/2025,D44,C16,11271,5,40,11626
1/5/2025,D8,C17,9072,0,60,15647
1/5/2025,D35,C17,7587,0,60,19225
1/5/2025,D5,C18,14221,4,0,13630
1/5/2025,D39,C19,6868,1,0,14407
1/5/2025,D48,C19,8255,3,0,10682
1/5/2025,D45,C20,10283,3,0,18442
1/5/2025,D20,C20,9745,1,0,13417
1/5/2025,D29,C21,6284,2,40,18215
1/5/2025,D6,C21,9267,2,60,14021
1/5/2025,D39,C22,12557,3,60,12497
1/5/2025,D17,C22,6217,0,60,14173
1/5/2025,D37,C23,8190,2,0,16753
1/5/2025,D3,C23,14684,4,40,10871
1/5/2025,D12,C24,14585,5,0,13131
1/5/2025,D38,C24,7435,4,60,11942
1/5/2025,D27,C25,11614,1,0,14437
1/5/2025,D22,C25,12729,0,40,11460
1/6/2025,D27,C1,12243,1,0,14327
1/6/2025,D45,C1,12996,4,0,20230
1/6/2025,D30,C2,12295,4,60,15263
1/6/2025,D21,C3,9971,2,0,15496
1/6/2025,D8,C3,14298,1,60,15913
1/6/2025,D27,C4,10973,4,0,14452
1/6/2025,D4,C4,13899,3,60,14007
1/6/2025,D49,C5,13198,3,0,15693
1/6/2025,D4,C5,12112,3,0,17393
1/6/2025,D29,C6,9582,1,0,11483
1/6/2025,D45,C6,7898,4,0,17356
1/6/2025,D20,C7,6459,4,60,16973
1/6/2025,D6,C8,13568,0,0,11295
1/6/2025,D15,C8,11559,4,60,18393
1/6/2025,D32,C9,10383,0,60,13487
1/6/2025,D27,C10,10269,4,60,17596
1/6/2025,D31,C10,12623,1,0,14641
1/6/2025,D13,C11,8071,1,60,19418
1/6/2025,D39,C11,7325,1,60,10777
1/6/2025,D50,C12,12345,4,0,15871
1/6/2025,D27,C12,11285,0,40,11516
1/6/2025,D47,C13,10738,2,0,19374
1/6/2025,D20,C13,8592,0,40,17409
1/6/2025,D35,C14,9200,5,0,16721
1/6/2025,D31,C14,13266,4,0,11689
1/6/2025,D21,C15,6827,2,0,11801
1/6/2025,D13,C15,12967,0,40,17629
1/6/2025,D50,C16,8054,3,0,16928
1/6/2025,D48,C17,10765,1,0,12404
1/6/2025,D31,C17,14944,4,40,18379
1/6/2025,D3,C18,9299,5,60,13116
1/6/2025,D9,C18,8229,5,40,15948
1/6/2025,D7,C19,8845,3,0,13586
1/6/2025,D34,C19,10965,4,0,17719
1/6/2025,D42,C20,14464,3,60,19149
1/6/2025,D10,C20,12993,0,40,20137
1/6/2025,D40,C21,14169,4,40,15959
1/6/2025,D45,C21,7706,5,0,13726
1/6/2025,D21,C22,10933,4,0,17761
1/6/2025,D41,C22,12460,0,0,17022
1/6/2025,D16,C23,10570,5,0,14510
1/6/2025,D48,C24,6137,2,0,12955
1/6/2025,D49,C25,8883,1,60,12442
1/7/2025,D11,C1,6231,5,0,16044
1/7/2025,D45,C1,6186,2,40,19034
1/7/2025,D19,C2,9820,1,40,15521
1/7/2025,D10,C3,7752,1,40,14246
1/7/2025,D16,C3,10316,1,0,12645
1/7/2025,D12,C4,7709,3,40,15245
1/7/2025,D32,C5,12752,1,0,15799
1/7/2025,D30,C6,8040,2,40,12605
1/7/2025,D17,C7,9707,4,0,12049
1/7/2025,D43,C7,14034,5,0,15240
1/7/2025,D5,C8,9074,5,0,19979
1/7/2025,D41,C9,10514,1,60,12180
1/7/2025,D28,C9,8124,2,60,14298
1/7/2025,D25,C10,9531,3,0,17842
1/7/2025,D16,C11,14834,2,0,16793
1/7/2025,D45,C12,14709,1,0,12910
1/7/2025,D19,C12,12991,3,40,14977
1/7/2025,D39,C13,7534,4,0,18560
1/7/2025,D50,C14,7663,0,0,11646
1/7/2025,D15,C14,12222,4,0,19236
1/7/2025,D44,C15,12838,0,0,14591
1/7/2025,D49,C15,6948,5,0,14629
1/7/2025,D20,C16,8000,0,40,15464
1/7/2025,D38,C17,13380,5,0,13720
1/7/2025,D19,C18,8720,3,0,16595
1/7/2025,D13,C19,9696,4,0,14013
1/7/2025,D11,C20,6416,5,60,16517
1/7/2025,D17,C20,8097,5,60,16600
1/7/2025,D8,C21,14034,5,40,14625
1/7/2025,D30,C21,13921,2,60,19207
1/7/2025,D36,C22,6582,0,0,15354
1/7/2025,D24,C22,7955,4,40,14365
1/7/2025,D30,C23,14336,5,60,13180
1/7/2025,D41,C24,8761,2,40,17893
1/7/2025,D24,C24,9209,5,0,12760
1/7/2025,D40,C25,14349,2,0,14669
1/7/2025,D15,C25,7346,5,0,18496
1/8/2025,D42,C1,14154,0,0,20226
1/8/2025,D27,C1,8264,3,40,13738
1/8/2025,D32,C2,11938,0,0,11112
1/8/2025,D8,C2,14167,2,40,18611
1/8/2025,D30,C3,7462,2,40,11485
1/8/2025,D24,C3,12488,5,0,19762
1/8/2025,D42,C4,13033,4,40,15848
1/8/2025,D7,C4,7203,0,60,11702
1/8/2025,D3,C5,6179,0,0,20956
1/8/2025,D45,C5,12207,1,0,12570
1/8/2025,D24,C6,8175,3,0,15190
1/8/2025,D4,C7,7366,4,0,15152
1/8/2025,D26,C7,14992,0,0,20390
1/8/2025,D43,C8,9522,4,0,18776
1/8/2025,D22,C9,7307,4,0,16735
1/8/2025,D5,C10,12628,1,40,19494
1/8/2025,D15,C11,14606,2,60,15440
1/8/2025,D18,C12,8491,5,0,16704
1/8/2025,D35,C13,9415,0,0,12468
1/8/2025,D43,C14,11909,0,40,19668
1/8/2025,D1,C15,13256,0,0,14401
1/8/2025,D2,C16,8168,0,0,11505
1/8/2025,D12,C16,7824,4,0,19394
1/8/2025,D48,C17,10127,4,60,12897
1/8/2025,D50,C18,11345,5,60,13153
1/8/2025,D24,C18,13239,0,0,13147
1/8/2025,D47,C19,6885,0,0,18806
1/8/2025,D42,C20,13432,0,40,13245
1/8/2025,D2,C20,6784,0,40,20404
1/8/2025,D44,C21,13921,1,0,12175
1/8/2025,D7,C21,12818,2,40,19798
1/8/2025,D39,C22,14872,4,40,17550
1/8/2025,D10,C22,8531,3,60,19932
1/8/2025,D39,C23,14623,5,0,15278
1/8/2025,D34,C23,6517,0,0,16937
1/8/2025,D45,C24,8853,4,0,10385
1/8/2025,D29,C25,7814,4,40,17063
1/8/2025,D15,C25,8940,2,0,19619
1/9/2025,D27,C1,9696,5,60,13702
1/9/2025,D47,C1,6941,5,60,12861
1/9/2025,D24,C2,14435,0,0,17137
1/9/2025,D10,C2,14032,4,0,15979
1/9/2025,D6,C3,11550,4,40,13294
1/9/2025,D9,C4,11649,5,0,14995
1/9/2025,D36,C4,12851,5,0,11945
1/9/2025,D23,C5,8770,1,0,19888
1/9/2025,D43,C5,12290,3,40,13656
1/9/2025,D39,C6,11475,1,0,15728
1/9/2025,D20,C6,14804,5,0,15687
1/9/2025,D43,C7,10450,1,0,17685
1/9/2025,D23,C8,9355,3,0,11284
1/9/2025,D49,C9,9312,1,60,15490
1/9/2025,D36,C10,7493,0,60,19578
1/9/2025,D50,C10,6801,4,0,10574
1/9/2025,D12,C11,13213,4,0,18526
1/9/2025,D23,C12,6510,5,40,15730
1/9/2025,D1,C12,7526,2,40,14879
1/9/2025,D10,C13,12909,1,0,12948
1/9/2025,D48,C14,7077,1,0,17890
1/9/2025,D27,C15,6232,3,40,19940
1/9/2025,D30,C15,7399,5,40,13374
1/9/2025,D50,C16,13070,0,60,13768
1/9/2025,D37,C16,9613,2,0,16569
1/9/2025,D11,C17,9817,4,40,12490
1/9/2025,D18,C18,7291,5,0,19918
1/9/2025,D39,C19,12634,3,60,17133
1/9/2025,D29,C19,6103,5,0,11562
1/9/2025,D28,C20,8107,0,60,18591
1/9/2025,D8,C20,7197,3,40,12386
1/9/2025,D15,C21,7800,4,0,16301
1/9/2025,D14,C22,11335,1,0,13822
1/9/2025,D49,C23,7148,5,0,13557
1/9/2025,D8,C24,14111,1,40,19721
1/9/2025,D1,C24,12893,4,0,13116
1/9/2025,D35,C25,13086,3,0,12304
1/9/2025,D46,C25,9835,1,40,20495
1/10/2025,D28,C1,14437,5,40,14887
1/10/2025,D21,C2,13225,0,0,17313
1/10/2025,D46,C3,12028,5,0,14096
1/10/2025,D41,C3,14019,5,0,19151
1/10/2025,D21,C4,9457,4,0,15933
1/10/2025,D6,C5,10236,5,0,17383
1/10/2025,D28,C5,10830,5,40,16011
1/10/2025,D34,C6,7638,5,40,11494
1/10/2025,D6,C6,7360,0,0,15009
1/10/2025,D22,C7,7450,2,0,15025
1/10/2025,D33,C8,6927,5,40,15508
1/10/2025,D50,C9,12980,2,0,11888
1/10/2025,D16,C10,14383,2,40,15924
1/10/2025,D13,C11,12327,1,0,13508
1/10/2025,D12,C11,13583,2,0,17162
1/10/2025,D50,C12,9892,0,0,13501
1/10/2025,D49,C13,7995,1,0,15719
1/10/2025,D37,C13,6790,1,0,20234
1/10/2025,D10,C14,14850,5,60,10715
1/10/2025,D29,C14,12549,2,0,21510
1/10/2025,D38,C15,10116,2,60,18701
1/10/2025,D4,C15,6068,5,0,15394
1/10/2025,D3,C16,9337,1,0,12503
1/10/2025,D4,C16,14060,4,60,12377
1/10/2025,D30,C17,12694,5,0,19669
1/10/2025,D38,C17,9784,0,0,16254
1/10/2025,D39,C18,13611,0,0,13287
1/10/2025,D31,C18,13374,0,0,17639
1/10/2025,D22,C19,11893,0,0,15563
1/10/2025,D3,C20,14549,0,0,16008
1/10/2025,D34,C21,9613,3,0,19087
1/10/2025,D40,C21,9824,2,60,14057
1/10/2025,D27,C22,14833,5,0,13390
1/10/2025,D50,C22,9712,1,40,17881
1/10/2025,D22,C23,14412,0,60,18084
1/10/2025,D17,C24,11994,1,0,12554
1/10/2025,D47,C24,8185,2,40,11491
1/10/2025,D23,C25,14229,1,0,11952
1/11/2025,D39,C1,11737,0,0,20646
1/11/2025,D36,C2,8382,0,40,12548
1/11/2025,D25,C2,7096,1,0,20089
1/11/2025,D42,C3,10416,2,0,20348
1/11/2025,D2,C4,7812,0,60,13212
1/11/2025,D24,C4,8152,3,0,14256
1/11/2025,D50,C5,7302,5,60,15872
1/11/2025,D32,C5,6108,1,0,17545
1/11/2025,D19,C6,6273,2,0,12235
1/11/2025,D43,C7,11190,0,0,12756
1/11/2025,D10,C8,11963,3,60,11645
1/11/2025,D11,C8,9046,0,0,12656
1/11/2025,D27,C9,7074,2,40,13103
1/11/2025,D40,C10,13489,5,0,17568
1/11/2025,D19,C10,8107,0,60,16876
1/11/2025,D31,C11,6613,5,40,13347
1/11/2025,D13,C11,11899,5,0,15659
1/11/2025,D33,C12,11734,2,0,11879
1/11/2025,D34,C12,14470,4,0,12343
1/11/2025,D17,C13,8618,5,0,17778
1/11/2025,D36,C14,10275,4,0,15351
1/11/2025,D7,C14,11946,0,0,15776
1/11/2025,D18,C15,10261,3,0,14891
1/11/2025,D6,C16,10409,1,40,17800
1/11/2025,D15,C16,11235,4,0,16648
1/11/2025,D27,C17,11074,1,60,11462
1/11/2025,D16,C18,12022,5,0,11626
1/11/2025,D25,C18,10272,4,60,17458
1/11/2025,D7,C19,7430,2,0,15857
1/11/2025,D46,C19,6227,3,60,16037
1/11/2025,D3,C20,6858,2,40,19588
1/11/2025,D49,C21,10721,2,60,14059
1/11/2025,D40,C22,8177,3,40,16206
1/11/2025,D1,C22,10082,0,0,20151
1/11/2025,D10,C23,11425,3,40,17019
1/11/2025,D50,C24,12119,5,60,18752
1/11/2025,D8,C25,14369,4,0,14243
1/11/2025,D4,C25,14195,3,0,16381
1/12/2025,D8,C1,9527,5,0,15244
1/12/2025,D41,C2,6494,1,0,19674
1/12/2025,D19,C3,10667,3,0,11621
1/12/2025,D16,C4,12182,3,0,16139
1/12/2025,D37,C4,12118,2,40,20413
1/12/2025,D5,C5,9231,5,60,11823
1/12/2025,D34,C5,13968,4,0,21119
1/12/2025,D41,C6,12163,3,0,20826
1/12/2025,D48,C7,14916,2,0,16463
1/12/2025,D2,C7,14639,0,0,15618
1/12/2025,D50,C8,6288,2,0,14282
1/12/2025,D3,C9,10644,3,0,13461
1/12/2025,D50,C10,6752,5,40,17375
1/12/2025,D41,C11,8870,4,40,16437
1/12/2025,D12,C11,9792,1,60,16002
1/12/2025,D19,C12,6204,2,0,15456
1/12/2025,D3,C13,6764,3,0,18972
1/12/2025,D35,C14,13237,3,60,16240
1/12/2025,D31,C14,7655,4,40,14821
1/12/2025,D23,C15,9891,3,40,11684
1/12/2025,D50,C15,8173,1,40,20795
1/12/2025,D28,C16,6602,5,0,17632
1/12/2025,D26,C16,9468,4,0,11564
1/12/2025,D12,C17,14171,1,60,18490
1/12/2025,D32,C17,14678,3,0,17033
1/12/2025,D47,C18,7998,2,60,12920
1/12/2025,D39,C19,11089,3,40,20279
1/12/2025,D12,C19,8342,5,40,13793
1/12/2025,D21,C20,13674,0,0,16365
1/12/2025,D29,C21,8514,2,0,12027
1/12/2025,D39,C21,10542,0,0,12587
1/12/2025,D29,C22,13878,4,60,19011
1/12/2025,D3,C22,10067,4,0,20278
1/12/2025,D41,C23,12603,0,0,12212
1/12/2025,D4,C23,10256,3,40,12593
1/12/2025,D10,C24,12004,1,0,19391
1/12/2025,D9,C25,7142,5,0,19468
1/13/2025,D24,C1,8287,4,40,19127
1/13/2025,D25,C1,8610,0,0,19507
1/13/2025,D24,C2,7276,2,0,13331
1/13/2025,D29,C2,10374,3,0,12268
1/13/2025,D26,C3,9065,0,40,15256
1/13/2025,D21,C3,14052,4,40,21572
1/13/2025,D48,C4,12937,3,40,15057
1/13/2025,D36,C5,10524,1,60,17929
1/13/2025,D8,C5,9984,3,0,16176
1/13/2025,D40,C6,11035,4,0,19728
1/13/2025,D8,C7,9449,0,60,20386
1/13/2025,D12,C8,11416,3,0,11824
1/13/2025,D46,C8,7843,0,0,14793
1/13/2025,D46,C9,14207,3,60,15619
1/13/2025,D5,C9,11194,1,0,16180
1/13/2025,D46,C10,13255,1,60,15680
1/13/2025,D33,C11,10413,5,40,19149
1/13/2025,D15,C11,9677,0,40,17550
1/13/2025,D32,C12,10663,4,0,19089
1/13/2025,D30,C13,13576,2,40,17963
1/13/2025,D36,C13,8085,1,60,18270
1/13/2025,D46,C14,12911,5,40,13891
1/13/2025,D47,C14,12737,5,40,20299
1/13/2025,D9,C15,9981,4,0,15449
1/13/2025,D30,C16,7446,4,0,14539
1/13/2025,D44,C16,11374,5,60,19861
1/13/2025,D28,C17,11308,1,0,12537
1/13/2025,D34,C18,6143,2,60,20876
1/13/2025,D11,C19,8141,4,0,18321
1/13/2025,D34,C20,11287,2,0,17256
1/13/2025,D19,C20,8712,4,0,15076
1/13/2025,D9,C21,7696,4,60,17719
1/13/2025,D41,C21,11179,4,40,18704
1/13/2025,D11,C22,6739,2,0,14028
1/13/2025,D2,C23,11468,3,0,20694
1/13/2025,D42,C24,10279,4,40,15603
1/13/2025,D14,C24,6868,1,0,14410
1/13/2025,D41,C25,7546,5,0,16781
1/13/2025,D35,C25,12636,3,60,12961
1/14/2025,D20,C1,9039,0,0,16960
1/14/2025,D30,C1,6942,2,60,16541
1/14/2025,D31,C2,7253,4,40,20206
1/14/2025,D30,C2,14386,0,40,21473
1/14/2025,D46,C3,13739,3,40,20554
1/14/2025,D21,C3,6417,2,0,16544
1/14/2025,D33,C4,11036,0,0,19061
1/14/2025,D36,C4,10206,5,40,20552
1/14/2025,D18,C5,10968,4,60,17129
1/14/2025,D7,C6,13593,3,0,12991
1/14/2025,D40,C7,12500,1,40,14240
1/14/2025,D27,C7,7346,0,60,15140
1/14/2025,D13,C8,8412,3,0,18619
1/14/2025,D49,C8,7668,5,40,12505
1/14/2025,D20,C9,9178,5,0,18107
1/14/2025,D32,C9,14543,3,0,19768
1/14/2025,D16,C10,10282,2,0,18677
1/14/2025,D14,C10,9173,5,40,10836
1/14/2025,D32,C11,14494,3,60,18080
1/14/2025,D39,C11,14956,5,60,20236
1/14/2025,D28,C12,9129,5,60,19115
1/14/2025,D49,C13,9816,4,60,21562
1/14/2025,D26,C13,10997,3,0,13618
1/14/2025,D24,C14,7178,1,0,14722
1/14/2025,D25,C15,12229,1,0,13950
1/14/2025,D40,C16,7123,5,60,11651
1/14/2025,D44,C16,12169,3,0,12026
1/14/2025,D24,C17,11936,3,0,17616
1/14/2025,D22,C17,12013,0,0,19506
1/14/2025,D39,C18,6297,0,0,13157
1/14/2025,D3,C19,10566,4,40,14239
1/14/2025,D31,C20,10954,3,0,14517
1/14/2025,D34,C20,7962,1,0,19872
1/14/2025,D40,C21,6351,4,40,16390
1/14/2025,D21,C21,11297,0,0,14551
1/14/2025,D33,C22,10290,5,0,15777
1/14/2025,D35,C22,14558,2,0,17406
1/14/2025,D22,C23,11683,1,0,12096
1/14/2025,D44,C23,6044,0,0,16588
1/14/2025,D39,C24,14817,5,0,19082
1/14/2025,D47,C25,9035,1,0,13760
1/15/2025,D34,C1,6202,3,60,19026
1/15/2025,D44,C2,7597,3,0,19602
1/15/2025,D13,C3,14722,0,40,13527
1/15/2025,D27,C4,14883,5,60,17576
1/15/2025,D10,C4,10122,5,40,11996
1/15/2025,D46,C5,10805,2,0,16625
1/15/2025,D43,C6,9341,0,40,20828
1/15/2025,D31,C6,14839,4,40,13362
1/15/2025,D35,C7,8767,1,0,13082
1/15/2025,D22,C7,11875,4,0,12381
1/15/2025,D13,C8,14060,2,40,15341
1/15/2025,D16,C8,12578,3,0,13664
1/15/2025,D46,C9,7203,2,60,20107
1/15/2025,D14,C9,13585,0,40,13742
1/15/2025,D36,C10,12800,4,40,19386
1/15/2025,D47,C10,6095,4,0,16936
1/15/2025,D23,C11,9448,5,60,15678
1/15/2025,D50,C11,14693,3,0,14843
1/15/2025,D46,C12,11640,5,40,12576
1/15/2025,D6,C12,11801,1,60,14455
1/15/2025,D14,C13,12248,0,60,17244
1/15/2025,D13,C13,6084,2,0,15718
1/15/2025,D7,C14,8521,1,0,13673
1/15/2025,D4,C15,14925,3,40,17896
1/15/2025,D4,C16,13063,1,40,20187
1/15/2025,D46,C17,8120,4,60,19023
1/15/2025,D31,C17,11194,2,0,16710
1/15/2025,D42,C18,6066,4,60,15905
1/15/2025,D31,C18,10496,1,0,13875
1/15/2025,D19,C19,13311,1,0,12520
1/15/2025,D42,C19,8125,0,40,14664
1/15/2025,D12,C20,10570,4,0,17579
1/15/2025,D26,C21,11210,3,60,14536
1/15/2025,D48,C22,14123,3,0,20258
1/15/2025,D1,C23,9634,5,40,18613
1/15/2025,D19,C24,10455,4,40,12374
1/15/2025,D30,C24,10651,5,60,11881
1/15/2025,D18,C25,14346,2,40,16709
1/15/2025,D13,C25,11613,4,0,14062
1/16/2025,D42,C1,11934,5,40,14406
1/16/2025,D17,C1,7375,5,0,12120
1/16/2025,D37,C2,10223,3,40,17938
1/16/2025,D44,C2,14436,1,60,18165
1/16/2025,D33,C3,12139,0,40,21555
1/16/2025,D21,C3,13924,0,0,17843
1/16/2025,D9,C4,9214,5,0,13813
1/16/2025,D1,C5,6411,5,60,12543
1/16/2025,D29,C6,12399,0,0,13899
1/16/2025,D20,C7,13482,5,0,15767
1/16/2025,D38,C7,14404,5,0,12392
1/16/2025,D4,C8,11051,0,0,16442
1/16/2025,D20,C9,10496,4,0,11982
1/16/2025,D11,C9,12253,2,40,17055
1/16/2025,D24,C10,7067,0,60,19845
1/16/2025,D40,C10,10458,5,0,16273
1/16/2025,D30,C11,11265,1,0,12805
1/16/2025,D45,C12,13766,5,0,14582
1/16/2025,D36,C12,13126,2,60,20119
1/16/2025,D44,C13,11689,1,0,15857
1/16/2025,D34,C14,7601,4,0,14697
1/16/2025,D46,C14,7091,2,0,20795
1/16/2025,D36,C15,14231,3,40,14743
1/16/2025,D11,C16,8192,1,60,13920
1/16/2025,D44,C17,8916,4,40,13107
1/16/2025,D33,C18,7985,4,40,18455
1/16/2025,D9,C19,13323,5,60,17004
1/16/2025,D33,C19,11561,5,0,18810
1/16/2025,D44,C20,10811,4,40,16093
1/16/2025,D20,C20,12820,5,40,16143
1/16/2025,D48,C21,8455,4,0,19905
1/16/2025,D28,C22,7972,0,40,16289
1/16/2025,D5,C23,14367,1,60,15258
1/16/2025,D19,C24,7026,5,40,14465
1/16/2025,D50,C25,10364,4,0,18969
1/17/2025,D25,C1,9371,4,60,13119
1/17/2025,D29,C1,11748,1,0,18898
1/17/2025,D42,C2,6518,0,0,16285
1/17/2025,D12,C3,14742,1,0,19885
1/17/2025,D47,C4,9573,1,60,12293
1/17/2025,D20,C5,14740,0,60,18492
1/17/2025,D15,C6,8518,3,60,19002
1/17/2025,D16,C6,10503,0,60,20434
1/17/2025,D47,C7,7942,4,40,11881
1/17/2025,D43,C8,6231,3,0,15407
1/17/2025,D14,C9,10048,5,0,17745
1/17/2025,D29,C10,6984,2,0,12124
1/17/2025,D48,C11,14889,2,0,18841
1/17/2025,D15,C12,13876,4,0,21959
1/17/2025,D35,C12,8283,5,0,14243
1/17/2025,D47,C13,9691,4,60,12705
1/17/2025,D16,C14,14219,0,0,21080
1/17/2025,D20,C14,7985,4,0,16523
1/17/2025,D20,C15,14057,4,0,19078
1/17/2025,D18,C15,12656,2,0,19639
1/17/2025,D4,C16,9057,5,60,17496
1/17/2025,D23,C16,10903,3,60,19938
1/17/2025,D27,C17,14273,2,0,12785
1/17/2025,D10,C17,14963,4,40,20364
1/17/2025,D15,C18,7579,0,60,16809
1/17/2025,D4,C19,13751,2,0,18647
1/17/2025,D36,C19,10106,2,0,11899
1/17/2025,D16,C20,14247,1,0,10995
1/17/2025,D17,C20,11513,3,0,17628
1/17/2025,D24,C21,13759,5,0,11503
1/17/2025,D6,C21,7866,5,0,20899
1/17/2025,D44,C22,14743,3,0,17820
1/17/2025,D39,C22,6800,0,40,17382
1/17/2025,D49,C23,8475,4,0,20516
1/17/2025,D14,C24,12928,3,0,13954
1/17/2025,D22,C24,13444,2,40,13100
1/17/2025,D48,C25,7464,0,60,15056
1/18/2025,D45,C1,12086,3,60,20373
1/18/2025,D16,C2,11693,3,40,17628
1/18/2025,D36,C2,11185,0,40,20434
1/18/2025,D20,C3,10749,3,0,14829
1/18/2025,D17,C3,11249,4,0,13791
1/18/2025,D49,C4,9715,3,0,17302
1/18/2025,D21,C4,6374,5,0,15014
1/18/2025,D3,C5,8634,5,0,20148
1/18/2025,D37,C5,6187,0,0,13638
1/18/2025,D17,C6,6049,4,0,18960
1/18/2025,D10,C7,14567,4,0,18150
1/18/2025,D13,C7,9393,2,0,15116
1/18/2025,D36,C8,12458,0,0,15198
1/18/2025,D42,C8,7969,0,60,16454
1/18/2025,D30,C9,11184,5,40,15135
1/18/2025,D11,C9,14272,2,0,19996
1/18/2025,D12,C10,13710,1,0,19697
1/18/2025,D35,C10,8131,2,60,14013
1/18/2025,D43,C11,11225,1,40,15003
1/18/2025,D9,C12,14685,0,0,17085
1/18/2025,D41,C12,7056,3,0,16133
1/18/2025,D14,C13,9441,5,0,13493
1/18/2025,D4,C14,12488,5,0,20536
1/18/2025,D40,C14,13853,2,40,14594
1/18/2025,D1,C15,12248,1,60,20761
1/18/2025,D2,C16,14389,2,60,12731
1/18/2025,D2,C17,11924,5,60,18053
1/18/2025,D33,C17,6948,5,0,17434
1/18/2025,D7,C18,9577,1,60,12447
1/18/2025,D13,C19,12332,1,0,19152
1/18/2025,D18,C20,10897,4,0,19355
1/18/2025,D26,C20,7375,2,60,14443
1/18/2025,D45,C21,13054,1,0,14335
1/18/2025,D42,C22,13131,5,0,12932
1/18/2025,D26,C23,12742,3,60,19822
1/18/2025,D4,C24,11466,0,60,14219
1/18/2025,D41,C24,9256,4,60,14282
1/18/2025,D42,C25,14718,3,60,15877
1/18/2025,D22,C25,12748,2,0,13190
1/19/2025,D14,C1,13273,5,60,18241
1/19/2025,D3,C2,13709,0,60,14084
1/19/2025,D5,C2,12108,3,0,13276
1/19/2025,D21,C3,11007,1,60,18059
1/19/2025,D49,C4,12319,2,0,17117
1/19/2025,D20,C5,6578,3,60,18083
1/19/2025,D44,C6,10985,1,0,13478
1/19/2025,D35,C6,8529,2,60,15005
1/19/2025,D33,C7,8068,4,0,14181
1/19/2025,D7,C8,14521,1,0,21638
1/19/2025,D22,C9,8974,4,0,12337
1/19/2025,D2,C10,6495,2,60,14387
1/19/2025,D41,C10,13232,4,0,11828
1/19/2025,D36,C11,13788,2,40,13015
1/19/2025,D25,C11,6909,3,60,11696
1/19/2025,D50,C12,10425,1,0,15891
1/19/2025,D46,C13,13874,3,0,15036
1/19/2025,D10,C14,11851,1,60,21322
1/19/2025,D25,C14,8635,5,0,20312
1/19/2025,D24,C15,10569,0,60,19862
1/19/2025,D7,C15,9163,5,40,18848
1/19/2025,D24,C16,14991,2,40,19331
1/19/2025,D49,C16,12039,3,0,20815
1/19/2025,D28,C17,14521,2,40,19591
1/19/2025,D2,C18,6085,5,0,19657
1/19/2025,D39,C19,8299,1,60,13732
1/19/2025,D1,C20,11317,0,40,11568
1/19/2025,D19,C20,14510,4,40,18210
1/19/2025,D37,C21,6322,1,0,15106
1/19/2025,D11,C22,9019,2,40,17218
1/19/2025,D9,C22,8000,5,0,20391
1/19/2025,D5,C23,7353,5,60,19643
1/19/2025,D27,C24,14466,5,60,19987
1/19/2025,D20,C24,9662,2,60,18808
1/19/2025,D47,C25,13035,3,60,16646
1/20/2025,D30,C1,7753,1,0,17103
1/20/2025,D1,C2,13925,2,0,17922
1/20/2025,D26,C2,14223,1,0,18880
1/20/2025,D22,C3,10079,4,60,20761
1/20/2025,D28,C3,9819,3,60,19490
1/20/2025,D31,C4,8190,4,0,13725
1/20/2025,D21,C5,12367,1,0,21089
1/20/2025,D19,C5,7149,2,0,17099
1/20/2025,D25,C6,13087,3,60,12898
1/20/2025,D18,C6,11405,3,40,13285
1/20/2025,D38,C7,11838,3,0,16243
1/20/2025,D47,C8,8285,1,0,19535
1/20/2025,D19,C9,12913,1,0,20237
1/20/2025,D45,C9,7015,5,0,15677
1/20/2025,D41,C10,6988,3,60,17669
1/20/2025,D43,C11,8720,4,40,19705
1/20/2025,D10,C11,7023,3,40,13488
1/20/2025,D29,C12,9652,4,60,20223
1/20/2025,D35,C13,13393,5,60,16791
1/20/2025,D33,C13,10699,5,60,19230
1/20/2025,D45,C14,14510,2,40,18350
1/20/2025,D35,C14,8198,3,60,15757
1/20/2025,D11,C15,10258,4,60,17654
1/20/2025,D42,C15,10137,1,0,19356
1/20/2025,D28,C16,7461,3,0,16116
1/20/2025,D7,C16,13963,0,0,17020
1/20/2025,D29,C17,13295,0,0,13188
1/20/2025,D50,C18,9437,1,40,15828
1/20/2025,D44,C18,11918,2,60,20296
1/20/2025,D7,C19,8731,4,0,16112
1/20/2025,D19,C19,9534,3,60,16284
1/20/2025,D20,C20,14749,2,0,20584
1/20/2025,D22,C20,9327,0,0,20156
1/20/2025,D31,C21,7356,1,0,21811
1/20/2025,D7,C21,13832,1,60,21532
1/20/2025,D3,C22,6912,4,0,16227
1/20/2025,D46,C22,12319,3,0,16229
1/20/2025,D44,C23,9366,3,0,13515
1/20/2025,D34,C24,7572,1,0,16182
1/20/2025,D36,C25,6871,4,40,15088
1/20/2025,D28,C25,11828,2,0,15370
1/21/2025,D12,C1,11194,0,0,22045
1/21/2025,D2,C2,14922,2,60,11903
1/21/2025,D48,C2,13734,4,60,20088
1/21/2025,D1,C3,11555,2,0,17156
1/21/2025,D46,C3,12164,0,0,13087
1/21/2025,D35,C4,13381,1,0,16908
1/21/2025,D13,C5,8510,1,0,14350
1/21/2025,D30,C5,8877,2,0,17597
1/21/2025,D39,C6,10678,2,0,14172
1/21/2025,D25,C6,6519,1,0,14980
1/21/2025,D23,C7,13585,3,40,17219
1/21/2025,D30,C7,10747,5,60,19400
1/21/2025,D44,C8,13912,3,0,12493
1/21/2025,D16,C9,13858,4,60,12119
1/21/2025,D24,C10,9532,2,60,20106
1/21/2025,D27,C11,13569,3,40,16607
1/21/2025,D39,C11,11031,3,0,13310
1/21/2025,D41,C12,11337,5,0,17215
1/21/2025,D35,C12,9479,2,0,18033
1/21/2025,D19,C13,7542,0,0,17408
1/21/2025,D9,C13,11996,1,0,19498
1/21/2025,D23,C14,14214,5,60,12838
1/21/2025,D9,C15,6128,5,0,13990
1/21/2025,D13,C15,6689,2,0,12268
1/21/2025,D44,C16,7965,3,0,19159
1/21/2025,D32,C16,7416,4,0,15866
1/21/2025,D37,C17,12997,2,0,13569
1/21/2025,D3,C18,6759,5,40,12879
1/21/2025,D18,C18,14810,3,0,19856
1/21/2025,D36,C19,9057,5,0,21425
1/21/2025,D33,C19,8173,2,0,17860
1/21/2025,D49,C20,9953,1,0,12400
1/21/2025,D28,C21,14162,3,0,19923
1/21/2025,D3,C22,9988,5,0,12555
1/21/2025,D29,C22,7031,5,0,18872
1/21/2025,D8,C23,8618,3,0,15230
1/21/2025,D50,C23,11555,5,0,14710
1/21/2025,D11,C24,11963,5,60,13939
1/21/2025,D40,C24,10895,1,40,19972
1/21/2025,D37,C25,13959,1,40,17846
1/22/2025,D21,C1,9029,1,0,21547
1/22/2025,D37,C2,8031,5,0,19097
1/22/2025,D18,C2,12784,1,0,20458
1/22/2025,D18,C3,12758,3,0,14160
1/22/2025,D16,C4,14492,5,40,14004
1/22/2025,D49,C5,11703,4,0,18825
1/22/2025,D10,C6,7565,3,60,13527
1/22/2025,D37,C6,11431,5,40,19503
1/22/2025,D29,C7,8832,0,40,15364
1/22/2025,D5,C7,9198,0,0,11599
1/22/2025,D30,C8,11445,5,40,17002
1/22/2025,D32,C8,8986,3,60,14037
1/22/2025,D41,C9,7544,1,0,20640
1/22/2025,D43,C9,10106,5,0,13165
1/22/2025,D14,C10,8362,2,60,13091
1/22/2025,D28,C10,6701,3,60,22804
1/22/2025,D19,C11,7346,0,40,20650
1/22/2025,D22,C11,11025,3,0,16993
1/22/2025,D44,C12,8400,0,0,22612
1/22/2025,D49,C12,11035,4,60,18340
1/22/2025,D8,C13,14577,1,0,18752
1/22/2025,D30,C14,7126,0,0,19140
1/22/2025,D1,C14,10374,0,60,15392
1/22/2025,D11,C15,6639,0,0,20779
1/22/2025,D18,C15,13373,4,40,15343
1/22/2025,D43,C16,11522,4,0,19755
1/22/2025,D42,C16,11081,2,0,17782
1/22/2025,D28,C17,9324,0,0,21206
1/22/2025,D1,C18,14058,4,40,20189
1/22/2025,D9,C19,13684,1,60,16341
1/22/2025,D1,C20,12186,4,0,13723
1/22/2025,D45,C20,13149,3,0,15444
1/22/2025,D31,C21,10553,2,60,18561
1/22/2025,D6,C22,10392,1,0,13971
1/22/2025,D47,C22,6556,4,40,20826
1/22/2025,D20,C23,11233,3,0,20084
1/22/2025,D9,C23,6528,1,0,20443
1/22/2025,D34,C24,12904,0,60,11382
1/22/2025,D29,C25,13804,1,40,13566
1/23/2025,D27,C1,10388,5,60,18166
1/23/2025,D6,C2,12505,4,60,14329
1/23/2025,D49,C3,6223,5,0,22325
1/23/2025,D28,C4,10531,4,60,15138
1/23/2025,D21,C4,8477,1,0,12432
1/23/2025,D16,C5,13758,3,40,16281
1/23/2025,D43,C6,13722,0,40,16230
1/23/2025,D34,C7,6884,0,0,18797
1/23/2025,D19,C8,7421,0,0,15475
1/23/2025,D42,C8,13973,4,0,17545
1/23/2025,D16,C9,8194,5,0,21522
1/23/2025,D24,C10,9821,4,0,15928
1/23/2025,D25,C11,6380,4,60,17371
1/23/2025,D35,C12,9873,5,40,18327
1/23/2025,D44,C12,8161,1,0,13546
1/23/2025,D38,C13,10874,3,0,20482
1/23/2025,D14,C14,11599,2,0,13605
1/23/2025,D3,C14,6026,1,40,22265
1/23/2025,D41,C15,6297,0,40,14318
1/23/2025,D46,C15,12451,1,40,21214
1/23/2025,D41,C16,13152,1,0,12029
1/23/2025,D6,C17,8190,0,0,16828
1/23/2025,D20,C17,6469,3,0,19141
1/23/2025,D26,C18,14564,3,0,13420
1/23/2025,D38,C18,6205,4,60,20245
1/23/2025,D4,C19,7056,2,60,18221
1/23/2025,D8,C20,12917,5,60,14213
1/23/2025,D30,C20,6216,0,60,18288
1/23/2025,D1,C21,10324,5,60,12007
1/23/2025,D11,C22,10163,4,0,20398
1/23/2025,D11,C23,8514,3,0,16767
1/23/2025,D24,C23,8782,5,60,14702
1/23/2025,D22,C24,6594,1,0,14402
1/23/2025,D34,C25,6764,5,60,12894
1/23/2025,D5,C25,14747,3,0,14732
1/24/2025,D4,C1,7209,5,0,18295
1/24/2025,D32,C1,9870,3,0,18270
1/24/2025,D50,C2,10252,1,0,19553
1/24/2025,D7,C2,8748,2,0,17439
1/24/2025,D1,C3,6516,1,0,20916
1/24/2025,D24,C4,9820,1,60,18994
1/24/2025,D25,C4,14662,4,60,22513
1/24/2025,D15,C5,13877,5,0,18458
1/24/2025,D21,C5,9898,4,0,18399
1/24/2025,D5,C6,9512,0,40,12346
1/24/2025,D37,C6,6543,3,0,19006
1/24/2025,D15,C7,10425,2,60,14704
1/24/2025,D5,C8,14988,4,60,16348
1/24/2025,D30,C8,9842,4,40,20728
1/24/2025,D6,C9,9928,3,0,17659
1/24/2025,D36,C9,14895,0,40,12372
1/24/2025,D37,C10,8771,2,0,18424
1/24/2025,D20,C10,10816,1,0,21717
1/24/2025,D50,C11,10931,5,0,18547
1/24/2025,D13,C11,13974,5,60,19771
1/24/2025,D2,C12,11448,3,40,19478
1/24/2025,D15,C12,10435,0,0,17878
1/24/2025,D1,C13,13164,1,60,13288
1/24/2025,D49,C13,11147,0,40,21304
1/24/2025,D14,C14,9921,1,0,14568
1/24/2025,D32,C15,12843,1,60,20001
1/24/2025,D4,C15,12310,1,0,12268
1/24/2025,D34,C16,12026,2,0,16903
1/24/2025,D48,C17,7097,1,0,20417
1/24/2025,D6,C17,7741,3,60,15236
1/24/2025,D5,C18,14521,3,40,19628
1/24/2025,D38,C18,8581,2,60,15974
1/24/2025,D19,C19,11306,4,0,19102
1/24/2025,D45,C20,12567,5,0,13476
1/24/2025,D48,C20,14937,3,0,22071
1/24/2025,D5,C21,7204,2,40,19740
1/24/2025,D50,C22,9287,0,40,20309
1/24/2025,D7,C23,13710,5,0,16492
1/24/2025,D21,C24,14664,4,40,18510
1/24/2025,D27,C24,8144,0,0,12505
1/24/2025,D20,C25,6186,5,0,16967
1/24/2025,D30,C25,13699,5,0,16400
1/25/2025,D46,C1,9557,0,40,15287
1/25/2025,D45,C1,11863,1,0,14904
1/25/2025,D6,C2,9892,1,40,19130
1/25/2025,D26,C3,12164,4,60,18370
1/25/2025,D33,C3,14762,1,40,17043
1/25/2025,D26,C4,13419,5,0,18107
1/25/2025,D7,C5,14926,2,0,18089
1/25/2025,D8,C6,9896,0,0,20931
1/25/2025,D9,C7,11096,2,0,13304
1/25/2025,D44,C8,12891,3,0,11302
1/25/2025,D41,C8,12425,2,40,16291
1/25/2025,D2,C9,13950,3,60,17993
1/25/2025,D9,C10,8799,4,0,21509
1/25/2025,D6,C10,12797,3,40,20319
1/25/2025,D4,C11,6872,1,0,12472
1/25/2025,D11,C11,6801,3,0,17914
1/25/2025,D2,C12,12307,1,0,13792
1/25/2025,D25,C12,7849,0,0,17342
1/25/2025,D12,C13,14077,2,0,13872
1/25/2025,D10,C14,11510,5,60,20308
1/25/2025,D3,C14,7869,3,60,20381
1/25/2025,D27,C15,10786,3,60,13532
1/25/2025,D36,C15,13009,2,0,17609
1/25/2025,D9,C16,11371,4,0,14200
1/25/2025,D27,C16,7513,2,0,17662
1/25/2025,D46,C17,14310,3,60,19735
1/25/2025,D23,C17,12934,1,0,12879
1/25/2025,D18,C18,11872,1,0,18721
1/25/2025,D12,C18,8846,2,0,15430
1/25/2025,D50,C19,7089,3,0,15767
1/25/2025,D34,C20,13303,2,0,14544
1/25/2025,D23,C20,10922,3,0,20937
1/25/2025,D43,C21,14418,2,60,18037
1/25/2025,D49,C22,7837,4,0,16948
1/25/2025,D23,C23,11724,2,0,23121
1/25/2025,D12,C23,9198,1,60,15100
1/25/2025,D38,C24,10917,1,0,16181
1/25/2025,D2,C24,12982,0,0,19883
1/25/2025,D32,C25,12026,1,60,16257
1/26/2025,D32,C1,7785,2,60,18123
1/26/2025,D15,C2,13025,3,0,19161
1/26/2025,D34,C3,11588,2,0,12489
1/26/2025,D40,C4,12852,1,0,17932
1/26/2025,D13,C4,13261,4,0,19465
1/26/2025,D4,C5,11791,0,60,22904
1/26/2025,D2,C5,7266,0,0,19818
1/26/2025,D5,C6,9424,2,0,15152
1/26/2025,D24,C6,9251,1,0,15662
1/26/2025,D20,C7,8774,5,0,24237
1/26/2025,D21,C7,8117,3,0,17964
1/26/2025,D42,C8,6880,0,0,14224
1/26/2025,D21,C8,11379,2,0,19958
1/26/2025,D20,C9,14134,3,0,14954
1/26/2025,D47,C9,10549,2,40,22238
1/26/2025,D45,C10,8539,5,0,21668
1/26/2025,D12,C11,6593,1,0,11930
1/26/2025,D41,C12,14700,0,0,12580
1/26/2025,D10,C13,12224,4,40,21130
1/26/2025,D22,C13,7817,1,0,22794
1/26/2025,D11,C14,6357,5,0,21992
1/26/2025,D41,C14,8643,1,0,20239
1/26/2025,D1,C15,6284,3,0,21912
1/26/2025,D17,C15,10764,1,0,17216
1/26/2025,D17,C16,11893,5,60,13490
1/26/2025,D7,C16,12603,3,0,12873
1/26/2025,D47,C17,6478,1,0,22415
1/26/2025,D27,C17,9681,0,60,14136
1/26/2025,D35,C18,11136,3,0,15624
1/26/2025,D25,C18,7114,4,60,17540
1/26/2025,D29,C19,8334,0,0,15341
1/26/2025,D2,C20,7654,1,0,19382
1/26/2025,D21,C20,8533,0,0,21200
1/26/2025,D25,C21,10491,1,60,17259
1/26/2025,D22,C22,11895,1,0,21546
1/26/2025,D28,C23,13855,3,0,13906
1/26/2025,D11,C24,7270,0,0,17474
1/26/2025,D4,C24,10542,1,60,13149
1/26/2025,D45,C25,13385,5,0,18088
1/26/2025,D36,C25,8168,4,0,18978
1/27/2025,D16,C1,12695,0,0,13001
1/27/2025,D7,C1,10079,0,60,21232
1/27/2025,D4,C2,11104,3,40,19869
1/27/2025,D6,C3,7700,4,0,14848
1/27/2025,D19,C3,9585,3,40,16031
1/27/2025,D14,C4,13026,0,0,22016
1/27/2025,D31,C5,10676,3,40,22012
1/27/2025,D26,C6,12591,1,0,20684
1/27/2025,D31,C6,9653,1,0,23790
1/27/2025,D24,C7,9926,2,0,21148
1/27/2025,D12,C8,7897,0,0,22456
1/27/2025,D29,C8,8979,1,60,12093
1/27/2025,D15,C9,12634,3,0,13385
1/27/2025,D18,C9,13353,2,40,19437
1/27/2025,D43,C10,8326,2,60,22241
1/27/2025,D36,C11,9841,4,0,15140
1/27/2025,D35,C12,14542,1,60,15996
1/27/2025,D44,C12,11340,5,0,12287
1/27/2025,D20,C13,12632,4,60,14106
1/27/2025,D6,C13,8812,4,0,15795
1/27/2025,D49,C14,8320,4,40,24243
1/27/2025,D14,C15,8840,1,40,23797
1/27/2025,D3,C16,8587,1,0,16174
1/27/2025,D13,C17,14759,3,0,21187
1/27/2025,D41,C17,13246,5,0,13722
1/27/2025,D25,C18,13559,5,0,14518
1/27/2025,D18,C19,11786,0,60,18743
1/27/2025,D34,C19,6315,4,40,19179
1/27/2025,D27,C20,11097,0,0,16866
1/27/2025,D7,C21,10443,3,0,13965
1/27/2025,D35,C22,10549,1,0,18311
1/27/2025,D23,C22,8640,2,40,14544
1/27/2025,D37,C23,9173,5,0,19133
1/27/2025,D39,C23,7652,4,0,17765
1/27/2025,D10,C24,9737,5,60,14074
1/27/2025,D40,C24,8825,1,0,22506
1/27/2025,D45,C25,13116,3,0,14777
1/27/2025,D16,C25,13707,5,0,12463
1/28/2025,D2,C1,12765,2,0,16216
1/28/2025,D22,C1,8052,4,40,14582
1/28/2025,D45,C2,8555,4,40,12621
1/28/2025,D44,C2,11735,4,0,21599
1/28/2025,D50,C3,7871,5,0,15891
1/28/2025,D21,C3,14275,2,60,12921
1/28/2025,D29,C4,10709,4,60,12527
1/28/2025,D49,C5,6025,2,0,14310
1/28/2025,D34,C5,9301,5,0,18125
1/28/2025,D5,C6,8956,3,40,18534
1/28/2025,D50,C7,8385,0,0,18903
1/28/2025,D13,C8,11378,5,0,21831
1/28/2025,D16,C9,10882,1,60,21192
1/28/2025,D24,C10,10682,0,60,23266
1/28/2025,D24,C11,6771,2,0,20734
1/28/2025,D30,C11,14919,3,0,15166
1/28/2025,D16,C12,6567,1,60,14354
1/28/2025,D12,C13,11997,4,40,21208
1/28/2025,D31,C13,6240,1,40,21458
1/28/2025,D48,C14,9780,5,0,14341
1/28/2025,D45,C14,9390,2,0,12725
1/28/2025,D11,C15,8195,5,0,17993
1/28/2025,D42,C16,8472,2,0,17571
1/28/2025,D42,C17,11489,5,0,19237
1/28/2025,D27,C17,14787,1,0,19686
1/28/2025,D9,C18,9358,2,0,22325
1/28/2025,D42,C18,13361,0,0,16589
1/28/2025,D46,C19,12223,2,0,17465
1/28/2025,D42,C19,8765,2,60,19357
1/28/2025,D30,C20,10651,1,40,13726
1/28/2025,D17,C20,6620,0,0,19676
1/28/2025,D1,C21,10736,3,0,21769
1/28/2025,D20,C22,6178,1,40,15856
1/28/2025,D44,C22,14572,4,40,17589
1/28/2025,D41,C23,7255,3,0,20218
1/28/2025,D21,C23,14402,0,0,19435
1/28/2025,D10,C24,6992,0,0,22841
1/28/2025,D39,C25,12665,0,40,19611
1/29/2025,D47,C1,14289,0,0,18260
1/29/2025,D17,C2,10693,2,0,18067
1/29/2025,D27,C2,11134,5,0,20722
1/29/2025,D22,C3,11325,0,0,17005
1/29/2025,D43,C4,9668,5,0,18540
1/29/2025,D23,C4,8399,0,60,18954
1/29/2025,D19,C5,14914,0,40,13282
1/29/2025,D48,C6,14085,2,0,22955
1/29/2025,D42,C7,8254,5,40,12219
1/29/2025,D6,C7,14540,0,0,19511
1/29/2025,D22,C8,7690,4,60,14692
1/29/2025,D24,C8,7777,3,0,14984
1/29/2025,D4,C9,8174,4,60,18113
1/29/2025,D41,C9,11840,5,0,17278
1/29/2025,D44,C10,11028,5,60,18424
1/29/2025,D4,C11,6016,4,60,22192
1/29/2025,D10,C11,10471,2,40,12625
1/29/2025,D10,C12,8879,4,0,16837
1/29/2025,D21,C12,7248,1,0,22172
1/29/2025,D22,C13,11408,4,0,12579
1/29/2025,D41,C13,8003,1,0,15302
1/29/2025,D29,C14,11273,4,60,12989
1/29/2025,D37,C15,9734,5,40,19335
1/29/2025,D49,C16,7276,2,40,19568
1/29/2025,D50,C16,11970,1,60,13356
1/29/2025,D26,C17,14438,1,0,24277
1/29/2025,D28,C17,7097,2,60,17109
1/29/2025,D47,C18,8699,1,40,21224
1/29/2025,D49,C19,14580,2,0,16407
1/29/2025,D34,C19,6494,5,0,19915
1/29/2025,D15,C20,12002,0,40,11933
1/29/2025,D9,C21,10937,3,40,20326
1/29/2025,D7,C21,6676,3,60,21470
1/29/2025,D20,C22,7299,2,60,23756
1/29/2025,D47,C23,6188,2,60,16355
1/29/2025,D34,C23,7611,4,40,18995
1/29/2025,D32,C24,10653,2,0,17718
1/29/2025,D23,C24,12409,2,40,19909
1/29/2025,D15,C25,13510,1,60,17743
1/30/2025,D47,C1,12826,1,0,21741
1/30/2025,D24,C2,11182,5,40,17228
1/30/2025,D41,C3,10616,0,0,16914
1/30/2025,D17,C3,6387,0,0,16941
1/30/2025,D42,C4,7595,5,0,18272
1/30/2025,D45,C5,11511,5,0,16895
1/30/2025,D25,C6,10948,4,0,16106
1/30/2025,D8,C6,12932,3,40,19685
1/30/2025,D45,C7,9238,0,0,21358
1/30/2025,D27,C8,10722,4,40,16581
1/30/2025,D43,C8,10101,4,0,14533
1/30/2025,D7,C9,8397,0,0,14862
1/30/2025,D33,C9,10371,1,0,16554
1/30/2025,D32,C10,6729,1,0,22837
1/30/2025,D34,C11,13024,1,0,16428
1/30/2025,D13,C11,11087,0,0,15696
1/30/2025,D36,C12,8837,1,40,21181
1/30/2025,D22,C13,12482,2,40,18667
1/30/2025,D16,C13,10420,2,0,12897
1/30/2025,D37,C14,11591,1,60,20049
1/30/2025,D6,C15,7435,1,0,13245
1/30/2025,D17,C16,11510,5,0,18953
1/30/2025,D19,C17,13475,0,0,18425
1/30/2025,D17,C17,8088,5,0,15840
1/30/2025,D19,C18,9840,3,0,13024
1/30/2025,D48,C19,11422,4,40,16372
1/30/2025,D8,C19,7501,1,0,20294
1/30/2025,D22,C20,6569,2,60,17437
1/30/2025,D47,C21,14176,3,0,20607
1/30/2025,D6,C21,14207,2,60,23439
1/30/2025,D26,C22,13803,2,0,18179
1/30/2025,D30,C22,7120,4,40,21402
1/30/2025,D42,C23,10234,4,0,17081
1/30/2025,D11,C23,11285,0,40,14283
1/30/2025,D7,C24,7467,5,60,18187
1/30/2025,D12,C25,8417,5,40,22243
1/30/2025,D40,C25,12121,4,60,22238
1/31/2025,D31,C1,14091,2,0,15081
1/31/2025,D27,C2,7718,2,60,21621
1/31/2025,D17,C3,6320,3,0,17369
1/31/2025,D46,C4,7253,0,0,20506
1/31/2025,D34,C5,7638,2,60,14196
1/31/2025,D45,C5,6139,2,0,15649
1/31/2025,D23,C6,6568,5,0,20148
1/31/2025,D43,C6,6464,5,0,17106
1/31/2025,D42,C7,10921,0,0,14859
1/31/2025,D32,C8,14261,3,0,12104
1/31/2025,D11,C8,8998,3,40,15140
1/31/2025,D18,C9,12314,0,60,21972
1/31/2025,D4,C9,6157,2,0,17946
1/31/2025,D16,C10,12047,4,0,18069
1/31/2025,D6,C10,12122,2,0,20036
1/31/2025,D32,C11,12007,1,0,20280
1/31/2025,D32,C12,7808,1,60,19320
1/31/2025,D26,C13,12925,5,0,20348
1/31/2025,D6,C14,7285,1,60,21673
1/31/2025,D42,C15,9286,5,0,19063
1/31/2025,D24,C16,14160,3,0,13049
1/31/2025,D4,C16,7925,5,40,23620
1/31/2025,D36,C17,12043,0,60,13755
1/31/2025,D50,C17,6114,3,0,24209
1/31/2025,D8,C18,11162,5,0,20884
1/31/2025,D7,C18,10492,4,0,20244
1/31/2025,D41,C19,6036,4,60,19336
1/31/2025,D19,C19,10047,5,40,18541
1/31/2025,D11,C20,11261,1,40,18843
1/31/2025,D7,C21,9597,4,0,21429
1/31/2025,D17,C21,14896,0,0,23787
1/31/2025,D14,C22,6718,1,60,24116
1/31/2025,D30,C22,13369,4,0,23016
1/31/2025,D49,C23,14625,3,40,19814
1/31/2025,D50,C24,10880,1,0,14394
1/31/2025,D43,C25,9249,4,0,15639
1/31/2025,D38,C25,10507,4,0,22181
2/1/2025,D36,C1,6600,3,0,18441
2/1/2025,D33,C2,9169,0,0,18403
2/1/2025,D50,C2,6408,3,0,18329
2/1/2025,D7,C3,6972,1,60,15266
2/1/2025,D27,C4,14510,3,0,24167
2/1/2025,D39,C4,8463,5,40,21249
2/1/2025,D19,C5,9889,5,0,17359
2/1/2025,D29,C5,11520,0,60,21693
2/1/2025,D45,C6,6896,1,0,13942
2/1/2025,D36,C6,11685,1,0,19753
2/1/2025,D14,C7,7789,3,40,16364
2/1/2025,D44,C8,7637,2,0,14575
2/1/2025,D9,C8,11211,2,0,20612
2/1/2025,D49,C9,9776,4,0,20424
2/1/2025,D44,C10,12887,5,0,21916
2/1/2025,D48,C10,12943,4,0,22563
2/1/2025,D34,C11,11626,1,60,22243
2/1/2025,D10,C12,7981,2,0,21288
2/1/2025,D4,C12,12733,4,0,18187
2/1/2025,D19,C13,7756,3,0,21891
2/1/2025,D4,C14,10393,3,0,22189
2/1/2025,D49,C15,12134,2,0,19920
2/1/2025,D29,C16,8603,3,60,24595
2/1/2025,D7,C16,14261,5,0,19191
2/1/2025,D33,C17,10758,5,0,25430
2/1/2025,D25,C18,11211,5,0,21650
2/1/2025,D36,C19,7158,1,0,14981
2/1/2025,D4,C19,12340,5,0,16884
2/1/2025,D41,C20,7454,0,0,18009
2/1/2025,D50,C21,14998,5,0,12919
2/1/2025,D29,C22,11175,5,40,12146
2/1/2025,D12,C22,10173,5,0,16963
2/1/2025,D25,C23,8676,5,0,17227
2/1/2025,D36,C24,14476,5,0,23788
2/1/2025,D17,C24,14790,1,0,19047
2/1/2025,D22,C25,8143,5,0,20792
2/2/2025,D10,C1,12585,4,0,17480
2/2/2025,D50,C2,9249,5,0,25121
2/2/2025,D37,C3,8003,5,0,19210
2/2/2025,D36,C3,9761,2,0,20752
2/2/2025,D12,C4,6254,5,60,15549
2/2/2025,D27,C5,13973,2,0,21164
2/2/2025,D23,C6,14731,1,0,18301
2/2/2025,D22,C7,9500,0,0,17424
2/2/2025,D24,C7,9829,5,0,15785
2/2/2025,D8,C8,6137,5,0,21002
2/2/2025,D16,C9,6595,0,0,17205
2/2/2025,D42,C9,8045,4,60,19025
2/2/2025,D8,C10,11160,2,60,19207
2/2/2025,D25,C10,10532,3,0,17014
2/2/2025,D32,C11,13916,4,40,21516
2/2/2025,D3,C11,9278,5,60,19929
2/2/2025,D11,C12,7971,5,40,12100
2/2/2025,D14,C13,12362,2,0,15673
2/2/2025,D7,C14,12550,3,60,18481
2/2/2025,D14,C14,12057,4,0,21260
2/2/2025,D2,C15,10027,3,60,14588
2/2/2025,D6,C16,12362,5,60,25022
2/2/2025,D17,C17,9737,2,0,21220
2/2/2025,D17,C18,11181,2,40,22064
2/2/2025,D41,C19,10757,5,40,23434
2/2/2025,D26,C19,13583,3,0,12715
2/2/2025,D35,C20,6701,3,0,25171
2/2/2025,D45,C21,8471,5,0,19282
2/2/2025,D33,C22,12045,5,0,21152
2/2/2025,D7,C22,13237,4,0,18806
2/2/2025,D49,C23,9966,5,0,22611
2/2/2025,D29,C23,10816,3,40,13983
2/2/2025,D11,C24,6020,1,60,17406
2/2/2025,D35,C24,9005,5,0,14697
2/2/2025,D41,C25,8597,0,0,21391
2/2/2025,D10,C25,9418,5,0,16706
2/3/2025,D8,C1,11425,3,60,21183
2/3/2025,D35,C2,7416,5,60,15784
2/3/2025,D36,C2,11819,2,0,14104
2/3/2025,D14,C3,9535,1,0,15293
2/3/2025,D27,C3,12843,4,0,13657
2/3/2025,D40,C4,14958,0,60,16537
2/3/2025,D8,C5,10527,0,40,14822
2/3/2025,D42,C6,7996,0,0,18000
2/3/2025,D36,C6,9223,4,0,18004
2/3/2025,D7,C7,7460,4,0,20954
2/3/2025,D13,C7,12612,1,0,21788
2/3/2025,D9,C8,10447,4,0,22052
2/3/2025,D43,C8,11721,4,0,22948
2/3/2025,D13,C9,14226,4,40,17244
2/3/2025,D22,C10,13364,5,40,20319
2/3/2025,D40,C10,13071,4,0,21623
2/3/2025,D21,C11,7433,5,60,12280
2/3/2025,D28,C11,10211,1,0,15175
2/3/2025,D46,C12,9178,4,0,21584
2/3/2025,D24,C13,7397,2,0,23810
2/3/2025,D9,C13,14308,4,0,24600
2/3/2025,D29,C14,14050,0,40,17441
2/3/2025,D23,C14,7069,1,0,15452
2/3/2025,D42,C15,9941,0,0,14464
2/3/2025,D9,C16,11871,5,0,19130
2/3/2025,D35,C16,13924,4,60,22525
2/3/2025,D2,C17,8423,0,0,24631
2/3/2025,D50,C18,14459,4,60,15501
2/3/2025,D38,C18,7428,2,40,20496
2/3/2025,D42,C19,8192,0,0,14670
2/3/2025,D50,C19,8687,5,60,17688
2/3/2025,D9,C20,6616,5,0,19973
2/3/2025,D30,C20,8582,5,0,16357
2/3/2025,D43,C21,8836,0,60,18046
2/3/2025,D29,C22,11937,2,0,21161
2/3/2025,D48,C23,14276,0,0,22662
2/3/2025,D3,C24,9745,4,60,23733
2/3/2025,D15,C24,14850,3,0,16529
2/3/2025,D24,C25,11775,1,40,17562
2/3/2025,D15,C25,9813,2,40,16703
2/4/2025,D31,C1,14233,0,0,21986
2/4/2025,D30,C1,13340,5,60,11524
2/4/2025,D46,C2,9320,0,0,22370
2/4/2025,D38,C3,10343,3,0,18745
2/4/2025,D35,C3,14621,2,0,14859
2/4/2025,D38,C4,9965,1,60,19891
2/4/2025,D42,C4,11546,2,0,19068
2/4/2025,D15,C5,12744,2,60,19017
2/4/2025,D34,C5,9914,1,40,20190
2/4/2025,D31,C6,8723,3,60,17489
2/4/2025,D39,C6,6390,0,0,19534
2/4/2025,D5,C7,13663,5,0,16584
2/4/2025,D10,C8,9257,0,60,16035
2/4/2025,D39,C9,11343,3,40,20892
2/4/2025,D46,C9,10002,2,40,17005
2/4/2025,D22,C10,10027,1,40,15098
2/4/2025,D47,C10,7087,0,0,22921
2/4/2025,D14,C11,9903,4,0,17742
2/4/2025,D38,C11,14264,0,40,18128
2/4/2025,D9,C12,9778,3,60,15144
2/4/2025,D41,C13,10781,0,60,16176
2/4/2025,D4,C14,7393,4,0,13202
2/4/2025,D34,C15,11357,1,40,18387
2/4/2025,D6,C16,12949,3,60,21469
2/4/2025,D14,C16,9863,5,40,18873
2/4/2025,D15,C17,6593,5,0,21355
2/4/2025,D38,C18,13058,2,0,24888
2/4/2025,D11,C19,7156,5,60,17144
2/4/2025,D47,C19,14390,3,0,20768
2/4/2025,D15,C20,6019,2,0,20166
2/4/2025,D7,C21,7432,2,60,19035
2/4/2025,D10,C22,14875,5,0,14476
2/4/2025,D39,C22,10420,3,60,17917
2/4/2025,D6,C23,7976,0,0,14749
2/4/2025,D50,C24,13123,4,0,17601
2/4/2025,D24,C25,14990,5,60,16824
2/4/2025,D3,C25,12628,2,0,16085
2/5/2025,D23,C1,11120,0,0,20358
2/5/2025,D38,C1,12990,4,0,17660
2/5/2025,D31,C2,11268,1,0,20204
2/5/2025,D50,C2,13034,0,0,16162
2/5/2025,D13,C3,7084,0,0,13417
2/5/2025,D1,C3,11876,5,60,20806
2/5/2025,D25,C4,9572,1,0,14452
2/5/2025,D27,C5,12912,0,0,15985
2/5/2025,D24,C5,13830,1,0,23183
2/5/2025,D35,C6,8479,4,40,15147
2/5/2025,D28,C6,10539,0,60,16622
2/5/2025,D49,C7,11813,3,0,17939
2/5/2025,D14,C7,6753,0,0,16235
2/5/2025,D17,C8,6773,1,60,13117
2/5/2025,D20,C8,9113,5,0,16386
2/5/2025,D43,C9,7426,4,0,14353
2/5/2025,D45,C10,9512,3,60,21438
2/5/2025,D11,C10,9968,5,60,23721
2/5/2025,D36,C11,10864,1,0,23283
2/5/2025,D40,C11,7032,4,0,18594
2/5/2025,D6,C12,8345,5,0,22626
2/5/2025,D39,C13,12170,1,0,15365
2/5/2025,D28,C13,7262,1,60,14975
2/5/2025,D6,C14,7237,4,60,21608
2/5/2025,D39,C14,10805,2,0,15170
2/5/2025,D46,C15,7740,5,0,23239
2/5/2025,D39,C15,6491,5,0,21520
2/5/2025,D1,C16,10181,0,60,18913
2/5/2025,D13,C16,12133,0,0,20227
2/5/2025,D40,C17,6926,1,0,22357
2/5/2025,D16,C18,10291,4,40,15534
2/5/2025,D42,C18,10807,4,0,21860
2/5/2025,D23,C19,11172,0,60,24390
2/5/2025,D43,C19,10070,1,60,18376
2/5/2025,D48,C20,12190,3,60,14237
2/5/2025,D36,C21,7437,1,40,21704
2/5/2025,D18,C22,8852,0,0,17688
2/5/2025,D15,C22,7013,3,60,20916
2/5/2025,D17,C23,9735,2,0,19810
2/5/2025,D36,C24,12129,4,0,23928
2/5/2025,D8,C25,9532,1,0,21481
2/5/2025,D33,C25,11318,2,0,16252
2/6/2025,D37,C1,14525,4,0,23653
2/6/2025,D31,C1,7621,2,0,15807
2/6/2025,D44,C2,7200,4,0,16629
2/6/2025,D30,C2,12490,2,60,17560
2/6/2025,D5,C3,14942,5,0,21459
2/6/2025,D25,C3,12159,5,0,16155
2/6/2025,D27,C4,13468,5,0,21259
2/6/2025,D23,C4,13849,5,0,23947
2/6/2025,D19,C5,14430,2,60,17734
2/6/2025,D5,C6,7470,5,60,22061
2/6/2025,D36,C6,8814,5,40,18159
2/6/2025,D14,C7,14730,1,0,18344
2/6/2025,D37,C7,9746,4,0,19446
2/6/2025,D48,C8,8149,2,0,17214
2/6/2025,D13,C8,10367,4,0,13168
2/6/2025,D15,C9,8286,1,0,18242
2/6/2025,D10,C10,11507,3,40,21345
2/6/2025,D50,C10,12135,4,0,19789
2/6/2025,D40,C11,10788,3,0,14352
2/6/2025,D1,C11,8978,4,0,16903
2/6/2025,D40,C12,10009,3,60,20437
2/6/2025,D21,C12,8309,1,0,16075
2/6/2025,D26,C13,14622,2,40,16493
2/6/2025,D15,C13,11903,4,0,21053
2/6/2025,D35,C14,9610,5,40,22996
2/6/2025,D3,C14,11670,0,0,14052
2/6/2025,D8,C15,8117,1,60,18503
2/6/2025,D45,C15,7955,0,0,20505
2/6/2025,D44,C16,7194,0,0,15541
2/6/2025,D21,C17,12474,2,60,13418
2/6/2025,D36,C18,9445,4,0,22016
2/6/2025,D31,C19,14527,5,40,15063
2/6/2025,D40,C19,11723,5,60,15280
2/6/2025,D14,C20,6478,0,40,15683
2/6/2025,D27,C20,12241,4,60,16394
2/6/2025,D29,C21,10481,1,0,24118
2/6/2025,D12,C21,6996,0,0,21794
2/6/2025,D47,C22,11317,0,0,22959
2/6/2025,D25,C23,9330,0,40,21056
2/6/2025,D13,C23,11783,2,40,20395
2/6/2025,D27,C24,14851,4,40,21181
2/6/2025,D32,C25,7947,2,0,15247
2/6/2025,D20,C25,8780,2,0,12416
2/7/2025,D4,C1,14659,0,0,22282
2/7/2025,D41,C2,8554,4,40,20413
2/7/2025,D7,C2,11899,3,0,21039
2/7/2025,D36,C3,10845,5,60,17480
2/7/2025,D17,C3,6542,5,0,17914
2/7/2025,D44,C4,13746,4,40,18450
2/7/2025,D39,C4,11716,5,0,23384
2/7/2025,D21,C5,6980,3,0,19252
2/7/2025,D44,C5,14123,0,60,19005
2/7/2025,D25,C6,10349,0,0,18397
2/7/2025,D41,C7,6147,3,0,17999
2/7/2025,D10,C7,10420,1,40,14679
2/7/2025,D41,C8,9571,5,0,19026
2/7/2025,D40,C8,8065,1,0,22722
2/7/2025,D11,C9,10136,0,40,22069
2/7/2025,D21,C10,14368,1,0,16066
2/7/2025,D42,C10,6954,3,60,13677
2/7/2025,D29,C11,14155,1,0,21650
2/7/2025,D50,C11,10221,1,0,21033
2/7/2025,D11,C12,8724,4,0,16337
2/7/2025,D12,C12,7797,4,0,14989
2/7/2025,D48,C13,7200,5,60,21435
2/7/2025,D45,C13,13859,0,0,15085
2/7/2025,D7,C14,13152,1,60,24176
2/7/2025,D5,C14,7492,4,40,16874
2/7/2025,D50,C15,14476,3,60,22672
2/7/2025,D17,C16,9255,5,0,16995
2/7/2025,D42,C17,10808,1,0,24092
2/7/2025,D15,C18,15000,3,60,23268
2/7/2025,D16,C18,10241,1,0,18497
2/7/2025,D34,C19,13737,4,40,24164
2/7/2025,D3,C20,7398,1,40,20434
2/7/2025,D31,C21,14316,1,0,18466
2/7/2025,D30,C21,9051,2,0,22932
2/7/2025,D45,C22,8364,2,60,21651
2/7/2025,D41,C23,11035,3,0,16038
2/7/2025,D48,C23,9315,5,0,17790
2/7/2025,D31,C24,9087,2,0,21124
2/7/2025,D35,C24,13603,4,40,15654
2/7/2025,D27,C25,11099,4,0,17548
2/7/2025,D17,C25,6960,5,0,25781
2/8/2025,D23,C1,14819,3,60,15035
2/8/2025,D45,C2,10453,1,0,12620
2/8/2025,D20,C3,8973,2,0,15852
2/8/2025,D1,C3,8533,3,0,15628
2/8/2025,D1,C4,9848,3,0,16621
2/8/2025,D27,C5,9984,2,0,14335
2/8/2025,D16,C6,14882,2,40,18899
2/8/2025,D11,C6,12705,1,0,21325
2/8/2025,D17,C7,11907,2,0,22482
2/8/2025,D34,C8,13430,4,0,19325
2/8/2025,D42,C9,7257,0,60,19167
2/8/2025,D48,C9,13199,2,60,16393
2/8/2025,D12,C10,13634,5,0,23726
2/8/2025,D41,C11,8997,5,0,22255
2/8/2025,D45,C12,13089,2,0,23379
2/8/2025,D40,C12,12279,5,0,22387
2/8/2025,D4,C13,6084,1,60,14663
2/8/2025,D7,C14,9016,1,0,22214
2/8/2025,D46,C15,7845,2,0,23253
2/8/2025,D6,C16,9429,1,40,16930
2/8/2025,D14,C17,6782,0,0,19325
2/8/2025,D22,C17,13431,4,40,21023
2/8/2025,D30,C18,9253,5,60,20342
2/8/2025,D45,C18,7400,0,0,24977
2/8/2025,D4,C19,6760,1,0,24665
2/8/2025,D35,C20,9546,5,0,19201
2/8/2025,D17,C21,6320,4,0,19290
2/8/2025,D8,C22,12401,3,40,22585
2/8/2025,D50,C23,6320,4,0,24399
2/8/2025,D29,C23,12526,3,60,17210
2/8/2025,D34,C24,6112,0,0,14503
2/8/2025,D25,C25,12600,4,40,13497
2/8/2025,D44,C25,9383,5,40,17027
2/9/2025,D17,C1,6250,5,0,18988
2/9/2025,D24,C2,9683,2,40,23227
2/9/2025,D8,C3,10747,2,0,17162
2/9/2025,D1,C4,6873,3,60,18599
2/9/2025,D11,C4,6465,4,40,20886
2/9/2025,D16,C5,10203,5,60,13812
2/9/2025,D1,C5,8411,5,60,22196
2/9/2025,D50,C6,12873,0,40,13105
2/9/2025,D6,C6,12296,2,0,16662
2/9/2025,D49,C7,14038,5,0,16367
2/9/2025,D41,C7,8423,2,40,15834
2/9/2025,D9,C8,6835,3,60,22968
2/9/2025,D36,C9,14972,0,0,12774
2/9/2025,D42,C9,8828,0,0,24659
2/9/2025,D2,C10,9264,3,0,24276
2/9/2025,D47,C11,14375,0,40,16066
2/9/2025,D9,C11,6726,3,0,21397
2/9/2025,D35,C12,14373,2,0,19432
2/9/2025,D45,C12,6125,2,60,21497
2/9/2025,D21,C13,11003,2,0,18357
2/9/2025,D47,C13,6074,0,0,21191
2/9/2025,D34,C14,9518,1,0,16134
2/9/2025,D17,C15,6060,5,0,24015
2/9/2025,D35,C15,7083,3,0,19488
2/9/2025,D2,C16,10381,0,60,21395
2/9/2025,D21,C17,12672,3,0,21797
2/9/2025,D13,C18,8243,5,0,19051
2/9/2025,D34,C18,10985,5,60,13302
2/9/2025,D21,C19,10675,4,0,24252
2/9/2025,D27,C19,7318,0,40,18103
2/9/2025,D3,C20,12264,3,0,17471
2/9/2025,D3,C21,9742,4,40,14638
2/9/2025,D13,C22,12081,0,60,16942
2/9/2025,D7,C22,12004,5,40,15291
2/9/2025,D4,C23,12240,5,60,16303
2/9/2025,D24,C23,13612,1,0,19131
2/9/2025,D6,C24,6104,1,40,17582
2/9/2025,D30,C24,11671,5,0,17804
2/9/2025,D46,C25,8100,4,40,15989
2/9/2025,D4,C25,12462,2,0,20925
2/10/2025,D20,C1,11632,4,60,17815
2/10/2025,D7,C2,7187,3,0,18797
2/10/2025,D13,C3,14282,1,40,22606
2/10/2025,D34,C3,14925,2,60,14896
2/10/2025,D48,C4,8688,3,40,18402
2/10/2025,D7,C4,6858,4,0,24666
2/10/2025,D7,C5,11934,4,40,19656
2/10/2025,D11,C5,12927,5,0,25806
2/10/2025,D43,C6,12199,1,0,20758
2/10/2025,D11,C6,6930,3,0,17494
2/10/2025,D36,C7,14672,3,60,22543
2/10/2025,D21,C7,14925,4,0,15331
2/10/2025,D39,C8,9704,3,0,23764
2/10/2025,D16,C8,12883,3,0,16278
2/10/2025,D29,C9,10231,0,0,19337
2/10/2025,D26,C9,11974,5,40,19041
2/10/2025,D20,C10,12814,5,40,13490
2/10/2025,D14,C11,7928,2,0,19494
2/10/2025,D50,C12,6123,4,0,15583
2/10/2025,D7,C13,9021,4,40,20525
2/10/2025,D10,C14,12585,4,0,25894
2/10/2025,D9,C14,10208,2,0,17423
2/10/2025,D17,C15,12844,3,0,20251
2/10/2025,D37,C16,9113,1,0,18950
2/10/2025,D47,C17,13538,0,0,24028
2/10/2025,D32,C18,9639,4,0,20908
2/10/2025,D3,C19,6810,1,0,16038
2/10/2025,D47,C19,13375,5,40,17099
2/10/2025,D23,C20,9454,1,0,13015
2/10/2025,D28,C20,8101,2,0,21943
2/10/2025,D41,C21,14923,1,40,17496
2/10/2025,D20,C22,13534,1,60,17881
2/10/2025,D35,C23,8360,5,60,17405
2/10/2025,D37,C23,10265,4,60,21495
2/10/2025,D4,C24,6706,1,0,19631
2/10/2025,D49,C25,6865,0,0,24827
2/10/2025,D39,C25,8966,3,0,21812
2/11/2025,D26,C1,13065,5,40,15927
2/11/2025,D10,C1,10628,2,0,19028
2/11/2025,D36,C2,8061,2,0,20954
2/11/2025,D26,C3,10160,2,40,20812
2/11/2025,D49,C4,14345,4,60,23295
2/11/2025,D32,C5,6696,0,0,15633
2/11/2025,D16,C6,7729,2,0,18869
2/11/2025,D21,C7,12291,0,40,20740
2/11/2025,D44,C7,7208,1,0,26755
2/11/2025,D24,C8,8219,2,60,23734
2/11/2025,D23,C8,7292,3,60,20048
2/11/2025,D11,C9,10033,1,0,21665
2/11/2025,D23,C9,13073,1,0,25859
2/11/2025,D3,C10,10937,2,0,22739
2/11/2025,D15,C10,6768,3,0,18619
2/11/2025,D48,C11,10052,5,40,15928
2/11/2025,D19,C12,14712,4,0,21507
2/11/2025,D20,C13,10637,2,0,14580
2/11/2025,D22,C14,14843,4,0,23849
2/11/2025,D35,C15,8547,5,40,16186
2/11/2025,D40,C16,8033,5,0,23639
2/11/2025,D47,C16,14264,1,0,25661
2/11/2025,D11,C17,12368,0,0,22322
2/11/2025,D4,C17,13911,2,60,20430
2/11/2025,D30,C18,12065,5,60,20189
2/11/2025,D25,C19,12119,2,60,21658
2/11/2025,D7,C20,11988,1,40,15679
2/11/2025,D2,C20,13290,3,40,26226
2/11/2025,D21,C21,7973,4,0,16876
2/11/2025,D13,C22,12239,3,40,24007
2/11/2025,D3,C23,7836,0,0,24849
2/11/2025,D32,C24,12091,5,0,15725
2/11/2025,D26,C24,12645,0,60,16581
2/11/2025,D23,C25,6931,2,0,18646
2/11/2025,D41,C25,6509,3,0,21457
2/12/2025,D41,C1,9182,1,0,21970
2/12/2025,D36,C2,12137,2,0,16657
2/12/2025,D10,C3,6054,1,60,16355
2/12/2025,D6,C4,7829,0,0,20092
2/12/2025,D27,C5,9613,3,0,19976
2/12/2025,D20,C6,6737,4,40,16083
2/12/2025,D39,C6,7477,5,0,16358
2/12/2025,D42,C7,11440,3,40,19809
2/12/2025,D20,C8,8773,2,40,14656
2/12/2025,D50,C9,10732,0,0,18315
2/12/2025,D10,C9,13440,3,60,17959
2/12/2025,D12,C10,11425,2,40,17790
2/12/2025,D49,C11,8568,5,40,22443
2/12/2025,D20,C12,13853,2,40,20355
2/12/2025,D29,C12,14381,4,0,19469
2/12/2025,D9,C13,9349,3,0,13615
2/12/2025,D39,C14,6603,1,0,21438
2/12/2025,D37,C14,6888,4,0,16014
2/12/2025,D44,C15,9161,3,0,22316
2/12/2025,D45,C16,12486,0,0,16792
2/12/2025,D33,C17,11539,0,60,17224
2/12/2025,D12,C18,11568,2,0,13909
2/12/2025,D25,C18,6431,0,40,22196
2/12/2025,D15,C19,14444,5,0,15004
2/12/2025,D18,C20,10032,0,0,17747
2/12/2025,D48,C21,12285,4,60,12280
2/12/2025,D5,C22,8828,4,40,15048
2/12/2025,D45,C23,14727,1,0,16872
2/12/2025,D21,C23,10943,0,0,18541
2/12/2025,D26,C24,14188,1,40,18620
2/12/2025,D50,C24,8535,2,0,22252
2/12/2025,D40,C25,12633,2,60,20495
2/12/2025,D48,C25,6240,1,0,23000
2/13/2025,D30,C1,10537,3,0,16951
2/13/2025,D3,C1,10740,0,60,14824
2/13/2025,D36,C2,11118,0,60,22172
2/13/2025,D19,C3,9117,1,0,21114
2/13/2025,D50,C4,12705,3,60,14755
2/13/2025,D19,C4,13289,3,0,14878
2/13/2025,D45,C5,6970,1,0,23184
2/13/2025,D42,C6,14303,4,40,20276
2/13/2025,D29,C6,8254,4,60,17677
2/13/2025,D27,C7,14235,5,0,16138
2/13/2025,D21,C7,7784,1,60,15721
2/13/2025,D30,C8,12553,5,0,21096
2/13/2025,D45,C9,13212,0,0,17015
2/13/2025,D42,C9,14926,0,40,21152
2/13/2025,D8,C10,14099,0,0,24965
2/13/2025,D6,C11,13717,5,40,25498
2/13/2025,D34,C11,13442,5,0,24222
2/13/2025,D36,C12,14856,1,60,21278
2/13/2025,D25,C12,14395,5,60,15867
2/13/2025,D11,C13,6273,4,0,24364
2/13/2025,D50,C14,14094,4,40,20405
2/13/2025,D20,C15,13941,2,40,21670
2/13/2025,D47,C15,10184,5,0,22887
2/13/2025,D9,C16,10671,2,60,24363
2/13/2025,D1,C17,13706,1,60,22468
2/13/2025,D30,C17,7708,4,60,13881
2/13/2025,D16,C18,13459,5,40,15091
2/13/2025,D14,C18,12024,5,0,20022
2/13/2025,D6,C19,6419,3,60,22091
2/13/2025,D39,C19,7435,5,40,20283
2/13/2025,D4,C20,8151,5,0,15674
2/13/2025,D42,C21,13323,2,0,26278
2/13/2025,D3,C22,14945,2,0,15881
2/13/2025,D6,C23,9017,1,0,17186
2/13/2025,D4,C23,12684,1,60,20305
2/13/2025,D40,C24,6523,0,0,16850
2/13/2025,D43,C24,9221,3,0,18362
2/13/2025,D6,C25,7328,0,0,20651
2/14/2025,D24,C1,10481,3,40,14915
2/14/2025,D25,C1,10856,1,40,14021
2/14/2025,D19,C2,8165,1,60,16955
2/14/2025,D45,C3,13352,2,60,26440
2/14/2025,D34,C4,12309,3,0,23317
2/14/2025,D27,C4,14624,5,0,15859
2/14/2025,D7,C5,6771,1,60,25745
2/14/2025,D47,C6,8015,3,60,23231
2/14/2025,D45,C6,14730,4,0,20224
2/14/2025,D34,C7,14528,2,0,22752
2/14/2025,D37,C7,14950,2,0,20076
2/14/2025,D34,C8,9176,0,0,19020
2/14/2025,D47,C8,9715,2,0,19016
2/14/2025,D46,C9,6033,4,0,20722
2/14/2025,D8,C10,8623,2,0,19872
2/14/2025,D48,C11,14686,3,60,15053
2/14/2025,D27,C12,10474,2,40,13681
2/14/2025,D3,C12,7461,5,0,21083
2/14/2025,D41,C13,14233,4,0,18176
2/14/2025,D5,C14,8514,3,40,20697
2/14/2025,D20,C14,13266,4,0,24077
2/14/2025,D44,C15,7188,5,0,19249
2/14/2025,D47,C16,10598,2,0,18641
2/14/2025,D37,C16,8417,5,0,14620
2/14/2025,D22,C17,8384,3,0,21186
2/14/2025,D31,C18,6994,1,60,12763
2/14/2025,D3,C18,10151,4,0,18159
2/14/2025,D35,C19,13268,2,0,14744
2/14/2025,D22,C19,8047,2,0,19221
2/14/2025,D37,C20,12340,4,0,19693
2/14/2025,D47,C20,10757,0,0,14961
2/14/2025,D37,C21,9585,5,0,22003
2/14/2025,D5,C22,14511,4,60,22981
2/14/2025,D10,C22,12156,0,60,21540
2/14/2025,D37,C23,11635,1,40,24963
2/14/2025,D39,C24,10489,3,0,15676
2/14/2025,D46,C25,8221,3,0,16222
2/14/2025,D3,C25,10966,1,0,20926
2/15/2025,D24,C1,6161,1,0,22043
2/15/2025,D34,C2,8049,5,60,19001
2/15/2025,D24,C3,14752,5,40,18707
2/15/2025,D6,C4,7142,0,40,18163
2/15/2025,D33,C5,9986,3,60,18231
2/15/2025,D10,C5,11220,4,0,18855
2/15/2025,D50,C6,14528,2,0,16759
2/15/2025,D21,C6,9917,2,0,24414
2/15/2025,D47,C7,10988,0,40,13390
2/15/2025,D46,C8,9450,1,60,18954
2/15/2025,D34,C8,10961,4,0,21969
2/15/2025,D22,C9,7340,1,0,16315
2/15/2025,D34,C10,8158,1,0,21414
2/15/2025,D37,C11,10073,5,60,21739
2/15/2025,D21,C12,11968,3,60,17906
2/15/2025,D18,C13,10768,1,60,21824
2/15/2025,D35,C13,12693,5,0,13396
2/15/2025,D10,C14,7085,4,0,23807
2/15/2025,D11,C14,13791,2,0,23866
2/15/2025,D35,C15,14965,4,0,13972
2/15/2025,D10,C16,12533,3,40,19596
2/15/2025,D46,C16,14065,2,0,19840
2/15/2025,D5,C17,6172,0,60,21593
2/15/2025,D4,C18,11617,3,0,14747
2/15/2025,D9,C18,12831,5,60,15982
2/15/2025,D25,C19,14963,3,0,17323
2/15/2025,D26,C20,11972,5,0,14021
2/15/2025,D12,C20,10172,0,0,16397
2/15/2025,D22,C21,11181,1,0,22845
2/15/2025,D13,C21,7849,3,0,25069
2/15/2025,D6,C22,7800,4,0,15786
2/15/2025,D30,C23,11991,0,0,17531
2/15/2025,D15,C24,11394,5,40,16115
2/15/2025,D10,C24,10814,1,0,18576
2/15/2025,D12,C25,10271,2,60,22547
2/15/2025,D45,C25,12933,0,40,17451
2/16/2025,D32,C1,13340,3,0,17236
2/16/2025,D2,C1,14245,5,0,24559
2/16/2025,D30,C2,13928,3,40,22483
2/16/2025,D11,C2,13663,5,60,21406
2/16/2025,D26,C3,10589,2,0,15419
2/16/2025,D36,C4,6254,1,0,25553
2/16/2025,D42,C4,8680,3,0,22178
2/16/2025,D38,C5,11044,2,40,16822
2/16/2025,D27,C5,7117,2,0,23164
2/16/2025,D25,C6,9394,2,40,18682
2/16/2025,D5,C6,8481,5,0,23629
2/16/2025,D37,C7,12374,1,0,26921
2/16/2025,D22,C7,9227,3,40,19588
2/16/2025,D8,C8,6088,3,0,18623
2/16/2025,D38,C8,12765,2,0,21649
2/16/2025,D12,C9,6814,2,0,24070
2/16/2025,D20,C9,12817,5,0,23291
2/16/2025,D21,C10,7475,4,0,15621
2/16/2025,D32,C10,9256,2,0,20099
2/16/2025,D38,C11,11625,1,0,14416
2/16/2025,D43,C12,6000,4,60,17400
2/16/2025,D25,C13,11039,2,0,15668
2/16/2025,D40,C13,8163,1,0,22795
2/16/2025,D20,C14,8588,5,0,24782
2/16/2025,D37,C14,8354,1,0,20753
2/16/2025,D6,C15,13582,5,0,18229
2/16/2025,D38,C15,12536,5,0,27503
2/16/2025,D4,C16,10284,0,0,20923
2/16/2025,D24,C16,9869,4,60,18475
2/16/2025,D19,C17,6613,4,60,13591
2/16/2025,D28,C18,7194,5,0,18223
2/16/2025,D46,C19,8029,3,0,26343
2/16/2025,D25,C19,9438,3,0,16255
2/16/2025,D31,C20,6528,5,0,15883
2/16/2025,D24,C21,6669,4,0,18390
2/16/2025,D27,C21,10184,1,40,23171
2/16/2025,D1,C22,8272,5,0,17737
2/16/2025,D47,C23,10520,3,0,25900
2/16/2025,D9,C24,7692,5,60,25366
2/16/2025,D6,C24,10324,1,0,20530
2/16/2025,D40,C25,9774,5,40,26472
2/16/2025,D12,C25,12995,4,0,16312
2/17/2025,D23,C1,6035,0,0,16783
2/17/2025,D15,C1,6069,4,0,15493
2/17/2025,D47,C2,14939,0,40,18797
2/17/2025,D16,C2,14342,4,60,16901
2/17/2025,D3,C3,14810,5,0,17556
2/17/2025,D8,C4,13104,2,0,18995
2/17/2025,D38,C4,7016,4,40,16145
2/17/2025,D34,C5,11773,4,0,21671
2/17/2025,D6,C5,8948,1,40,14858
2/17/2025,D44,C6,12020,3,60,20959
2/17/2025,D22,C7,10168,2,0,20547
2/17/2025,D30,C8,6820,2,40,18489
2/17/2025,D33,C8,7583,1,0,18293
2/17/2025,D23,C9,6040,4,60,13353
2/17/2025,D19,C9,13672,3,0,22078
2/17/2025,D4,C10,7331,0,0,18302
2/17/2025,D41,C10,7203,4,0,18213
2/17/2025,D48,C11,13241,1,60,23332
2/17/2025,D40,C11,10200,1,40,18029
2/17/2025,D33,C12,12306,5,0,20249
2/17/2025,D9,C13,14322,4,0,16314
2/17/2025,D40,C13,9849,5,0,16770
2/17/2025,D48,C14,10238,3,0,21704
2/17/2025,D43,C15,12614,3,40,14396
2/17/2025,D17,C16,11231,4,60,19921
2/17/2025,D12,C17,6138,1,0,13686
2/17/2025,D34,C17,9229,0,0,20375
2/17/2025,D39,C18,11136,3,0,19328
2/17/2025,D49,C19,6933,4,0,21511
2/17/2025,D27,C19,12067,3,0,25231
2/17/2025,D14,C20,9871,1,0,17613
2/17/2025,D42,C21,9883,0,60,23182
2/17/2025,D11,C22,6188,0,40,15071
2/17/2025,D20,C23,9179,1,40,23091
2/17/2025,D31,C23,8071,5,0,19390
2/17/2025,D17,C24,10089,3,0,22351
2/17/2025,D10,C24,12465,4,40,18798
2/17/2025,D25,C25,14448,5,0,18010
2/17/2025,D44,C25,9034,5,40,18079
2/18/2025,D40,C1,9013,4,0,16784
2/18/2025,D42,C1,8099,3,0,14490
2/18/2025,D7,C2,8502,1,40,20886
2/18/2025,D17,C2,10783,1,0,28349
2/18/2025,D34,C3,9226,3,0,16026
2/18/2025,D36,C4,12695,3,40,16528
2/18/2025,D1,C4,13628,5,0,17248
2/18/2025,D27,C5,6302,3,0,19441
2/18/2025,D23,C6,7393,1,0,25981
2/18/2025,D15,C6,13676,5,0,22013
2/18/2025,D2,C7,9633,0,0,15215
2/18/2025,D39,C8,8896,0,0,22064
2/18/2025,D46,C9,13982,4,0,14969
2/18/2025,D25,C10,9106,2,0,21749
2/18/2025,D45,C11,9509,0,0,18802
2/18/2025,D30,C12,10384,5,0,21523
2/18/2025,D43,C12,11705,4,0,24168
2/18/2025,D50,C13,10321,0,0,21611
2/18/2025,D28,C13,10645,0,0,17594
2/18/2025,D18,C14,13622,4,60,26304
2/18/2025,D25,C15,13480,2,0,17613
2/18/2025,D22,C15,10955,0,0,21656
2/18/2025,D29,C16,12307,5,40,17921
2/18/2025,D40,C17,13009,4,0,18861
2/18/2025,D7,C18,12158,3,0,22858
2/18/2025,D10,C18,13982,3,0,27564
2/18/2025,D46,C19,6267,4,0,22053
2/18/2025,D17,C19,8303,1,60,15949
2/18/2025,D50,C20,14006,5,40,16702
2/18/2025,D29,C20,11650,3,40,18903
2/18/2025,D43,C21,13111,0,0,18698
2/18/2025,D45,C22,11415,2,0,18073
2/18/2025,D33,C23,7873,1,60,23058
2/18/2025,D28,C24,12310,2,60,17464
2/18/2025,D26,C24,11879,1,60,19253
2/18/2025,D25,C25,11572,1,0,18904
2/19/2025,D37,C1,8826,0,0,13435
2/19/2025,D44,C2,11199,1,40,22350
2/19/2025,D20,C2,11143,3,0,23517
2/19/2025,D35,C3,8931,3,60,22512
2/19/2025,D22,C3,7698,0,0,26390
2/19/2025,D12,C4,12628,3,0,22375
2/19/2025,D43,C5,11283,2,0,19371
2/19/2025,D13,C5,9642,2,60,22556
2/19/2025,D32,C6,6365,5,0,18592
2/19/2025,D6,C6,13017,3,0,21223
2/19/2025,D3,C7,12731,1,40,13681
2/19/2025,D32,C8,6056,0,0,20236
2/19/2025,D32,C9,11794,4,40,25762
2/19/2025,D35,C9,7022,2,0,21425
2/19/2025,D4,C10,12069,5,0,18177
2/19/2025,D22,C10,10644,1,0,17388
2/19/2025,D42,C11,6669,4,40,22451
2/19/2025,D48,C12,13779,0,0,15752
2/19/2025,D3,C13,8837,0,60,18932
2/19/2025,D42,C14,11681,5,0,18106
2/19/2025,D2,C14,12952,1,0,18686
2/19/2025,D12,C15,11150,2,60,18265
2/19/2025,D7,C16,8062,2,40,14639
2/19/2025,D30,C16,12601,1,0,20264
2/19/2025,D8,C17,14915,0,0,21062
2/19/2025,D13,C18,9078,3,60,25688
2/19/2025,D21,C19,6444,1,0,20214
2/19/2025,D8,C19,6137,4,0,20133
2/19/2025,D38,C20,6739,2,0,16331
2/19/2025,D8,C21,13334,4,60,21726
2/19/2025,D11,C22,14643,1,0,16608
2/19/2025,D45,C22,6155,3,0,18615
2/19/2025,D9,C23,7273,0,40,18468
2/19/2025,D2,C24,8577,2,0,21988
2/19/2025,D1,C25,14928,2,0,20443
2/20/2025,D46,C1,6549,0,0,24732
2/20/2025,D45,C2,10800,5,60,19335
2/20/2025,D50,C2,7110,3,0,14623
2/20/2025,D34,C3,7618,5,40,23971
2/20/2025,D29,C3,14455,0,60,18032
2/20/2025,D39,C4,12016,4,0,23442
2/20/2025,D41,C5,7033,5,0,16028
2/20/2025,D27,C6,6807,3,0,19939
2/20/2025,D1,C6,7523,0,40,17995
2/20/2025,D40,C7,6926,5,40,23080
2/20/2025,D50,C8,12529,1,0,22543
2/20/2025,D41,C8,10270,2,0,19091
2/20/2025,D8,C9,10790,2,60,18823
2/20/2025,D32,C10,13832,2,0,14849
2/20/2025,D12,C10,13023,0,40,15962
2/20/2025,D14,C11,14375,0,0,21493
2/20/2025,D28,C11,13241,5,0,26150
2/20/2025,D7,C12,10078,4,0,22330
2/20/2025,D11,C13,6831,3,0,16967
2/20/2025,D33,C14,11664,4,0,22638
2/20/2025,D8,C14,7199,2,40,23613
2/20/2025,D27,C15,9661,4,0,19981
2/20/2025,D13,C15,7535,5,0,20969
2/20/2025,D15,C16,14092,1,0,15438
2/20/2025,D7,C16,14161,1,0,14518
2/20/2025,D15,C17,9679,5,0,25790
2/20/2025,D5,C17,11593,5,0,15533
2/20/2025,D14,C18,12410,2,0,20254
2/20/2025,D25,C19,8820,3,40,27379
2/20/2025,D47,C20,13547,3,0,23535
2/20/2025,D13,C20,8287,0,0,17787
2/20/2025,D9,C21,7173,5,40,21718
2/20/2025,D3,C21,8447,3,60,21288
2/20/2025,D30,C22,10704,1,0,20964
2/20/2025,D49,C23,11285,2,0,17729
2/20/2025,D39,C24,14767,4,40,12116
2/20/2025,D11,C24,13759,4,40,21464
2/20/2025,D27,C25,14423,1,0,17587
2/21/2025,D38,C1,14663,2,0,21332
2/21/2025,D1,C2,12788,3,40,15578
2/21/2025,D47,C2,6818,2,60,24202
2/21/2025,D38,C3,11169,1,40,19290
2/21/2025,D15,C3,11502,1,0,17594
2/21/2025,D3,C4,8479,0,60,28273
2/21/2025,D31,C4,9490,3,60,17542
2/21/2025,D45,C5,8825,5,0,24291
2/21/2025,D7,C5,14628,5,0,25249
2/21/2025,D45,C6,6109,5,60,17459
2/21/2025,D9,C7,12608,3,0,21715
2/21/2025,D42,C8,13043,2,60,21147
2/21/2025,D43,C9,7760,4,60,17252
2/21/2025,D20,C9,9549,0,0,20481
2/21/2025,D30,C10,6968,4,0,16133
2/21/2025,D50,C10,6308,4,0,21459
2/21/2025,D46,C11,9206,3,0,24339
2/21/2025,D41,C11,12215,3,0,17179
2/21/2025,D19,C12,7315,1,0,23540
2/21/2025,D44,C13,13574,4,60,22472
2/21/2025,D33,C14,9359,5,0,18986
2/21/2025,D8,C15,13547,0,40,19720
2/21/2025,D40,C16,6752,0,60,23216
2/21/2025,D3,C16,12726,5,60,25662
2/21/2025,D9,C17,6466,2,0,24073
2/21/2025,D42,C18,9132,1,0,21336
2/21/2025,D21,C19,9994,4,60,22407
2/21/2025,D18,C20,11692,2,40,21691
2/21/2025,D4,C20,11720,4,0,21322
2/21/2025,D33,C21,10814,5,0,20491
2/21/2025,D34,C21,6543,1,60,18752
2/21/2025,D40,C22,14514,5,0,15418
2/21/2025,D24,C22,12525,0,0,22604
2/21/2025,D6,C23,14949,4,0,23528
2/21/2025,D5,C24,7222,4,0,20867
2/21/2025,D7,C24,11433,3,0,19704
2/21/2025,D10,C25,10860,3,60,19419
2/21/2025,D14,C25,10093,5,0,22937
2/22/2025,D31,C1,9762,0,60,16747
2/22/2025,D48,C2,7332,2,60,22558
2/22/2025,D42,C2,12755,5,60,20799
2/22/2025,D15,C3,9175,2,0,13646
2/22/2025,D38,C4,8370,1,40,23507
2/22/2025,D22,C4,6931,1,0,26300
2/22/2025,D20,C5,6330,5,0,25843
2/22/2025,D37,C5,12279,0,0,26910
2/22/2025,D31,C6,10863,5,40,17068
2/22/2025,D10,C7,8880,3,0,19437
2/22/2025,D11,C8,9743,0,0,27972
2/22/2025,D40,C8,14102,2,40,18334
2/22/2025,D12,C9,6435,3,60,25552
2/22/2025,D16,C10,8685,3,40,16761
2/22/2025,D37,C11,14553,4,0,21529
2/22/2025,D9,C11,6342,1,0,21528
2/22/2025,D36,C12,14939,5,0,15904
2/22/2025,D23,C13,11771,2,60,19101
2/22/2025,D10,C13,10795,3,0,21548
2/22/2025,D8,C14,13689,2,40,15365
2/22/2025,D2,C14,13086,5,60,16059
2/22/2025,D21,C15,12755,5,60,16288
2/22/2025,D10,C15,8591,2,40,16905
2/22/2025,D19,C16,14795,3,60,20674
2/22/2025,D49,C16,7934,4,60,24715
2/22/2025,D45,C17,6110,2,0,22267
2/22/2025,D8,C17,11719,1,40,20586
2/22/2025,D44,C18,11618,4,60,20595
2/22/2025,D2,C19,13856,3,0,16876
2/22/2025,D26,C19,8951,2,0,18536
2/22/2025,D21,C20,6644,3,60,18982
2/22/2025,D50,C21,7155,1,0,19229
2/22/2025,D6,C22,8350,0,40,26824
2/22/2025,D33,C23,9285,0,60,18440
2/22/2025,D21,C24,13596,1,60,18462
2/22/2025,D39,C24,6872,3,0,22654
2/22/2025,D10,C25,8563,5,0,22717
2/22/2025,D46,C25,12084,0,0,21803
2/23/2025,D1,C1,12896,1,0,16800
2/23/2025,D19,C1,12812,1,60,21124
2/23/2025,D14,C2,8753,2,60,18833
2/23/2025,D29,C3,6557,0,0,24382
2/23/2025,D19,C3,7324,2,40,16251
2/23/2025,D38,C4,10540,5,0,19532
2/23/2025,D14,C5,8375,5,0,19361
2/23/2025,D5,C6,10358,1,40,19220
2/23/2025,D38,C6,10829,5,0,16993
2/23/2025,D41,C7,10789,2,0,15171
2/23/2025,D18,C7,8650,0,0,13373
2/23/2025,D13,C8,11794,5,0,21629
2/23/2025,D36,C9,10214,2,40,22525
2/23/2025,D32,C9,13207,4,0,17813
2/23/2025,D36,C10,11575,5,40,18878
2/23/2025,D48,C10,12364,1,60,18499
2/23/2025,D17,C11,14207,5,0,24646
2/23/2025,D42,C12,7423,1,0,23714
2/23/2025,D12,C13,10193,5,40,23513
2/23/2025,D32,C13,6685,5,0,18308
2/23/2025,D32,C14,7605,4,40,15522
2/23/2025,D5,C14,13243,4,0,18225
2/23/2025,D17,C15,10501,3,0,20177
2/23/2025,D41,C15,10249,3,40,27413
2/23/2025,D33,C16,10647,0,60,16330
2/23/2025,D47,C16,14733,0,60,21461
2/23/2025,D38,C17,8334,2,0,13497
2/23/2025,D30,C18,7565,0,0,15082
2/23/2025,D45,C18,11359,1,0,19547
2/23/2025,D24,C19,8126,3,40,21296
2/23/2025,D27,C19,10616,1,0,19545
2/23/2025,D34,C20,10279,1,60,20680
2/23/2025,D41,C20,6292,5,40,19399
2/23/2025,D49,C21,14595,4,0,21242
2/23/2025,D21,C22,10430,0,40,23155
2/23/2025,D44,C22,7576,3,40,17528
2/23/2025,D35,C23,13512,1,0,24308
2/23/2025,D1,C24,9849,4,0,19630
2/23/2025,D50,C25,8941,2,0,14851
2/23/2025,D32,C25,7411,2,0,26800
2/24/2025,D14,C1,9535,0,0,15938
2/24/2025,D36,C2,8947,0,60,25524
2/24/2025,D30,C3,10611,4,0,27575
2/24/2025,D5,C3,8741,1,0,26458
2/24/2025,D23,C4,10526,3,0,14970
2/24/2025,D20,C4,12308,4,40,23348
2/24/2025,D12,C5,6085,1,60,20434
2/24/2025,D46,C5,6737,0,40,18846
2/24/2025,D9,C6,8906,0,0,17555
2/24/2025,D20,C7,10856,1,40,28653
2/24/2025,D6,C8,7019,5,40,19738
2/24/2025,D2,C9,13341,2,0,15224
2/24/2025,D3,C10,6947,3,0,21803
2/24/2025,D13,C10,13996,3,60,14000
2/24/2025,D8,C11,8418,5,0,21707
2/24/2025,D17,C11,12453,1,60,16939
2/24/2025,D8,C12,7935,5,0,19462
2/24/2025,D12,C13,14918,3,40,20009
2/24/2025,D6,C14,6790,1,60,16111
2/24/2025,D23,C15,13176,5,60,18583
2/24/2025,D11,C15,7772,3,40,25743
2/24/2025,D38,C16,10609,3,60,26432
2/24/2025,D46,C17,10596,1,0,16834
2/24/2025,D49,C18,9692,3,0,18242
2/24/2025,D14,C19,12124,1,60,22574
2/24/2025,D45,C20,7692,1,0,21267
2/24/2025,D38,C20,7706,2,40,20851
2/24/2025,D23,C21,7828,4,40,17025
2/24/2025,D33,C22,12767,1,40,19152
2/24/2025,D49,C23,8829,0,0,20740
2/24/2025,D8,C24,10915,4,40,19638
2/24/2025,D34,C24,12620,1,0,19505
2/24/2025,D36,C25,12820,4,0,26597
2/24/2025,D47,C25,12956,2,0,22266
2/25/2025,D25,C1,6282,2,0,20097
2/25/2025,D44,C2,12355,5,60,27273
2/25/2025,D29,C2,10274,2,40,22404
2/25/2025,D5,C3,8610,5,60,20979
2/25/2025,D12,C4,6155,1,60,21844
2/25/2025,D1,C4,6885,0,0,21144
2/25/2025,D29,C5,10459,5,0,24548
2/25/2025,D34,C5,7539,2,0,17250
2/25/2025,D26,C6,14638,0,40,21192
2/25/2025,D45,C6,9903,5,0,20483
2/25/2025,D24,C7,6358,1,40,16994
2/25/2025,D39,C8,12448,0,40,25682
2/25/2025,D15,C9,8109,2,0,18671
2/25/2025,D18,C10,7972,1,0,16430
2/25/2025,D49,C10,14673,1,60,21066
2/25/2025,D31,C11,11462,5,0,18475
2/25/2025,D43,C11,10236,4,40,25402
2/25/2025,D50,C12,7164,2,40,19476
2/25/2025,D17,C13,11065,4,0,18881
2/25/2025,D41,C14,6279,1,0,24288
2/25/2025,D7,C15,11927,5,0,14220
2/25/2025,D32,C16,7648,5,0,24737
2/25/2025,D25,C17,7210,2,60,23234
2/25/2025,D20,C18,12985,3,40,14897
2/25/2025,D43,C19,10071,2,0,20782
2/25/2025,D13,C20,14210,0,60,18404
2/25/2025,D19,C20,12561,0,60,20544
2/25/2025,D35,C21,11606,2,0,20248
2/25/2025,D2,C21,13220,4,0,20416
2/25/2025,D29,C22,13324,0,60,18638
2/25/2025,D21,C22,12429,0,0,17882
2/25/2025,D3,C23,6967,1,60,24298
2/25/2025,D32,C24,8340,5,40,17293
2/25/2025,D46,C25,12404,1,0,24510
2/25/2025,D25,C25,14109,2,0,14080
2/26/2025,D31,C1,7573,3,0,20801
2/26/2025,D36,C1,12098,3,0,13682
2/26/2025,D17,C2,7199,3,0,14374
2/26/2025,D32,C2,11635,2,0,18178
2/26/2025,D21,C3,10002,1,0,16164
2/26/2025,D4,C3,11618,2,0,21548
2/26/2025,D48,C4,11741,4,0,22708
2/26/2025,D38,C4,7495,2,40,20428
2/26/2025,D23,C5,12979,2,0,19225
2/26/2025,D27,C5,8233,1,0,20093
2/26/2025,D16,C6,12452,0,0,24911
2/26/2025,D45,C7,12561,4,0,15071
2/26/2025,D22,C8,12179,2,0,20364
2/26/2025,D3,C9,8685,0,60,18355
2/26/2025,D30,C9,14150,4,0,17957
2/26/2025,D2,C10,7290,1,0,20233
2/26/2025,D45,C10,9578,1,0,20262
2/26/2025,D21,C11,12874,0,0,26198
2/26/2025,D37,C11,6311,5,0,26913
2/26/2025,D32,C12,6982,2,60,16734
2/26/2025,D33,C12,11423,5,0,19321
2/26/2025,D28,C13,13667,0,40,27809
2/26/2025,D13,C13,10868,0,0,21444
2/26/2025,D17,C14,12665,5,0,28128
2/26/2025,D4,C14,11067,4,0,25765
2/26/2025,D46,C15,8911,4,0,26062
2/26/2025,D18,C16,7911,2,0,25486
2/26/2025,D5,C16,9469,2,0,20200
2/26/2025,D5,C17,13627,4,0,20806
2/26/2025,D42,C17,8021,5,0,16028
2/26/2025,D43,C18,13851,0,0,25906
2/26/2025,D35,C18,7220,3,0,17444
2/26/2025,D40,C19,10922,1,40,25795
2/26/2025,D33,C19,11427,1,0,18866
2/26/2025,D37,C20,8881,5,40,23844
2/26/2025,D18,C21,6439,3,0,19348
2/26/2025,D41,C21,9953,0,60,27792
2/26/2025,D24,C22,7058,2,60,20157
2/26/2025,D10,C23,6659,0,60,22589
2/26/2025,D27,C24,7077,4,0,23844
2/26/2025,D21,C24,11676,5,0,19382
2/26/2025,D18,C25,7980,5,0,21427
2/26/2025,D19,C25,9697,3,0,20792
2/27/2025,D16,C1,14396,2,60,19159
2/27/2025,D8,C1,7691,1,0,23969
2/27/2025,D30,C2,9650,1,0,24335
2/27/2025,D32,C2,12779,5,60,19826
2/27/2025,D11,C3,11118,3,60,20919
2/27/2025,D17,C4,9223,4,40,20724
2/27/2025,D42,C5,11461,1,60,20580
2/27/2025,D2,C6,11533,3,40,22785
2/27/2025,D4,C6,9860,3,60,21942
2/27/2025,D27,C7,7407,4,0,19187
2/27/2025,D26,C8,11078,1,0,19640
2/27/2025,D8,C9,7096,0,60,22374
2/27/2025,D32,C10,14079,2,40,19807
2/27/2025,D6,C10,11698,3,40,21103
2/27/2025,D38,C11,13399,2,0,18413
2/27/2025,D48,C11,13425,4,60,21657
2/27/2025,D10,C12,8422,1,60,16749
2/27/2025,D18,C13,12141,5,60,14140
2/27/2025,D38,C14,10789,4,60,29203
2/27/2025,D4,C14,9199,1,0,22285
2/27/2025,D35,C15,9855,3,0,22009
2/27/2025,D28,C15,7976,2,0,21434
2/27/2025,D31,C16,8523,2,0,19486
2/27/2025,D46,C16,12018,0,40,18902
2/27/2025,D45,C17,12492,4,0,24323
2/27/2025,D36,C18,11390,2,60,25332
2/27/2025,D25,C18,6774,1,40,18469
2/27/2025,D29,C19,12614,3,0,21084
2/27/2025,D17,C20,7731,1,0,23894
2/27/2025,D20,C20,12287,1,0,18441
2/27/2025,D29,C21,13777,5,40,17711
2/27/2025,D3,C22,10366,1,0,17333
2/27/2025,D18,C22,6785,4,0,17895
2/27/2025,D48,C23,7463,5,60,25751
2/27/2025,D27,C23,10160,0,60,18990
2/27/2025,D11,C24,7026,3,0,25434
2/27/2025,D23,C25,11636,4,0,17459
2/28/2025,D45,C1,14244,3,40,17806
2/28/2025,D2,C1,9050,1,60,27471
2/28/2025,D42,C2,10595,2,0,25185
2/28/2025,D9,C2,9839,5,0,27146
2/28/2025,D37,C3,11184,4,40,16853
2/28/2025,D6,C3,11913,0,0,15121
2/28/2025,D21,C4,6507,0,60,25367
2/28/2025,D29,C4,10729,0,0,28626
2/28/2025,D19,C5,9583,5,0,18340
2/28/2025,D13,C5,6229,2,60,15630
2/28/2025,D25,C6,8668,0,0,19483
2/28/2025,D37,C6,14515,2,60,17911
2/28/2025,D6,C7,10686,2,0,20237
2/28/2025,D45,C8,13788,0,60,27725
2/28/2025,D11,C8,6122,4,60,28535
2/28/2025,D10,C9,13312,5,0,20554
2/28/2025,D6,C9,14472,4,0,20540
2/28/2025,D46,C10,13334,3,0,21624
2/28/2025,D44,C11,8572,2,60,21021
2/28/2025,D32,C11,7663,4,40,28197
2/28/2025,D18,C12,8686,1,0,21540
2/28/2025,D9,C13,11291,3,60,16003
2/28/2025,D28,C13,11082,2,60,19654
2/28/2025,D47,C14,7682,4,0,27783
2/28/2025,D44,C14,10411,0,0,27744
2/28/2025,D2,C15,14129,1,0,20452
2/28/2025,D40,C16,6867,3,60,12518
2/28/2025,D38,C17,12450,1,40,25105
2/28/2025,D44,C17,12996,1,0,21083
2/28/2025,D9,C18,12013,4,60,22207
2/28/2025,D21,C18,6626,5,40,16269
2/28/2025,D46,C19,6012,1,40,28044
2/28/2025,D28,C19,13371,3,0,23069
2/28/2025,D4,C20,13921,5,0,16739
2/28/2025,D23,C21,12830,0,0,14854
2/28/2025,D39,C21,6120,2,0,19496
2/28/2025,D20,C22,12086,3,40,19615
2/28/2025,D26,C22,11872,0,0,20766
2/28/2025,D17,C23,11018,1,40,18310
2/28/2025,D30,C24,10913,4,0,22186
2/28/2025,D9,C24,13397,1,0,15164
2/28/2025,D17,C25,12546,5,60,22622
3/1/2025,D9,C1,10927,4,60,22582
3/1/2025,D28,C2,12077,1,0,21622
3/1/2025,D19,C2,8954,5,40,21351
3/1/2025,D28,C3,10550,1,0,13584
3/1/2025,D11,C3,14781,2,0,17335
3/1/2025,D4,C4,13797,5,60,20373
3/1/2025,D13,C4,6001,1,0,25572
3/1/2025,D31,C5,10569,2,40,20685
3/1/2025,D28,C6,7811,2,0,18339
3/1/2025,D8,C6,12245,3,40,14752
3/1/2025,D46,C7,11379,3,0,20437
3/1/2025,D36,C7,14027,5,0,26602
3/1/2025,D8,C8,8979,1,60,26120
3/1/2025,D19,C9,10781,0,0,18399
3/1/2025,D37,C10,10592,5,0,26120
3/1/2025,D43,C10,9711,1,0,17930
3/1/2025,D27,C11,14601,1,60,16551
3/1/2025,D50,C12,14554,2,40,21664
3/1/2025,D2,C13,11143,0,60,26588
3/1/2025,D19,C13,6363,3,60,21182
3/1/2025,D21,C14,7113,1,0,18643
3/1/2025,D30,C15,13036,3,0,17091
3/1/2025,D41,C16,9836,3,0,25443
3/1/2025,D18,C16,9111,3,0,19210
3/1/2025,D21,C17,11668,4,60,24038
3/1/2025,D47,C17,11795,3,0,23231
3/1/2025,D21,C18,12658,2,40,19046
3/1/2025,D4,C18,9965,4,40,24724
3/1/2025,D26,C19,11514,4,0,19894
3/1/2025,D50,C20,7218,5,0,23816
3/1/2025,D2,C21,8834,3,40,22088
3/1/2025,D25,C22,8302,2,60,17329
3/1/2025,D42,C23,14414,3,0,18380
3/1/2025,D49,C23,14447,1,0,23323
3/1/2025,D28,C24,6441,1,40,20082
3/1/2025,D48,C24,7428,2,40,20230
3/1/2025,D43,C25,9769,5,0,27452
3/1/2025,D7,C25,8123,0,0,23375
3/2/2025,D29,C1,10385,2,0,25493
3/2/2025,D25,C1,11587,1,0,20069
3/2/2025,D49,C2,14649,0,0,21005
3/2/2025,D28,C3,14495,2,60,19052
3/2/2025,D3,C4,8924,2,0,20956
3/2/2025,D44,C5,7832,0,40,18060
3/2/2025,D15,C5,7220,1,0,16272
3/2/2025,D19,C6,11990,1,0,18439
3/2/2025,D31,C7,12491,5,0,21185
3/2/2025,D44,C8,11923,2,60,22896
3/2/2025,D34,C9,13619,3,0,26880
3/2/2025,D36,C10,12383,1,60,25406
3/2/2025,D33,C11,11752,0,0,18184
3/2/2025,D30,C12,14365,4,0,26216
3/2/2025,D17,C13,11815,5,60,20208
3/2/2025,D38,C13,6123,4,0,22740
3/2/2025,D12,C14,12066,5,60,16100
3/2/2025,D6,C15,14006,1,60,21982
3/2/2025,D38,C16,8416,4,0,19921
3/2/2025,D47,C16,9847,1,0,21167
3/2/2025,D12,C17,10925,4,40,23328
3/2/2025,D14,C17,13548,0,40,14650
3/2/2025,D28,C18,6628,3,0,29456
3/2/2025,D26,C19,7516,5,40,25330
3/2/2025,D42,C20,9854,4,0,28151
3/2/2025,D43,C21,10537,2,40,24384
3/2/2025,D48,C21,14751,2,40,15490
3/2/2025,D20,C22,9338,4,40,18160
3/2/2025,D6,C22,6116,1,0,20946
3/2/2025,D2,C23,12340,0,0,14656
3/2/2025,D14,C24,9856,0,60,25564
3/2/2025,D28,C25,8370,1,0,19630
3/3/2025,D20,C1,9737,2,0,17372
3/3/2025,D31,C2,12714,0,0,26698
3/3/2025,D11,C3,8997,2,0,24538
3/3/2025,D32,C4,14490,4,40,16920
3/3/2025,D31,C4,10054,4,40,20143
3/3/2025,D19,C5,13614,3,60,13819
3/3/2025,D22,C6,7696,5,0,23932
3/3/2025,D27,C7,12860,3,0,19310
3/3/2025,D32,C7,13440,1,0,24322
3/3/2025,D32,C8,13794,1,40,23900
3/3/2025,D33,C8,8257,1,40,22363
3/3/2025,D28,C9,11875,1,0,27833
3/3/2025,D18,C10,9572,1,40,22441
3/3/2025,D8,C11,12477,2,60,27056
3/3/2025,D32,C11,7553,3,60,21914
3/3/2025,D11,C12,6854,5,60,25935
3/3/2025,D23,C13,13220,1,0,22321
3/3/2025,D29,C13,9138,2,60,21832
3/3/2025,D9,C14,12988,1,0,21754
3/3/2025,D19,C14,11487,5,40,20072
3/3/2025,D11,C15,8164,5,40,18947
3/3/2025,D40,C15,13076,2,0,29905
3/3/2025,D9,C16,12545,0,60,22040
3/3/2025,D12,C16,7879,5,0,22866
3/3/2025,D27,C17,10087,3,0,20471
3/3/2025,D16,C18,6676,5,0,20184
3/3/2025,D14,C18,7126,2,40,23316
3/3/2025,D23,C19,11432,1,0,24976
3/3/2025,D44,C19,13137,4,0,20752
3/3/2025,D22,C20,8120,0,40,24123
3/3/2025,D8,C21,7736,0,40,20848
3/3/2025,D17,C22,7402,5,0,23634
3/3/2025,D22,C22,12826,0,60,13488
3/3/2025,D10,C23,12100,1,40,27578
3/3/2025,D45,C23,9950,1,0,16436
3/3/2025,D30,C24,12969,2,40,18524
3/3/2025,D49,C24,11660,1,40,25241
3/3/2025,D33,C25,9040,3,0,18026
3/4/2025,D14,C1,13028,5,40,21592
3/4/2025,D47,C2,14869,5,0,25781
3/4/2025,D47,C3,11173,3,0,15730
3/4/2025,D7,C3,7788,2,40,21492
3/4/2025,D13,C4,12970,1,0,17085
3/4/2025,D16,C5,11031,4,0,26626
3/4/2025,D19,C6,14359,4,60,18044
3/4/2025,D33,C6,14478,0,0,20712
3/4/2025,D24,C7,14975,4,0,16488
3/4/2025,D41,C7,11812,1,40,17016
3/4/2025,D9,C8,8051,0,0,20853
3/4/2025,D27,C9,14956,1,40,20348
3/4/2025,D30,C9,9145,4,0,25268
3/4/2025,D10,C10,7296,2,0,24003
3/4/2025,D50,C10,12320,1,0,20809
3/4/2025,D26,C11,7354,3,40,13058
3/4/2025,D50,C11,9300,1,0,25292
3/4/2025,D43,C12,7757,1,0,23238
3/4/2025,D41,C13,9615,5,0,20403
3/4/2025,D26,C14,9057,0,0,22248
3/4/2025,D44,C14,7680,2,40,16311
3/4/2025,D1,C15,12879,4,0,19576
3/4/2025,D18,C15,7442,5,40,24561
3/4/2025,D42,C16,11140,2,0,19722
3/4/2025,D14,C16,11549,5,0,26419
3/4/2025,D50,C17,8246,3,0,21068
3/4/2025,D13,C17,6212,2,0,21588
3/4/2025,D25,C18,6412,4,0,23036
3/4/2025,D47,C18,6750,2,0,25298
3/4/2025,D6,C19,13869,4,0,25560
3/4/2025,D49,C20,7119,0,0,25054
3/4/2025,D41,C20,12358,0,40,22165
3/4/2025,D50,C21,10231,5,40,24722
3/4/2025,D47,C22,13214,5,60,16085
3/4/2025,D41,C23,8692,4,0,19597
3/4/2025,D33,C23,14318,1,40,23329
3/4/2025,D20,C24,8070,0,40,19286
3/4/2025,D37,C24,8841,2,40,22881
3/4/2025,D48,C25,12740,1,0,20954
3/5/2025,D20,C1,7223,3,0,19288
3/5/2025,D19,C1,7067,4,0,15799
3/5/2025,D7,C2,13400,4,0,20823
3/5/2025,D30,C3,11966,1,60,24612
3/5/2025,D7,C3,6422,4,0,21126
3/5/2025,D6,C4,9495,0,0,25835
3/5/2025,D31,C5,12236,1,40,23378
3/5/2025,D24,C6,13771,3,0,20779
3/5/2025,D17,C7,13838,0,0,25486
3/5/2025,D38,C7,10792,3,0,16296
3/5/2025,D11,C8,12778,2,60,18834
3/5/2025,D10,C8,6362,1,0,23862
3/5/2025,D46,C9,13000,2,40,21600
3/5/2025,D30,C10,10812,4,60,19222
3/5/2025,D36,C11,8225,4,60,26746
3/5/2025,D8,C12,11379,3,60,23157
3/5/2025,D24,C12,8838,0,0,21776
3/5/2025,D24,C13,6473,0,0,21219
3/5/2025,D19,C14,6777,0,0,16111
3/5/2025,D32,C14,8777,2,40,26998
3/5/2025,D20,C15,10132,5,0,23801
3/5/2025,D12,C16,11465,1,40,19327
3/5/2025,D8,C17,10245,0,40,21020
3/5/2025,D3,C18,7049,4,0,22259
3/5/2025,D37,C19,8827,0,40,28083
3/5/2025,D29,C19,11299,3,0,19809
3/5/2025,D47,C20,12181,4,0,23332
3/5/2025,D39,C20,8210,5,0,19276
3/5/2025,D43,C21,10440,2,60,27626
3/5/2025,D29,C21,6612,1,40,17902
3/5/2025,D15,C22,12648,4,40,25952
3/5/2025,D26,C22,12393,4,0,21681
3/5/2025,D42,C23,13789,5,60,21024
3/5/2025,D6,C23,13280,5,60,16439
3/5/2025,D36,C24,8055,1,60,23102
3/5/2025,D42,C24,14268,5,60,13691
3/5/2025,D49,C25,7262,4,0,17874
3/6/2025,D43,C1,12023,1,0,18232
3/6/2025,D18,C2,6472,1,0,21987
3/6/2025,D46,C3,7474,4,0,25591
3/6/2025,D35,C4,9892,5,40,20411
3/6/2025,D38,C5,11104,5,60,19922
3/6/2025,D3,C5,6493,3,60,18632
3/6/2025,D27,C6,10312,3,60,19054
3/6/2025,D17,C7,14010,3,0,27729
3/6/2025,D6,C7,13640,4,0,26068
3/6/2025,D10,C8,10763,4,60,20017
3/6/2025,D12,C8,13861,5,40,20802
3/6/2025,D44,C9,13189,4,0,23620
3/6/2025,D11,C9,13614,3,40,17810
3/6/2025,D20,C10,7279,3,0,23437
3/6/2025,D10,C11,12118,5,60,25601
3/6/2025,D27,C11,6470,2,40,15895
3/6/2025,D4,C12,13277,4,40,19566
3/6/2025,D32,C13,10611,0,0,27003
3/6/2025,D18,C14,12030,5,60,27740
3/6/2025,D36,C15,14039,1,0,21267
3/6/2025,D27,C15,14877,4,40,23348
3/6/2025,D2,C16,13147,1,0,24446
3/6/2025,D49,C17,12110,5,60,18180
3/6/2025,D37,C18,14740,2,60,19503
3/6/2025,D27,C18,14408,1,60,20359
3/6/2025,D24,C19,14280,5,40,23977
3/6/2025,D35,C20,8456,1,40,16235
3/6/2025,D3,C21,10591,0,0,14841
3/6/2025,D1,C21,14260,0,0,17857
3/6/2025,D1,C22,8719,5,60,20102
3/6/2025,D39,C23,12109,0,0,16327
3/6/2025,D17,C23,7203,4,40,14756
3/6/2025,D3,C24,13387,0,0,28221
3/6/2025,D11,C24,6683,5,0,22553
3/6/2025,D45,C25,6075,1,40,25487
3/6/2025,D8,C25,9669,5,40,26568
3/7/2025,D14,C1,13266,4,0,16220
3/7/2025,D40,C1,6019,0,60,20570
3/7/2025,D49,C2,10884,2,0,26358
3/7/2025,D46,C2,12721,0,0,29002
3/7/2025,D14,C3,6130,5,40,21538
3/7/2025,D30,C3,13990,4,0,21698
3/7/2025,D39,C4,13587,2,40,23644
3/7/2025,D44,C5,14479,2,0,22839
3/7/2025,D49,C6,13100,3,0,21851
3/7/2025,D26,C6,10339,5,40,27248
3/7/2025,D43,C7,14246,4,0,18006
3/7/2025,D25,C8,14851,3,60,24024
3/7/2025,D39,C8,11343,0,0,19229
3/7/2025,D30,C9,12379,1,0,14959
3/7/2025,D1,C10,11768,4,0,25008
3/7/2025,D15,C10,8166,4,0,25772
3/7/2025,D13,C11,13276,3,40,21254
3/7/2025,D6,C11,14902,3,60,26922
3/7/2025,D32,C12,6647,2,0,19331
3/7/2025,D32,C13,14089,2,60,23670
3/7/2025,D46,C13,7226,2,0,25351
3/7/2025,D8,C14,7740,1,0,26043
3/7/2025,D18,C14,13693,4,0,14759
3/7/2025,D5,C15,11891,2,60,17246
3/7/2025,D9,C16,11206,4,40,21455
3/7/2025,D13,C17,6401,2,0,17608
3/7/2025,D44,C17,13925,1,40,15201
3/7/2025,D28,C18,8275,1,40,24224
3/7/2025,D28,C19,13295,2,0,23778
3/7/2025,D27,C19,9628,0,0,27844
3/7/2025,D24,C20,7773,0,60,16495
3/7/2025,D34,C20,6248,2,0,21428
3/7/2025,D18,C21,9807,2,0,26916
3/7/2025,D21,C22,7896,3,0,23779
3/7/2025,D1,C22,9207,4,40,21551
3/7/2025,D48,C23,11498,4,0,21209
3/7/2025,D16,C24,6244,1,0,20561
3/7/2025,D20,C25,9901,0,40,22806
3/7/2025,D5,C25,12992,5,40,19729
3/8/2025,D2,C1,10470,5,0,23814
3/8/2025,D38,C1,7441,3,60,25510
3/8/2025,D7,C2,14158,1,0,25274
3/8/2025,D4,C3,13151,3,0,14809
3/8/2025,D22,C3,10023,0,0,23624
3/8/2025,D49,C4,6942,0,60,24710
3/8/2025,D7,C4,11711,4,0,22270
3/8/2025,D4,C5,9912,2,0,21578
3/8/2025,D21,C6,10444,5,0,16214
3/8/2025,D45,C6,7905,5,0,19865
3/8/2025,D20,C7,13436,5,40,16590
3/8/2025,D7,C8,13013,1,0,19565
3/8/2025,D19,C9,9312,0,40,19143
3/8/2025,D7,C10,9062,5,0,22345
3/8/2025,D40,C10,8450,1,60,30347
3/8/2025,D25,C11,10627,4,0,23202
3/8/2025,D30,C11,10132,5,0,24093
3/8/2025,D42,C12,13220,3,0,19409
3/8/2025,D44,C12,9508,2,0,27144
3/8/2025,D7,C13,7897,5,60,17247
3/8/2025,D38,C14,12267,3,40,21211
3/8/2025,D41,C15,6456,3,40,14052
3/8/2025,D27,C16,10338,4,60,28500
3/8/2025,D31,C16,13296,3,0,26544
3/8/2025,D3,C17,14598,3,0,28106
3/8/2025,D38,C18,9882,1,0,28816
3/8/2025,D28,C18,12911,0,0,20168
3/8/2025,D31,C19,10561,2,0,20285
3/8/2025,D24,C20,10721,2,60,16403
3/8/2025,D1,C20,14479,5,0,24432
3/8/2025,D28,C21,13952,3,40,24231
3/8/2025,D41,C22,14290,2,0,24345
3/8/2025,D22,C23,11566,4,60,25096
3/8/2025,D39,C24,6347,1,0,26641
3/8/2025,D45,C24,6162,3,0,17203
3/8/2025,D22,C25,14937,3,0,24080
3/8/2025,D11,C25,12311,0,60,21088
3/9/2025,D15,C1,9838,4,0,17837
3/9/2025,D1,C1,13040,2,0,19333
3/9/2025,D40,C2,10591,3,0,18867
3/9/2025,D14,C2,7654,4,40,22357
3/9/2025,D14,C3,9157,5,60,28859
3/9/2025,D26,C3,7007,3,0,23804
3/9/2025,D23,C4,10021,3,40,22079
3/9/2025,D19,C5,7498,3,40,21706
3/9/2025,D3,C6,8032,0,0,21922
3/9/2025,D2,C6,10452,2,0,18896
3/9/2025,D17,C7,7354,1,40,20429
3/9/2025,D36,C8,8450,5,60,24018
3/9/2025,D16,C8,7668,2,60,23882
3/9/2025,D7,C9,10328,3,40,23497
3/9/2025,D2,C9,14586,2,0,24244
3/9/2025,D14,C10,7635,3,0,23694
3/9/2025,D20,C10,12404,0,0,29666
3/9/2025,D34,C11,14567,0,40,17852
3/9/2025,D8,C12,9610,0,0,25602
3/9/2025,D13,C13,6070,5,40,26980
3/9/2025,D21,C14,13703,1,40,18922
3/9/2025,D39,C14,10467,0,40,15216
3/9/2025,D35,C15,10189,0,0,19401
3/9/2025,D16,C16,11037,5,0,20957
3/9/2025,D4,C16,6174,5,0,21695
3/9/2025,D14,C17,8068,0,40,30097
3/9/2025,D47,C17,13383,5,60,15742
3/9/2025,D33,C18,11649,1,60,18431
3/9/2025,D34,C19,10703,2,60,24727
3/9/2025,D30,C19,12756,4,0,15051
3/9/2025,D46,C20,11916,3,0,26767
3/9/2025,D32,C20,11123,3,0,25919
3/9/2025,D14,C21,6510,5,0,24521
3/9/2025,D16,C22,13297,0,40,29125
3/9/2025,D26,C22,14311,2,0,28793
3/9/2025,D24,C23,14890,3,60,16999
3/9/2025,D49,C24,9561,3,60,17380
3/9/2025,D34,C25,13966,1,0,20728
3/9/2025,D23,C25,7075,5,0,25072
3/10/2025,D29,C1,9263,2,0,25179
3/10/2025,D30,C1,11397,2,0,19696
3/10/2025,D18,C2,14006,2,60,26381
3/10/2025,D25,C2,8340,0,0,18159
3/10/2025,D42,C3,9872,2,60,14453
3/10/2025,D5,C3,12482,4,40,14996
3/10/2025,D15,C4,14667,5,0,19211
3/10/2025,D7,C4,13885,0,0,22653
3/10/2025,D22,C5,6125,1,0,22860
3/10/2025,D20,C6,14955,5,60,27536
3/10/2025,D48,C6,6576,4,60,24292
3/10/2025,D1,C7,8768,1,40,25545
3/10/2025,D50,C7,11442,0,0,25120
3/10/2025,D26,C8,14462,4,0,13725
3/10/2025,D38,C8,9991,4,0,25649
3/10/2025,D15,C9,13022,4,0,20726
3/10/2025,D47,C9,6232,4,40,16155
3/10/2025,D47,C10,12565,4,0,30651
3/10/2025,D30,C10,10910,5,60,23976
3/10/2025,D50,C11,14020,3,60,23688
3/10/2025,D45,C11,13062,0,40,16894
3/10/2025,D24,C12,9052,1,0,20561
3/10/2025,D48,C13,8029,1,0,27125
3/10/2025,D1,C13,13592,0,0,21231
3/10/2025,D28,C14,6970,1,40,19347
3/10/2025,D44,C14,14666,5,0,18875
3/10/2025,D38,C15,11624,1,0,28933
3/10/2025,D2,C15,9847,2,0,29372
3/10/2025,D22,C16,12827,2,40,21271
3/10/2025,D14,C17,10510,5,40,14946
3/10/2025,D26,C17,11606,3,0,26578
3/10/2025,D22,C18,13217,5,0,24032
3/10/2025,D6,C19,13859,0,60,32052
3/10/2025,D11,C19,8358,0,0,21064
3/10/2025,D12,C20,6575,5,0,20100
3/10/2025,D19,C21,12747,1,0,25421
3/10/2025,D14,C21,13695,3,60,22980
3/10/2025,D4,C22,13152,3,40,26781
3/10/2025,D24,C22,13002,0,0,26297
3/10/2025,D26,C23,9290,0,0,26343
3/10/2025,D11,C23,13379,0,60,14031
3/10/2025,D48,C24,12093,0,40,27944
3/10/2025,D5,C24,10067,0,0,20106
3/10/2025,D28,C25,12065,0,60,30649
3/10/2025,D46,C25,6016,1,0,26716
3/11/2025,D33,C1,6394,0,0,24879
3/11/2025,D13,C2,11179,1,0,21722
3/11/2025,D1,C2,9319,1,0,21208
3/11/2025,D34,C3,7457,1,0,20144
3/11/2025,D30,C4,14802,3,60,21110
3/11/2025,D37,C4,14288,5,0,22965
3/11/2025,D45,C5,7580,1,0,21904
3/11/2025,D46,C5,7559,3,60,18018
3/11/2025,D16,C6,6275,0,40,26093
3/11/2025,D12,C6,6287,4,40,16441
3/11/2025,D45,C7,7872,5,0,23527
3/11/2025,D45,C8,14089,1,40,26814
3/11/2025,D3,C8,6306,4,0,16107
3/11/2025,D45,C9,12303,0,60,20607
3/11/2025,D27,C10,7928,2,0,16930
3/11/2025,D49,C10,7008,1,0,23375
3/11/2025,D33,C11,12838,5,0,23935
3/11/2025,D29,C12,12149,2,0,15672
3/11/2025,D11,C12,8357,3,0,23191
3/11/2025,D2,C13,12488,1,0,16199
3/11/2025,D5,C13,9408,2,40,23268
3/11/2025,D13,C14,11103,0,0,14999
3/11/2025,D26,C14,7567,5,0,20983
3/11/2025,D21,C15,6667,5,0,16306
3/11/2025,D30,C16,8841,5,60,23546
3/11/2025,D5,C16,12954,4,0,23789
3/11/2025,D31,C17,7285,0,0,26412
3/11/2025,D11,C18,9746,1,0,26600
3/11/2025,D12,C19,6095,2,0,17422
3/11/2025,D11,C20,12897,5,0,24203
3/11/2025,D5,C20,13327,5,0,26568
3/11/2025,D29,C21,12778,5,0,22565
3/11/2025,D46,C22,10418,5,40,26517
3/11/2025,D45,C23,13054,5,60,24644
3/11/2025,D4,C23,12721,2,0,21468
3/11/2025,D4,C24,7405,2,40,27164
3/11/2025,D39,C24,6594,2,0,23182
3/11/2025,D16,C25,13480,0,40,29625
3/12/2025,D6,C1,8254,1,0,16483
3/12/2025,D1,C2,12149,4,40,22695
3/12/2025,D15,C3,14155,2,60,22790
3/12/2025,D47,C4,10913,4,0,26293
3/12/2025,D33,C5,13296,4,40,25775
3/12/2025,D7,C5,8321,4,0,25639
3/12/2025,D35,C6,8218,4,0,15481
3/12/2025,D15,C7,14455,0,0,23316
3/12/2025,D21,C8,12044,5,40,24539
3/12/2025,D12,C8,12798,0,0,23972
3/12/2025,D25,C9,9022,2,0,23062
3/12/2025,D5,C10,6122,2,0,26857
3/12/2025,D3,C11,11946,4,60,23979
3/12/2025,D5,C11,14043,0,0,22972
3/12/2025,D7,C12,9172,4,0,16722
3/12/2025,D46,C12,7161,4,0,26765
3/12/2025,D41,C13,6104,3,60,19744
3/12/2025,D45,C13,14987,3,0,19732
3/12/2025,D43,C14,8865,4,0,16995
3/12/2025,D31,C14,7625,3,0,20092
3/12/2025,D33,C15,11325,2,0,21956
3/12/2025,D41,C15,9035,5,0,17432
3/12/2025,D2,C16,9132,5,40,26721
3/12/2025,D16,C17,9958,2,0,23703
3/12/2025,D48,C17,13299,5,60,27568
3/12/2025,D9,C18,6603,1,0,23027
3/12/2025,D13,C19,13772,4,40,24817
3/12/2025,D10,C19,8244,2,40,22438
3/12/2025,D47,C20,12088,3,0,18200
3/12/2025,D9,C21,8760,5,0,24215
3/12/2025,D18,C21,7033,5,40,15272
3/12/2025,D49,C22,11174,3,0,24591
3/12/2025,D2,C22,13265,3,0,30227
3/12/2025,D35,C23,10215,3,0,26318
3/12/2025,D39,C24,6982,1,0,28581
3/12/2025,D12,C25,6506,1,0,27528
3/12/2025,D29,C25,7378,5,0,21370
3/13/2025,D13,C1,8082,3,0,20128
3/13/2025,D9,C2,11886,3,0,24485
3/13/2025,D16,C3,10889,1,0,23406
3/13/2025,D47,C4,9748,3,0,16700
3/13/2025,D30,C4,11741,4,0,22687
3/13/2025,D28,C5,11382,1,0,23320
3/13/2025,D19,C6,13053,0,0,28490
3/13/2025,D37,C6,7822,1,0,25383
3/13/2025,D24,C7,7340,3,0,22515
3/13/2025,D31,C8,6480,4,0,28469
3/13/2025,D49,C9,8935,3,40,22085
3/13/2025,D10,C9,6607,5,0,31596
3/13/2025,D6,C10,13463,1,0,22698
3/13/2025,D49,C10,13285,2,0,18027
3/13/2025,D17,C11,11059,0,0,16826
3/13/2025,D30,C12,10634,1,40,21577
3/13/2025,D19,C12,12920,4,0,16547
3/13/2025,D46,C13,10928,3,0,17360
3/13/2025,D13,C14,13953,2,0,25922
3/13/2025,D32,C15,8639,5,0,21282
3/13/2025,D26,C15,11139,0,0,25861
3/13/2025,D25,C16,12045,1,0,31577
3/13/2025,D32,C16,6352,2,0,19416
3/13/2025,D25,C17,6675,3,0,21369
3/13/2025,D49,C18,6647,2,0,22964
3/13/2025,D33,C19,13905,5,0,27714
3/13/2025,D46,C19,7633,4,60,22554
3/13/2025,D28,C20,9635,5,60,24800
3/13/2025,D48,C20,12399,1,0,16267
3/13/2025,D41,C21,14232,4,40,25848
3/13/2025,D46,C21,13874,2,60,29512
3/13/2025,D39,C22,14452,1,40,14145
3/13/2025,D30,C22,9383,3,60,28332
3/13/2025,D1,C23,12916,2,0,25957
3/13/2025,D26,C24,7692,0,0,16068
3/13/2025,D46,C24,14432,2,0,19113
3/13/2025,D11,C25,6078,3,0,25600
3/13/2025,D28,C25,10905,5,0,22665
3/14/2025,D47,C1,13832,4,0,27619
3/14/2025,D27,C1,11338,3,60,21136
3/14/2025,D18,C2,11464,3,40,26457
3/14/2025,D45,C3,8181,3,60,16278
3/14/2025,D20,C3,8768,4,0,31481
3/14/2025,D7,C4,10821,0,40,27175
3/14/2025,D42,C5,7028,3,0,17331
3/14/2025,D19,C5,6603,1,40,24281
3/14/2025,D12,C6,11818,2,0,29945
3/14/2025,D46,C6,9151,1,40,23458
3/14/2025,D29,C7,11125,4,0,24512
3/14/2025,D13,C8,6829,0,40,27792
3/14/2025,D17,C9,7270,0,0,19598
3/14/2025,D41,C10,7259,0,0,19196
3/14/2025,D40,C10,9021,0,60,22522
3/14/2025,D25,C11,13156,4,60,21457
3/14/2025,D22,C12,10019,5,0,18564
3/14/2025,D32,C13,8977,2,0,28539
3/14/2025,D44,C13,14006,4,0,20578
3/14/2025,D49,C14,12402,0,0,30637
3/14/2025,D1,C14,8317,5,0,25416
3/14/2025,D25,C15,12114,5,60,23911
3/14/2025,D31,C16,12929,4,40,26142
3/14/2025,D49,C16,12010,4,0,22411
3/14/2025,D21,C17,12463,4,0,21324
3/14/2025,D16,C17,6426,1,0,17351
3/14/2025,D40,C18,8299,2,0,26967
3/14/2025,D4,C18,6739,3,0,26373
3/14/2025,D30,C19,13875,5,0,17205
3/14/2025,D2,C20,9468,5,40,28645
3/14/2025,D45,C21,13153,4,40,23367
3/14/2025,D49,C21,6235,5,60,21198
3/14/2025,D33,C22,7866,1,0,30621
3/14/2025,D27,C22,13336,3,0,20216
3/14/2025,D41,C23,9239,4,60,20457
3/14/2025,D44,C24,6244,4,0,18517
3/14/2025,D29,C24,8613,3,0,20721
3/14/2025,D28,C25,9880,5,0,21996
3/14/2025,D31,C25,7226,3,0,25539
3/15/2025,D39,C1,11321,3,60,15887
3/15/2025,D13,C1,7295,5,0,24532
3/15/2025,D32,C2,6270,3,0,23273
3/15/2025,D44,C3,9028,0,0,23681
3/15/2025,D36,C3,7517,1,0,17735
3/15/2025,D31,C4,12427,1,40,23933
3/15/2025,D14,C5,14829,5,0,18232
3/15/2025,D28,C6,14895,1,40,30685
3/15/2025,D21,C7,12041,1,0,25617
3/15/2025,D15,C8,9196,3,40,27293
3/15/2025,D47,C8,14513,4,0,18001
3/15/2025,D35,C9,8805,2,40,28621
3/15/2025,D45,C10,13364,2,40,18908
3/15/2025,D42,C11,14399,3,0,16769
3/15/2025,D42,C12,14885,2,0,25301
3/15/2025,D36,C12,8976,4,0,22032
3/15/2025,D17,C13,11105,4,60,24765
3/15/2025,D8,C14,14890,4,40,22229
3/15/2025,D48,C15,10000,3,40,21536
3/15/2025,D9,C16,8835,3,0,26303
3/15/2025,D21,C16,9582,1,60,23131
3/15/2025,D25,C17,10605,5,0,15887
3/15/2025,D44,C18,7834,0,0,21061
3/15/2025,D9,C18,13608,1,60,28580
3/15/2025,D35,C19,14582,2,0,26665
3/15/2025,D10,C20,10097,1,0,26503
3/15/2025,D19,C20,12103,2,0,19545
3/15/2025,D39,C21,11551,5,60,14390
3/15/2025,D39,C22,13558,0,60,29081
3/15/2025,D18,C23,9293,4,0,23678
3/15/2025,D32,C24,8451,1,40,24613
3/15/2025,D22,C25,8694,0,60,23327
3/16/2025,D45,C1,12778,0,40,19580
3/16/2025,D32,C2,6283,3,0,27763
3/16/2025,D43,C3,12292,3,0,27664
3/16/2025,D11,C3,12036,0,0,21179
3/16/2025,D23,C4,12472,3,60,28192
3/16/2025,D49,C4,8012,0,0,21601
3/16/2025,D45,C5,13041,0,0,18206
3/16/2025,D13,C5,14529,5,60,22404
3/16/2025,D49,C6,10184,0,0,14847
3/16/2025,D38,C6,14286,4,0,22736
3/16/2025,D42,C7,7027,1,40,27466
3/16/2025,D11,C7,12098,3,0,15676
3/16/2025,D10,C8,8983,1,0,20386
3/16/2025,D14,C8,14417,5,40,22091
3/16/2025,D47,C9,9818,2,60,32142
3/16/2025,D37,C9,13676,3,0,27685
3/16/2025,D4,C10,7126,5,0,30091
3/16/2025,D12,C11,11472,4,0,19139
3/16/2025,D4,C11,14919,2,60,18222
3/16/2025,D41,C12,12271,0,0,25847
3/16/2025,D3,C13,7632,3,0,26291
3/16/2025,D32,C14,10976,2,0,27368
3/16/2025,D20,C14,14259,0,40,24381
3/16/2025,D50,C15,11564,1,40,26676
3/16/2025,D41,C16,10438,5,0,22983
3/16/2025,D42,C16,12297,2,60,24378
3/16/2025,D6,C17,10976,5,0,29389
3/16/2025,D2,C18,7191,4,0,22178
3/16/2025,D45,C19,9179,5,40,17154
3/16/2025,D48,C19,9943,0,60,20768
3/16/2025,D20,C20,10688,1,60,22572
3/16/2025,D37,C20,6266,2,0,31795
3/16/2025,D26,C21,8685,3,60,23275
3/16/2025,D36,C22,14642,4,0,16064
3/16/2025,D35,C22,10795,4,0,29550
3/16/2025,D43,C23,9352,2,60,22761
3/16/2025,D39,C24,12630,3,60,15667
3/16/2025,D36,C25,12338,3,0,26044
3/17/2025,D3,C1,9801,2,60,20632
3/17/2025,D6,C2,13066,3,60,26554
3/17/2025,D6,C3,11182,4,0,26487
3/17/2025,D35,C4,13396,1,0,25222
3/17/2025,D11,C4,9954,0,0,22219
3/17/2025,D34,C5,9342,4,0,25748
3/17/2025,D9,C6,12703,3,0,22931
3/17/2025,D37,C6,9130,3,0,22447
3/17/2025,D45,C7,13430,4,0,18919
3/17/2025,D3,C8,7996,3,0,19455
3/17/2025,D14,C9,13658,3,40,23806
3/17/2025,D9,C9,10905,2,0,20127
3/17/2025,D9,C10,6909,2,60,25048
3/17/2025,D47,C10,7941,3,0,24297
3/17/2025,D25,C11,13907,2,0,27087
3/17/2025,D42,C11,6025,4,0,21448
3/17/2025,D17,C12,14048,5,0,18933
3/17/2025,D35,C13,8837,0,40,15957
3/17/2025,D41,C14,13208,3,0,27338
3/17/2025,D45,C14,14994,0,0,21263
3/17/2025,D27,C15,10625,0,0,23638
3/17/2025,D28,C16,7145,3,0,17990
3/17/2025,D25,C16,13781,4,0,25801
3/17/2025,D35,C17,13499,4,40,24258
3/17/2025,D22,C18,12485,0,0,19052
3/17/2025,D22,C19,6116,1,0,23289
3/17/2025,D50,C19,11505,1,60,16337
3/17/2025,D1,C20,8015,1,0,21888
3/17/2025,D7,C20,8668,3,0,24411
3/17/2025,D12,C21,12950,3,60,27868
3/17/2025,D7,C22,7779,4,40,27666
3/17/2025,D34,C22,6906,5,0,18065
3/17/2025,D4,C23,12546,3,0,21179
3/17/2025,D12,C24,13629,5,60,26620
3/17/2025,D23,C24,6027,3,0,21177
3/17/2025,D1,C25,7791,5,40,16822
3/17/2025,D44,C25,12748,2,60,25065
3/18/2025,D25,C1,13786,5,0,30884
3/18/2025,D47,C2,9144,2,40,24243
3/18/2025,D44,C3,11987,1,0,23753
3/18/2025,D12,C4,7980,3,60,30652
3/18/2025,D29,C4,9527,0,0,28452
3/18/2025,D28,C5,8814,0,0,22450
3/18/2025,D34,C5,12823,2,0,13997
3/18/2025,D27,C6,13521,5,0,22516
3/18/2025,D50,C6,13093,0,0,25688
3/18/2025,D47,C7,8633,0,40,20139
3/18/2025,D37,C8,6159,2,0,23416
3/18/2025,D36,C9,6972,4,0,24145
3/18/2025,D32,C9,14470,2,60,23703
3/18/2025,D31,C10,11471,1,0,17732
3/18/2025,D1,C11,14232,3,0,26017
3/18/2025,D40,C11,7266,2,0,22652
3/18/2025,D16,C12,13961,5,0,21486
3/18/2025,D48,C12,14906,2,60,28849
3/18/2025,D44,C13,9562,4,0,24418
3/18/2025,D5,C14,8988,0,40,25292
3/18/2025,D4,C15,13723,5,40,26329
3/18/2025,D28,C15,9718,0,0,21753
3/18/2025,D22,C16,7051,2,0,24213
3/18/2025,D19,C17,7733,3,40,28553
3/18/2025,D17,C18,13955,0,0,29064
3/18/2025,D14,C18,13124,3,0,19018
3/18/2025,D30,C19,6005,3,60,30958
3/18/2025,D23,C20,10132,5,60,26796
3/18/2025,D20,C21,10831,0,0,25699
3/18/2025,D23,C21,7854,0,40,23772
3/18/2025,D23,C22,10672,4,0,24228
3/18/2025,D1,C22,10090,3,0,26445
3/18/2025,D34,C23,8472,3,0,23915
3/18/2025,D8,C24,9838,3,60,19144
3/18/2025,D32,C24,7653,3,0,27366
3/18/2025,D31,C25,12523,5,0,24950
3/19/2025,D24,C1,9897,3,40,33298
3/19/2025,D28,C1,12003,3,60,20224
3/19/2025,D29,C2,10502,0,40,16000
3/19/2025,D9,C3,9809,2,0,26527
3/19/2025,D23,C4,11151,4,40,24071
3/19/2025,D13,C5,7069,3,60,24246
3/19/2025,D26,C6,12735,1,0,27206
3/19/2025,D11,C7,8246,1,0,15789
3/19/2025,D43,C8,10751,4,0,23688
3/19/2025,D18,C8,12626,1,0,23234
3/19/2025,D21,C9,9431,3,0,29148
3/19/2025,D9,C10,9130,4,0,29741
3/19/2025,D8,C10,8390,1,0,20653
3/19/2025,D33,C11,13707,1,0,27254
3/19/2025,D1,C11,13814,1,0,27129
3/19/2025,D39,C12,14501,1,40,26113
3/19/2025,D48,C12,7218,0,40,20805
3/19/2025,D32,C13,10614,1,0,17733
3/19/2025,D6,C13,12935,5,0,28993
3/19/2025,D16,C14,9425,5,0,23097
3/19/2025,D45,C15,7264,2,0,23780
3/19/2025,D16,C15,11479,3,40,19314
3/19/2025,D45,C16,11378,3,0,15772
3/19/2025,D38,C17,13556,4,0,19603
3/19/2025,D8,C18,7386,4,0,19106
3/19/2025,D18,C19,14955,0,0,20930
3/19/2025,D2,C20,10909,4,40,21911
3/19/2025,D40,C20,10490,2,40,21578
3/19/2025,D27,C21,8636,1,0,23925
3/19/2025,D34,C21,6071,4,0,22685
3/19/2025,D31,C22,11531,4,0,21685
3/19/2025,D4,C22,12598,4,60,21812
3/19/2025,D8,C23,8520,4,60,21265
3/19/2025,D18,C23,12281,1,0,22542
3/19/2025,D16,C24,9040,4,40,22361
3/19/2025,D21,C24,10640,4,0,20223
3/19/2025,D4,C25,6499,2,0,18476
3/20/2025,D19,C1,12286,0,0,27471
3/20/2025,D28,C2,6979,3,0,28364
3/20/2025,D24,C3,6997,4,0,25938
3/20/2025,D22,C3,8994,0,40,29048
3/20/2025,D22,C4,8975,0,40,25075
3/20/2025,D16,C5,9738,4,60,21786
3/20/2025,D42,C5,12684,3,40,27837
3/20/2025,D7,C6,12216,2,0,28438
3/20/2025,D38,C7,8087,5,0,20487
3/20/2025,D46,C8,7743,0,40,26940
3/20/2025,D35,C9,14232,1,0,19377
3/20/2025,D47,C10,11162,5,60,31186
3/20/2025,D31,C10,12160,0,60,33669
3/20/2025,D9,C11,13353,3,0,17926
3/20/2025,D49,C12,13575,3,0,21595
3/20/2025,D36,C12,7933,4,0,24437
3/20/2025,D5,C13,6208,0,0,22854
3/20/2025,D31,C13,12324,4,0,28871
3/20/2025,D19,C14,9830,3,0,20816
3/20/2025,D48,C15,8874,3,0,23956
3/20/2025,D44,C16,13456,0,60,29126
3/20/2025,D35,C16,8324,1,0,24181
3/20/2025,D36,C17,6417,3,60,27984
3/20/2025,D50,C17,9117,0,60,21067
3/20/2025,D12,C18,11781,1,0,25876
3/20/2025,D38,C19,7050,2,40,18665
3/20/2025,D33,C20,8447,2,40,25722
3/20/2025,D46,C20,12979,2,60,17887
3/20/2025,D46,C21,6513,0,0,32499
3/20/2025,D18,C21,9387,2,0,19148
3/20/2025,D35,C22,12847,5,0,13268
3/20/2025,D41,C23,11581,1,60,22235
3/20/2025,D18,C24,14977,2,0,32008
3/20/2025,D14,C25,7426,5,60,24357
3/21/2025,D42,C1,11678,1,0,27973
3/21/2025,D6,C2,7252,1,40,28114
3/21/2025,D46,C2,14794,1,60,21111
3/21/2025,D40,C3,9901,4,0,22456
3/21/2025,D19,C3,10876,5,0,21347
3/21/2025,D15,C4,12381,5,40,23029
3/21/2025,D47,C4,12950,1,0,27461
3/21/2025,D47,C5,6051,2,0,18124
3/21/2025,D41,C6,7239,2,0,22024
3/21/2025,D39,C6,14726,2,0,27644
3/21/2025,D21,C7,9046,4,0,31914
3/21/2025,D10,C8,11975,0,0,17346
3/21/2025,D29,C8,10060,1,0,21815
3/21/2025,D6,C9,14757,2,40,22372
3/21/2025,D32,C9,11989,1,0,16422
3/21/2025,D37,C10,8578,5,40,21320
3/21/2025,D2,C11,12092,1,60,23276
3/21/2025,D20,C11,8996,5,0,17724
3/21/2025,D5,C12,13979,3,60,30419
3/21/2025,D16,C13,14177,1,0,17615
3/21/2025,D30,C13,14543,4,0,24408
3/21/2025,D39,C14,11536,1,0,17961
3/21/2025,D2,C15,14366,3,0,28081
3/21/2025,D8,C15,7925,0,60,32083
3/21/2025,D16,C16,10645,2,0,27795
3/21/2025,D10,C17,14377,2,0,23957
3/21/2025,D41,C17,14087,2,0,24211
3/21/2025,D35,C18,7697,5,0,25645
3/21/2025,D13,C19,11471,0,0,25547
3/21/2025,D11,C20,6953,1,40,21293
3/21/2025,D20,C20,6709,4,0,20208
3/21/2025,D35,C21,7069,5,60,26886
3/21/2025,D2,C22,14448,3,0,18010
3/21/2025,D35,C23,10830,5,40,29797
3/21/2025,D10,C24,13674,2,0,22931
3/21/2025,D1,C24,7318,3,40,19003
3/21/2025,D25,C25,9149,0,0,16660
3/21/2025,D10,C25,8736,3,60,15529
3/22/2025,D32,C1,8208,1,0,15142
3/22/2025,D7,C2,9938,2,60,23630
3/22/2025,D40,C3,11967,5,40,27336
3/22/2025,D6,C4,7666,1,0,22916
3/22/2025,D3,C4,11013,4,0,22696
3/22/2025,D39,C5,12123,0,60,15111
3/22/2025,D12,C5,13691,3,0,21103
3/22/2025,D23,C6,9801,0,0,20823
3/22/2025,D7,C6,11538,1,40,23888
3/22/2025,D46,C7,14972,1,40,18114
3/22/2025,D5,C7,11966,3,0,31058
3/22/2025,D21,C8,7629,2,40,22909
3/22/2025,D47,C9,14023,0,40,18298
3/22/2025,D31,C9,9848,5,0,31811
3/22/2025,D10,C10,7704,5,0,27433
3/22/2025,D6,C10,7864,5,40,31959
3/22/2025,D21,C11,13169,4,0,27063
3/22/2025,D32,C11,8283,3,0,25622
3/22/2025,D9,C12,11337,0,60,20946
3/22/2025,D42,C12,10387,1,0,16785
3/22/2025,D35,C13,8963,0,0,20628
3/22/2025,D32,C13,7467,0,0,25699
3/22/2025,D34,C14,10135,3,0,24733
3/22/2025,D37,C14,11570,4,60,22633
3/22/2025,D24,C15,8020,2,60,26815
3/22/2025,D24,C16,9049,1,0,22627
3/22/2025,D8,C17,6857,3,40,25991
3/22/2025,D50,C18,6829,5,40,16819
3/22/2025,D9,C18,12955,5,0,21120
3/22/2025,D14,C19,7686,1,60,26711
3/22/2025,D48,C20,12631,5,0,29801
3/22/2025,D25,C21,6253,1,0,20528
3/22/2025,D24,C22,9921,2,0,29240
3/22/2025,D4,C22,7426,1,0,23685
3/22/2025,D39,C23,7324,2,0,29538
3/22/2025,D11,C23,6922,1,0,23779
3/22/2025,D16,C24,12547,2,40,31648
3/22/2025,D10,C25,8916,4,0,27156
3/22/2025,D49,C25,14220,5,40,26120
3/23/2025,D31,C1,13785,3,0,22945
3/23/2025,D27,C1,6778,3,0,21827
3/23/2025,D8,C2,6918,4,40,27156
3/23/2025,D10,C2,8652,5,40,25274
3/23/2025,D1,C3,13941,0,0,30140
3/23/2025,D36,C4,14935,1,60,24083
3/23/2025,D46,C4,9827,5,0,29102
3/23/2025,D28,C5,6649,3,0,19701
3/23/2025,D6,C6,11832,4,0,24800
3/23/2025,D34,C6,13699,2,40,27122
3/23/2025,D40,C7,9516,4,0,27166
3/23/2025,D4,C7,10863,1,0,29225
3/23/2025,D31,C8,14128,4,0,22650
3/23/2025,D21,C8,8286,3,60,24831
3/23/2025,D4,C9,6675,2,0,18234
3/23/2025,D13,C10,7270,4,0,15690
3/23/2025,D18,C10,10107,0,0,16402
3/23/2025,D2,C11,8599,3,60,16148
3/23/2025,D16,C11,13667,5,40,22837
3/23/2025,D14,C12,13536,1,0,24818
3/23/2025,D13,C13,13224,1,40,26274
3/23/2025,D36,C13,11732,5,0,28588
3/23/2025,D37,C14,6317,1,0,33606
3/23/2025,D3,C15,12582,0,0,26116
3/23/2025,D4,C15,9158,0,0,15308
3/23/2025,D23,C16,9354,2,60,22040
3/23/2025,D33,C17,10821,5,40,21427
3/23/2025,D13,C17,11823,0,60,19207
3/23/2025,D45,C18,9832,1,40,27618
3/23/2025,D27,C19,6532,3,0,15593
3/23/2025,D48,C19,12506,5,0,28647
3/23/2025,D38,C20,13020,1,0,22812
3/23/2025,D38,C21,13317,0,60,27617
3/23/2025,D3,C21,9887,1,0,22813
3/23/2025,D41,C22,13752,1,60,21324
3/23/2025,D44,C23,7003,3,40,24967
3/23/2025,D33,C24,10285,1,0,25570
3/23/2025,D9,C25,14339,3,60,21180
3/23/2025,D22,C25,13415,2,60,24657
3/24/2025,D46,C1,9145,3,60,13521
3/24/2025,D14,C2,13035,5,40,14445
3/24/2025,D37,C3,13733,1,0,31517
3/24/2025,D1,C4,9667,1,40,28620
3/24/2025,D32,C5,6480,3,60,25244
3/24/2025,D11,C6,11502,1,60,22818
3/24/2025,D19,C6,14884,1,0,23962
3/24/2025,D6,C7,14065,3,0,22300
3/24/2025,D5,C7,11844,3,0,19654
3/24/2025,D49,C8,11447,2,60,22048
3/24/2025,D29,C8,12357,0,40,32036
3/24/2025,D3,C9,13863,0,0,23477
3/24/2025,D24,C9,8257,1,60,24699
3/24/2025,D29,C10,10487,5,60,22131
3/24/2025,D6,C11,12643,2,0,22601
3/24/2025,D44,C11,13746,0,0,21625
3/24/2025,D48,C12,10243,2,40,23718
3/24/2025,D10,C13,11002,3,0,24203
3/24/2025,D25,C14,6840,0,0,22890
3/24/2025,D11,C14,14408,1,0,23362
3/24/2025,D25,C15,11482,5,0,24931
3/24/2025,D23,C16,11667,0,0,29918
3/24/2025,D7,C17,7901,4,60,32184
3/24/2025,D6,C17,14218,3,40,20623
3/24/2025,D13,C18,10826,0,0,21214
3/24/2025,D26,C18,14194,4,60,17502
3/24/2025,D14,C19,14291,0,0,19982
3/24/2025,D45,C19,13826,1,0,20590
3/24/2025,D3,C20,10567,1,0,16234
3/24/2025,D35,C20,11706,3,0,31884
3/24/2025,D37,C21,12514,1,0,19069
3/24/2025,D3,C21,14597,1,0,26556
3/24/2025,D31,C22,14576,1,40,25092
3/24/2025,D14,C22,10872,5,40,18510
3/24/2025,D18,C23,12972,0,0,26965
3/24/2025,D17,C23,12519,4,0,26012
3/24/2025,D18,C24,8827,4,60,26635
3/24/2025,D46,C25,14581,5,0,23674
3/24/2025,D29,C25,11315,2,40,24571
3/25/2025,D12,C1,6218,0,0,29459
3/25/2025,D4,C1,9762,1,0,18148
3/25/2025,D13,C2,7241,5,60,18227
3/25/2025,D31,C3,7951,3,0,27138
3/25/2025,D35,C3,6657,0,0,28305
3/25/2025,D45,C4,14361,4,0,26916
3/25/2025,D37,C4,13149,3,0,20528
3/25/2025,D47,C5,13374,3,60,22936
3/25/2025,D43,C6,12891,2,40,14218
3/25/2025,D47,C6,10560,4,0,20798
3/25/2025,D10,C7,11173,3,40,25039
3/25/2025,D32,C7,9601,3,40,22025
3/25/2025,D34,C8,8568,4,0,30238
3/25/2025,D47,C8,14964,3,0,23048
3/25/2025,D41,C9,9446,1,0,27407
3/25/2025,D38,C9,12263,2,0,24839
3/25/2025,D45,C10,13962,3,0,30014
3/25/2025,D35,C10,6687,5,0,24783
3/25/2025,D23,C11,6828,3,40,25778
3/25/2025,D24,C12,6554,5,0,31575
3/25/2025,D20,C13,9709,0,40,23510
3/25/2025,D45,C14,9509,5,0,24084
3/25/2025,D27,C15,14022,5,60,15995
3/25/2025,D23,C15,9288,5,40,16497
3/25/2025,D12,C16,13590,1,0,19965
3/25/2025,D12,C17,9913,1,60,19677
3/25/2025,D36,C17,10750,5,0,23136
3/25/2025,D19,C18,9470,4,40,32915
3/25/2025,D43,C18,7117,2,0,18483
3/25/2025,D6,C19,13188,1,0,22947
3/25/2025,D42,C20,12707,1,0,17719
3/25/2025,D32,C21,7807,0,0,24721
3/25/2025,D33,C22,7853,1,0,19949
3/25/2025,D38,C22,14284,2,40,23641
3/25/2025,D14,C23,7810,5,0,26330
3/25/2025,D15,C23,11219,2,0,24672
3/25/2025,D13,C24,6138,3,0,24807
3/25/2025,D23,C25,8551,4,60,22541
3/26/2025,D42,C1,14514,0,0,22422
3/26/2025,D46,C1,11247,5,0,28597
3/26/2025,D33,C2,13756,0,0,25177
3/26/2025,D20,C3,7576,5,0,27131
3/26/2025,D27,C3,9107,2,60,23892
3/26/2025,D1,C4,10455,5,0,25876
3/26/2025,D34,C5,7189,4,0,24005
3/26/2025,D48,C5,10344,1,60,22432
3/26/2025,D16,C6,10286,0,0,14823
3/26/2025,D36,C6,13884,2,40,16309
3/26/2025,D37,C7,11959,4,0,18594
3/26/2025,D47,C8,10142,2,40,26162
3/26/2025,D12,C8,8440,3,0,17666
3/26/2025,D15,C9,6572,0,0,32016
3/26/2025,D7,C9,7682,5,40,26397
3/26/2025,D49,C10,6981,5,0,26404
3/26/2025,D41,C10,11221,4,0,21277
3/26/2025,D14,C11,9956,3,0,22257
3/26/2025,D6,C11,7055,5,60,23793
3/26/2025,D2,C12,14819,1,0,18008
3/26/2025,D2,C13,10035,1,60,24360
3/26/2025,D48,C13,14735,0,60,24857
3/26/2025,D16,C14,7290,4,0,32912
3/26/2025,D13,C15,9722,4,40,23613
3/26/2025,D35,C15,13156,4,0,22676
3/26/2025,D43,C16,11863,2,40,30352
3/26/2025,D4,C16,9346,4,0,24295
3/26/2025,D41,C17,10632,5,40,16068
3/26/2025,D30,C18,11820,2,0,21407
3/26/2025,D10,C19,11650,1,60,18067
3/26/2025,D6,C20,9521,0,0,28105
3/26/2025,D14,C21,14894,1,0,22191
3/26/2025,D26,C21,11626,2,60,15898
3/26/2025,D5,C22,7218,4,60,16556
3/26/2025,D32,C22,9115,4,0,25396
3/26/2025,D21,C23,13309,5,0,27902
3/26/2025,D41,C23,9545,0,0,28950
3/26/2025,D20,C24,13796,5,60,20319
3/26/2025,D8,C25,10275,0,0,27163
3/27/2025,D40,C1,14469,4,0,23147
3/27/2025,D39,C1,10575,4,0,19414
3/27/2025,D13,C2,9218,1,0,21928
3/27/2025,D34,C3,10745,1,40,23381
3/27/2025,D24,C4,6883,5,40,22908
3/27/2025,D21,C5,13975,0,60,19361
3/27/2025,D47,C6,11156,2,0,22060
3/27/2025,D18,C7,9483,4,0,17942
3/27/2025,D31,C7,6041,3,60,27878
3/27/2025,D48,C8,11745,0,40,23691
3/27/2025,D32,C8,12053,5,0,24389
3/27/2025,D12,C9,6242,1,0,33672
3/27/2025,D13,C9,6469,4,0,27515
3/27/2025,D11,C10,9404,3,0,27527
3/27/2025,D14,C10,8936,3,40,23807
3/27/2025,D39,C11,13362,4,40,23715
3/27/2025,D48,C11,8202,2,60,26653
3/27/2025,D28,C12,12279,1,0,24612
3/27/2025,D13,C12,13759,3,60,20164
3/27/2025,D11,C13,8057,2,0,14324
3/27/2025,D3,C13,6411,2,0,32960
3/27/2025,D39,C14,8303,5,60,25109
3/27/2025,D42,C14,12875,5,0,22569
3/27/2025,D12,C15,14262,1,0,25770
3/27/2025,D12,C16,7540,0,40,19911
3/27/2025,D23,C16,10652,2,0,21126
3/27/2025,D10,C17,14219,3,0,26006
3/27/2025,D50,C17,12527,1,40,31786
3/27/2025,D46,C18,14604,1,0,25668
3/27/2025,D37,C19,6204,1,0,16673
3/27/2025,D21,C19,12368,2,0,25228
3/27/2025,D19,C20,9679,2,40,27188
3/27/2025,D39,C20,8405,3,60,29641
3/27/2025,D37,C21,12950,4,0,22184
3/27/2025,D21,C22,6481,3,0,29144
3/27/2025,D13,C22,9882,2,0,22923
3/27/2025,D3,C23,7905,4,40,21650
3/27/2025,D18,C23,9106,0,0,20392
3/27/2025,D39,C24,7176,1,60,28053
3/27/2025,D37,C25,7223,4,60,17917
3/28/2025,D42,C1,13130,1,0,25032
3/28/2025,D19,C2,14187,5,0,24968
3/28/2025,D9,C2,12527,0,40,23559
3/28/2025,D42,C3,14449,3,0,23930
3/28/2025,D2,C3,7808,4,0,24623
3/28/2025,D18,C4,9493,4,0,32180
3/28/2025,D21,C4,13925,3,0,30462
3/28/2025,D32,C5,7722,0,60,19282
3/28/2025,D40,C5,6684,3,40,20212
3/28/2025,D42,C6,11803,0,0,16109
3/28/2025,D8,C6,11806,1,0,20914
3/28/2025,D15,C7,11224,2,0,32824
3/28/2025,D7,C8,10550,4,0,21563
3/28/2025,D11,C9,8996,1,60,24776
3/28/2025,D35,C10,13123,4,40,20796
3/28/2025,D1,C10,6721,4,0,33237
3/28/2025,D4,C11,9549,3,40,14596
3/28/2025,D17,C12,6748,1,60,24140
3/28/2025,D45,C13,11398,1,0,29465
3/28/2025,D11,C13,13884,1,60,27143
3/28/2025,D9,C14,8639,4,0,17698
3/28/2025,D41,C15,6196,4,60,23944
3/28/2025,D29,C15,10314,4,0,33048
3/28/2025,D43,C16,6665,5,0,21075
3/28/2025,D32,C16,8007,4,0,25850
3/28/2025,D6,C17,12552,5,0,15218
3/28/2025,D23,C18,7059,1,0,28833
3/28/2025,D45,C19,10571,1,0,21222
3/28/2025,D4,C20,11042,0,0,15289
3/28/2025,D14,C20,14903,4,0,26645
3/28/2025,D32,C21,13780,0,60,15945
3/28/2025,D38,C22,11720,2,40,26615
3/28/2025,D46,C23,10506,3,0,24102
3/28/2025,D30,C23,12562,4,60,28369
3/28/2025,D15,C24,10325,0,40,25497
3/28/2025,D29,C25,12539,1,60,20871
3/28/2025,D40,C25,14371,2,40,18227
3/29/2025,D5,C1,10789,3,0,30220
3/29/2025,D44,C2,6040,2,0,27174
3/29/2025,D30,C3,11913,4,0,18684
3/29/2025,D16,C4,12310,3,0,26835
3/29/2025,D18,C5,8206,1,0,24386
3/29/2025,D23,C6,14594,1,0,32860
3/29/2025,D17,C6,11738,5,60,18701
3/29/2025,D10,C7,9767,1,0,27486
3/29/2025,D4,C8,6514,1,0,30950
3/29/2025,D29,C8,13953,3,60,24396
3/29/2025,D47,C9,7516,1,40,23024
3/29/2025,D28,C9,7012,2,0,23210
3/29/2025,D39,C10,11173,2,0,23353
3/29/2025,D7,C11,14032,0,0,28206
3/29/2025,D44,C11,14508,0,0,33046
3/29/2025,D4,C12,8047,0,0,24013
3/29/2025,D16,C13,8936,5,40,24794
3/29/2025,D5,C13,13842,1,0,27593
3/29/2025,D26,C14,11654,0,40,27946
3/29/2025,D7,C14,12150,3,40,21616
3/29/2025,D14,C15,10956,5,0,24147
3/29/2025,D47,C16,12828,0,0,23583
3/29/2025,D1,C16,14532,5,0,24471
3/29/2025,D45,C17,8193,2,0,31067
3/29/2025,D16,C17,12125,5,0,16225
3/29/2025,D12,C18,12867,4,40,29493
3/29/2025,D1,C19,6339,2,60,29004
3/29/2025,D22,C20,8667,2,0,23879
3/29/2025,D2,C20,8570,3,60,30453
3/29/2025,D44,C21,11865,2,40,21738
3/29/2025,D31,C22,7082,4,40,32239
3/29/2025,D38,C22,14300,2,0,24789
3/29/2025,D8,C23,10180,2,60,29498
3/29/2025,D3,C23,14613,4,0,27058
3/29/2025,D34,C24,11545,4,40,16093
3/29/2025,D50,C25,11323,4,40,24770
3/30/2025,D48,C1,6553,5,60,19102
3/30/2025,D22,C1,10084,4,40,20843
3/30/2025,D43,C2,7982,4,60,26445
3/30/2025,D32,C2,12553,4,0,22212
3/30/2025,D20,C3,8775,3,0,24474
3/30/2025,D46,C3,6427,0,0,27251
3/30/2025,D10,C4,6742,2,40,20736
3/30/2025,D23,C5,11213,1,60,23630
3/30/2025,D37,C6,10493,4,0,20311
3/30/2025,D14,C7,10838,1,40,23539
3/30/2025,D48,C7,8299,1,60,28365
3/30/2025,D18,C8,8016,1,0,33926
3/30/2025,D17,C9,12130,1,40,13569
3/30/2025,D26,C10,9090,3,60,15047
3/30/2025,D38,C10,7739,0,60,20763
3/30/2025,D38,C11,6138,0,40,21595
3/30/2025,D28,C12,12238,2,0,23469
3/30/2025,D19,C13,12098,5,0,25536
3/30/2025,D8,C13,14708,1,0,23793
3/30/2025,D44,C14,9488,2,60,24330
3/30/2025,D10,C14,10368,3,40,24161
3/30/2025,D32,C15,6693,3,0,20111
3/30/2025,D19,C15,8200,4,0,28905
3/30/2025,D14,C16,10134,4,60,25162
3/30/2025,D32,C17,11873,4,60,25599
3/30/2025,D23,C18,6185,0,40,24500
3/30/2025,D43,C18,6143,4,60,23487
3/30/2025,D23,C19,13464,4,0,16971
3/30/2025,D6,C20,12353,3,0,25865
3/30/2025,D47,C21,14131,5,0,24440
3/30/2025,D19,C22,6532,5,40,32220
3/30/2025,D23,C23,14009,2,40,25576
3/30/2025,D16,C23,6723,0,0,29634
3/30/2025,D17,C24,11250,4,40,21888
3/30/2025,D12,C25,7247,2,0,25218
3/30/2025,D37,C25,13021,1,0,16359
3/31/2025,D17,C1,8101,1,40,21240
3/31/2025,D20,C2,10597,5,0,29063
3/31/2025,D37,C3,6439,2,60,30837
3/31/2025,D41,C3,14831,2,0,20564
3/31/2025,D9,C4,9554,5,40,18459
3/31/2025,D33,C5,14162,5,60,20667
3/31/2025,D44,C5,7092,1,0,22858
3/31/2025,D30,C6,12001,4,0,29804
3/31/2025,D27,C6,12373,3,0,31621
3/31/2025,D6,C7,9857,0,0,18697
3/31/2025,D49,C7,9240,5,40,18407
3/31/2025,D9,C8,9228,5,0,25224
3/31/2025,D40,C8,12536,1,0,23767
3/31/2025,D26,C9,12317,0,0,16464
3/31/2025,D49,C10,14352,4,60,31698
3/31/2025,D34,C10,13242,5,0,16727
3/31/2025,D42,C11,7164,5,40,30954
3/31/2025,D7,C11,7673,2,40,22478
3/31/2025,D45,C12,11957,1,0,21128
3/31/2025,D22,C12,9359,2,60,24188
3/31/2025,D34,C13,6532,1,0,28711
3/31/2025,D15,C14,13440,0,40,17631
3/31/2025,D41,C15,6787,2,0,18014
3/31/2025,D20,C15,9580,3,0,17752
3/31/2025,D8,C16,13311,3,60,23775
3/31/2025,D39,C17,13047,4,0,16065
3/31/2025,D16,C18,13813,2,60,22602
3/31/2025,D2,C19,9769,5,0,20780
3/31/2025,D33,C19,7484,0,0,22416
3/31/2025,D26,C20,12686,0,60,31068
3/31/2025,D31,C20,10530,1,0,23082
3/31/2025,D43,C21,8701,3,40,23611
3/31/2025,D40,C21,7910,4,60,21395
3/31/2025,D10,C22,9656,5,0,26411
3/31/2025,D33,C23,6091,3,0,26881
3/31/2025,D31,C24,11637,5,40,27243
3/31/2025,D19,C24,11174,1,0,20207
3/31/2025,D43,C25,6620,5,40,28914
3/31/2025,D18,C25,10418,5,0,23499
